Title,Source,Time,Link
Ciclone Yakecan chega ao RS com vento muito intenso e risco de danos,Metrópoles,17 de mai. de 2022,https://news.google.com/articles/CBMiZmh0dHBzOi8vd3d3Lm1ldHJvcG9sZXMuY29tL2JyYXNpbC9jaWNsb25lLXlha2VjYW4tY2hlZ2EtYW8tcnMtY29tLXZlbnRvLW11aXRvLWludGVuc28tZS1yaXNjby1kZS1kYW5vc9IBAA?hl=pt-BR&gl=BR&ceid=BR%3Apt-419
"Em meio a frio intenso, SC registra primeira neve em 2022. Veja vídeo",Metrópoles,17 de mai. de 2022,https://news.google.com/articles/CBMiZWh0dHBzOi8vd3d3Lm1ldHJvcG9sZXMuY29tL2JyYXNpbC9lbS1tZWlvLWEtZnJpby1pbnRlbnNvLXNjLXJlZ2lzdHJhLXByaW1laXJhLW5ldmUtZW0tMjAyMi12ZWphLXZpZGVv0gEA?hl=pt-BR&gl=BR&ceid=BR%3Apt-419
Prejuízo milionário: balada que naufragou pertencia a Alvaro Garnero,Metrópoles,10 de ago. de 2022,https://news.google.com/articles/CBMib2h0dHBzOi8vd3d3Lm1ldHJvcG9sZXMuY29tL2NvbHVuYXMvbGVvLWRpYXMvcHJlanVpem8tbWlsaW9uYXJpby1iYWxhZGEtcXVlLW5hdWZyYWdvdS1wZXJ0ZW5jaWEtYS1hbHZhcm8tZ2FybmVyb9IBAA?hl=pt-BR&gl=BR&ceid=BR%3Apt-419
"Com chegada de ciclone, cidades registram madrugada mais fria do ano",Metrópoles,18 de mai. de 2022,https://news.google.com/articles/CBMiZWh0dHBzOi8vd3d3Lm1ldHJvcG9sZXMuY29tL2JyYXNpbC9jaWRhZGVzLXJlZ2lzdHJhbS1tYWRydWdhZGEtbWFpcy1mcmlhLWRvLWFuby1uZXZlLWUtY2ljbG9uZS1lbnRlbmRh0gEA?hl=pt-BR&gl=BR&ceid=BR%3Apt-419
Municípios do RS suspendem aulas devido a ciclone que atinge estado,Metrópoles,17 de mai. de 2022,https://news.google.com/articles/CBMiZWh0dHBzOi8vd3d3Lm1ldHJvcG9sZXMuY29tL2JyYXNpbC9tdW5pY2lwaW9zLWRvLXJzLXN1c3BlbmRlbS1hdWxhcy1kZXZpZG8tYS1jaWNsb25lLXF1ZS1hdGluZ2UtZXN0YWRv0gEA?hl=pt-BR&gl=BR&ceid=BR%3Apt-419
Veja os principais desastres causados por chuvas em 2022 no Brasil,Metrópoles,4 de dez. de 2022,https://news.google.com/articles/CBMiZGh0dHBzOi8vd3d3Lm1ldHJvcG9sZXMuY29tL2JyYXNpbC92ZWphLW9zLXByaW5jaXBhaXMtZGVzYXN0cmVzLWNhdXNhZG9zLXBvci1jaHV2YXMtZW0tMjAyMi1uby1icmFzaWzSAQA?hl=pt-BR&gl=BR&ceid=BR%3Apt-419
Ciclone Yakecan vira tempestade e avança rumo a SP e RJ,Metrópoles,19 de mai. de 2022,https://news.google.com/articles/CBMiWWh0dHBzOi8vd3d3Lm1ldHJvcG9sZXMuY29tL2JyYXNpbC9jaWNsb25lLXlha2VjYW4tdmlyYS10ZW1wZXN0YWRlLWUtYXZhbmNhLXJ1bW8tYS1zcC1lLXJq0gEA?hl=pt-BR&gl=BR&ceid=BR%3Apt-419
"""Tempestade de espuma"" atinge costa do Uruguai; veja imagens",Metrópoles,18 de mai. de 2022,https://news.google.com/articles/CBMiYGh0dHBzOi8vd3d3Lm1ldHJvcG9sZXMuY29tL211bmRvL2NsaW1hL3RlbXBlc3RhZGUtZGUtZXNwdW1hLWF0aW5nZS1jb3N0YS1kby11cnVndWFpLXZlamEtaW1hZ2Vuc9IBAA?hl=pt-BR&gl=BR&ceid=BR%3Apt-419
"Adão Negro contempla a história de todos os personagens, diz elenco",Metrópoles,11 de out. de 2022,https://news.google.com/articles/CBMic2h0dHBzOi8vd3d3Lm1ldHJvcG9sZXMuY29tL2VudHJldGVuaW1lbnRvL2NpbmVtYS9hZGFvLW5lZ3JvLWNvbnRlbXBsYS1hLWhpc3RvcmlhLWRlLXRvZG9zLW9zLXBlcnNvbmFnZW5zLWRpei1lbGVuY2_SAQA?hl=pt-BR&gl=BR&ceid=BR%3Apt-419
Ciclone bomba deve se formar na Argentina. Brasil terá frente fria,Metrópoles,26 de abr. de 2022,https://news.google.com/articles/CBMiYmh0dHBzOi8vd3d3Lm1ldHJvcG9sZXMuY29tL211bmRvL2NpY2xvbmUtYm9tYmEtZGV2ZS1zZS1mb3JtYXItbmEtYXJnZW50aW5hLWJyYXNpbC10ZXJhLWZyZW50ZS1mcmlh0gEA?hl=pt-BR&gl=BR&ceid=BR%3Apt-419
"Chuva e ciclone causam deslizamentos, alagamentos e estragos em SC",Metrópoles,10 de ago. de 2022,https://news.google.com/articles/CBMiY2h0dHBzOi8vd3d3Lm1ldHJvcG9sZXMuY29tL2JyYXNpbC9jaHV2YS1lLWNpY2xvbmUtY2F1c2FtLWRlc2xpemFtZW50b3MtYWxhZ2FtZW50b3MtZS1lc3RyYWdvcy1lbS1zY9IBAA?hl=pt-BR&gl=BR&ceid=BR%3Apt-419
"Vórtice de ciclone alcança o RS com nuvens, frio e ventos fortes",Metrópoles,25 de mar. de 2022,https://news.google.com/articles/CBMiYWh0dHBzOi8vd3d3Lm1ldHJvcG9sZXMuY29tL2JyYXNpbC92b3J0aWNlLWRlLWNpY2xvbmUtYWxjYW5jYS1vLXJzLWNvbS1udXZlbnMtZnJpby1lLXZlbnRvcy1mb3J0ZXPSAQA?hl=pt-BR&gl=BR&ceid=BR%3Apt-419
"Frio dos EUA não contradiz aquecimento global, explica meteorologista",Metrópoles,24 de dez. de 2022,https://news.google.com/articles/CBMiZWh0dHBzOi8vd3d3Lm1ldHJvcG9sZXMuY29tL211bmRvL2ZyaW8tZG9zLWV1YS1uYW8tY29udHJhZGl6LWFxdWVjaW1lbnRvLWdsb2JhbC1leHBsaWNhLW1ldGVvcm9sb2dpc3Rh0gEA?hl=pt-BR&gl=BR&ceid=BR%3Apt-419
Ciclone se intensifica e ventos podem chegar a 100 km/h no Sul do país,Metrópoles,16 de mai. de 2022,https://news.google.com/articles/CBMiaGh0dHBzOi8vd3d3Lm1ldHJvcG9sZXMuY29tL2JyYXNpbC9jaWNsb25lLXNlLWludGVuc2lmaWNhLWUtdmVudG9zLXBvZGVtLWNoZWdhci1hLTEwMC1rbS1oLW5vLXN1bC1kby1wYWlz0gEA?hl=pt-BR&gl=BR&ceid=BR%3Apt-419
"""Prédio do Neymar"" balança com ventos do ciclone em SC. Veja vídeo",Metrópoles,10 de ago. de 2022,https://news.google.com/articles/CBMiYWh0dHBzOi8vd3d3Lm1ldHJvcG9sZXMuY29tL2JyYXNpbC9wcmVkaW8tZG8tbmV5bWFyLWJhbGFuY2EtY29tLXZlbnRvcy1kby1jaWNsb25lLWVtLXNjLXZlamEtdmlkZW_SAQA?hl=pt-BR&gl=BR&ceid=BR%3Apt-419
Ciclone extratropical gera fortes ventos e frio em RJ e SP,Metrópoles,10 de ago. de 2022,https://news.google.com/articles/CBMiXGh0dHBzOi8vd3d3Lm1ldHJvcG9sZXMuY29tL2JyYXNpbC9jaWNsb25lLWV4dHJhdHJvcGljYWwtZ2VyYS1mb3J0ZXMtdmVudG9zLWUtZnJpby1lbS1yai1lLXNw0gEA?hl=pt-BR&gl=BR&ceid=BR%3Apt-419
Adão Negro ganha data de estreia na HBO Max,Metrópoles,9 de dez. de 2022,https://news.google.com/articles/CBMiXGh0dHBzOi8vd3d3Lm1ldHJvcG9sZXMuY29tL2VudHJldGVuaW1lbnRvL2NpbmVtYS9hZGFvLW5lZ3JvLWdhbmhhLWRhdGEtZGUtZXN0cmVpYS1uYS1oYm8tbWF40gEA?hl=pt-BR&gl=BR&ceid=BR%3Apt-419
Meteorologista explica espuma que invadiu costa uruguaia,Metrópoles,19 de mai. de 2022,https://news.google.com/articles/CBMiWWh0dHBzOi8vd3d3Lm1ldHJvcG9sZXMuY29tL211bmRvL21ldGVvcm9sb2dpc3RhLWV4cGxpY2EtZXNwdW1hLXF1ZS1pbnZhZGl1LWNvc3RhLXVydWd1YWlh0gEA?hl=pt-BR&gl=BR&ceid=BR%3Apt-419
Temporal inunda ruas e hospital em Porto Alegre; veja vídeos,Metrópoles,27 de jan. de 2022,https://news.google.com/articles/CBMiXWh0dHBzOi8vd3d3Lm1ldHJvcG9sZXMuY29tL2JyYXNpbC90ZW1wb3JhbC1pbnVuZGEtcnVhcy1lLWhvc3BpdGFsLWVtLXBvcnRvLWFsZWdyZS12ZWphLXZpZGVvc9IBAA?hl=pt-BR&gl=BR&ceid=BR%3Apt-419
Entenda o que são os tornados que atingiram o DF neste fim de semana,Metrópoles,18 de set. de 2022,https://news.google.com/articles/CBMicGh0dHBzOi8vd3d3Lm1ldHJvcG9sZXMuY29tL2Rpc3RyaXRvLWZlZGVyYWwvZW50ZW5kYS1vLXF1ZS1zYW8tb3MtdG9ybmFkb3MtcXVlLWF0aW5naXJhbS1vLWRmLW5lc3RlLWZpbS1kZS1zZW1hbmHSAQA?hl=pt-BR&gl=BR&ceid=BR%3Apt-419
Vídeos. Tempestade Yakecan provoca ondas gigantes e alagamentos no Rio,Metrópoles,20 de mai. de 2022,https://news.google.com/articles/CBMiZ2h0dHBzOi8vd3d3Lm1ldHJvcG9sZXMuY29tL2JyYXNpbC92aWRlb3MtdGVtcGVzdGFkZS15YWtlY2FuLXByb3ZvY2Etb25kYXMtZ2lnYW50ZXMtZS1hbGFnYW1lbnRvcy1uby1yaW_SAQA?hl=pt-BR&gl=BR&ceid=BR%3Apt-419
Vídeo: neve em Minas? Estrada coberta de gelo surpreende motoristas,Metrópoles,3 de out. de 2022,https://news.google.com/articles/CBMiY2h0dHBzOi8vd3d3Lm1ldHJvcG9sZXMuY29tL2JyYXNpbC92aWRlby1uZXZlLWVtLW1pbmFzLWVzdHJhZGEtY29iZXJ0YS1kZS1nZWxvLXN1cnByZWVuZGUtbW90b3Jpc3Rhc9IBAA?hl=pt-BR&gl=BR&ceid=BR%3Apt-419
Crítica: Adão Negro é uma boa introdução de uma nova fase da DC Comics,Metrópoles,20 de out. de 2022,https://news.google.com/articles/CBMidmh0dHBzOi8vd3d3Lm1ldHJvcG9sZXMuY29tL2VudHJldGVuaW1lbnRvL2NpbmVtYS9jcml0aWNhLWFkYW8tbmVncm8tZS11bWEtYm9hLWludHJvZHVjYW8tZGUtdW1hLW5vdmEtZmFzZS1kYS1kYy1jb21pY3PSAQA?hl=pt-BR&gl=BR&ceid=BR%3Apt-419
"Nevasca em Nova York tem cenas que lembram ""O Dia Depois de Amanhã""",Metrópoles,26 de dez. de 2022,https://news.google.com/articles/CBMiYmh0dHBzOi8vd3d3Lm1ldHJvcG9sZXMuY29tL211bmRvL25ldmFzY2EtZW0tbm92YS15b3JrLXRlbS1jZW5hcy1xdWUtbGVtYnJhbS1vLWRpYS1kZXBvaXMtZGUtYW1hbmhh0gEA?hl=pt-BR&gl=BR&ceid=BR%3Apt-419
Mudanças climáticas: periferias são as mais afetadas em épocas de chuva,Metrópoles,4 de dez. de 2022,https://news.google.com/articles/CBMifWh0dHBzOi8vd3d3Lm1ldHJvcG9sZXMuY29tL2JyYXNpbC9tZWlvLWFtYmllbnRlLWJyYXNpbC9tdWRhbmNhcy1jbGltYXRpY2FzLXBlcmlmZXJpYXMtc2FvLWFzLW1haXMtYWZldGFkYXMtZW0tZXBvY2FzLWRlLWNodXZh0gEA?hl=pt-BR&gl=BR&ceid=BR%3Apt-419
As cidades paulistas que devem ter geada a partir desta quarta (17/5),Metrópoles,17 de mai. de 2022,https://news.google.com/articles/CBMiXmh0dHBzOi8vd3d3Lm1ldHJvcG9sZXMuY29tL2JyYXNpbC9jaWRhZGVzLXBhdWxpc3Rhcy1kZXZlbS10ZXItZ2VhZGEtYS1wYXJ0aXItZGVzdGEtcXVhcnRhLTE3LTXSAQA?hl=pt-BR&gl=BR&ceid=BR%3Apt-419
"João Doria, mais isolado, não vai à sede do PSDB e reunião é adiada",Metrópoles,18 de mai. de 2022,https://news.google.com/articles/CBMicWh0dHBzOi8vd3d3Lm1ldHJvcG9sZXMuY29tL2JyYXNpbC9lbGVpY29lcy0yMDIyL2pvYW8tZG9yaWEtbWFpcy1pc29sYWRvLW5hby12YWktYS1zZWRlLWRvLXBzZGItZS1yZXVuaWFvLWUtYWRpYWRh0gEA?hl=pt-BR&gl=BR&ceid=BR%3Apt-419
"Pessoas podem congelar na rua, alertam meteorologistas dos EUA",Metrópoles,22 de dez. de 2022,https://news.google.com/articles/CBMiXmh0dHBzOi8vd3d3Lm1ldHJvcG9sZXMuY29tL211bmRvL3Blc3NvYXMtcG9kZW0tY29uZ2VsYXItbmEtcnVhLWFsZXJ0YW0tbWV0ZW9yb2xvZ2lzdGFzLWRvcy1ldWHSAQA?hl=pt-BR&gl=BR&ceid=BR%3Apt-419
Vídeo: outdoor desaba com a força do vento e carro escapa por pouco,Metrópoles,10 de ago. de 2022,https://news.google.com/articles/CBMiZGh0dHBzOi8vd3d3Lm1ldHJvcG9sZXMuY29tL2JyYXNpbC92aWRlby1vdXRkb29yLWRlc2FiYS1jb20tYS1mb3JjYS1kby12ZW50by1lLWNhcnJvLWVzY2FwYS1wb3ItcG91Y2_SAQA?hl=pt-BR&gl=BR&ceid=BR%3Apt-419
Hospital emite nota e finalmente descobre o que há com Virgínia,Metrópoles,18 de mai. de 2022,https://news.google.com/articles/CBMia2h0dHBzOi8vd3d3Lm1ldHJvcG9sZXMuY29tL2NvbHVuYXMvbGVvLWRpYXMvaG9zcGl0YWwtZW1pdGUtbm90YS1lLWZpbmFsbWVudGUtZGVzY29icmUtby1xdWUtaGEtY29tLXZpcmdpbmlh0gEA?hl=pt-BR&gl=BR&ceid=BR%3Apt-419
Espírito Santo pode ter recorde de frio do ano na Semana Santa,Metrópoles,12 de abr. de 2022,https://news.google.com/articles/CBMiYGh0dHBzOi8vd3d3Lm1ldHJvcG9sZXMuY29tL2JyYXNpbC9lc3Bpcml0by1zYW50by1wb2RlLXRlci1yZWNvcmRlLWRlLWZyaW8tZG8tYW5vLW5hLXNlbWFuYS1zYW50YdIBAA?hl=pt-BR&gl=BR&ceid=BR%3Apt-419
Finlândia e Suécia formalizam pedidos de adesão à Otan,Metrópoles,18 de mai. de 2022,https://news.google.com/articles/CBMiV2h0dHBzOi8vd3d3Lm1ldHJvcG9sZXMuY29tL211bmRvL2ZpbmxhbmRpYS1lLXN1ZWNpYS1mb3JtYWxpemFtLXBlZGlkb3MtZGUtYWRlc2FvLWEtb3RhbtIBAA?hl=pt-BR&gl=BR&ceid=BR%3Apt-419
Cinema e streaming: veja as estreias desta semana (20/10 a 26/10),Metrópoles,20 de out. de 2022,https://news.google.com/articles/CBMib2h0dHBzOi8vd3d3Lm1ldHJvcG9sZXMuY29tL2VudHJldGVuaW1lbnRvL2NpbmVtYS9jaW5lbWEtZS1zdHJlYW1pbmctdmVqYS1hcy1lc3RyZWlhcy1kZXN0YS1zZW1hbmEtMjAtMTAtYS0yNi0xMNIBAA?hl=pt-BR&gl=BR&ceid=BR%3Apt-419
Fotos: regiões de SC amanhecem com temperaturas negativas e geada,Metrópoles,20 de ago. de 2022,https://news.google.com/articles/CBMiYmh0dHBzOi8vd3d3Lm1ldHJvcG9sZXMuY29tL2JyYXNpbC9mb3Rvcy1yZWdpb2VzLWRlLXNjLWFtYW5oZWNlbS1jb20tdGVtcGVyYXR1cmFzLW5lZ2F0aXZhcy1lLWdlYWRh0gEA?hl=pt-BR&gl=BR&ceid=BR%3Apt-419
Aves caem do céu e animais não resistem ao calor na Índia,Metrópoles,12 de mai. de 2022,https://news.google.com/articles/CBMiWmh0dHBzOi8vd3d3Lm1ldHJvcG9sZXMuY29tL211bmRvL2F2ZXMtY2FlbS1kby1jZXUtZS1hbmltYWlzLW5hby1yZXNpc3RlbS1hby1jYWxvci1uYS1pbmRpYdIBAA?hl=pt-BR&gl=BR&ceid=BR%3Apt-419
"Vídeo: ""Comum no verão"", diz especialista sobre ""nuvem atômica"" no DF",Metrópoles,19 de jan. de 2022,https://news.google.com/articles/CBMia2h0dHBzOi8vd3d3Lm1ldHJvcG9sZXMuY29tL2Rpc3RyaXRvLWZlZGVyYWwvdmlkZW8tY29tdW0tbm8tdmVyYW8tZGl6LWVzcGVjaWFsaXN0YS1zb2JyZS1udXZlbS1hdG9taWNhLW5vLWRm0gEA?hl=pt-BR&gl=BR&ceid=BR%3Apt-419
Homem em situação de rua morre de hipotermia após madrugada fria em SP,Metrópoles,21 de ago. de 2022,https://news.google.com/articles/CBMiaGh0dHBzOi8vd3d3Lm1ldHJvcG9sZXMuY29tL2JyYXNpbC9ob21lbS1lbS1zaXR1YWNhby1kZS1ydWEtbW9ycmUtZGUtaGlwb3Rlcm1pYS1hcG9zLW1hZHJ1Z2FkYS1mcmlhLWVtLXNw0gEA?hl=pt-BR&gl=BR&ceid=BR%3Apt-419
Baixas temperaturas: até quando deve durar o frio intenso no país?,Metrópoles,20 de mai. de 2022,https://news.google.com/articles/CBMiYmh0dHBzOi8vd3d3Lm1ldHJvcG9sZXMuY29tL2JyYXNpbC9iYWl4YXMtdGVtcGVyYXR1cmFzLWF0ZS1xdWFuZG8tZGV2ZS1kdXJhci1vLWZyaW8taW50ZW5zby1uby1wYWlz0gEA?hl=pt-BR&gl=BR&ceid=BR%3Apt-419
Universitário do DF cria estação meteorológica que prevê chuva em 24h,Metrópoles,30 de mai. de 2022,https://news.google.com/articles/CBMicWh0dHBzOi8vd3d3Lm1ldHJvcG9sZXMuY29tL2Rpc3RyaXRvLWZlZGVyYWwvdW5pdmVyc2l0YXJpby1kby1kZi1jcmlhLWVzdGFjYW8tbWV0ZW9yb2xvZ2ljYS1xdWUtcHJldmUtY2h1dmEtZW0tMjRo0gEA?hl=pt-BR&gl=BR&ceid=BR%3Apt-419
Presentes de casamento de Lula e Janja deixam convidados preocupados,Metrópoles,18 de mai. de 2022,https://news.google.com/articles/CBMidGh0dHBzOi8vd3d3Lm1ldHJvcG9sZXMuY29tL2NvbHVuYXMvaWdvci1nYWRlbGhhL3ByZXNlbnRlcy1kZS1jYXNhbWVudG8tZGUtbHVsYS1lLWphbmphLWRlaXhhbS1jb252aWRhZG9zLXByZW9jdXBhZG9z0gEA?hl=pt-BR&gl=BR&ceid=BR%3Apt-419
Vídeo: tempestade e rajadas de vento derrubam parte de obra em igreja no DF,Metrópoles,19 de set. de 2022,https://news.google.com/articles/CBMicGh0dHBzOi8vd3d3Lm1ldHJvcG9sZXMuY29tL2Rpc3RyaXRvLWZlZGVyYWwvdmlkZW8tdGVtcGVzdGFkZS1lLXJhamFkYXMtZGUtdmVudG8tZGVycnViYW0tcmVmb3JtYS1lbS1pZ3JlamEtbm8tZGbSAQA?hl=pt-BR&gl=BR&ceid=BR%3Apt-419
Nutricionista indica cinco bebidas quentes que ajudam a emagrecer,Metrópoles,19 de mai. de 2022,https://news.google.com/articles/CBMic2h0dHBzOi8vd3d3Lm1ldHJvcG9sZXMuY29tL3ZpZGEtZS1lc3RpbG8vbnV0cmljYW8vbnV0cmljaW9uaXN0YS1pbmRpY2EtY2luY28tYmViaWRhcy1xdWVudGVzLXF1ZS1hanVkYW0tYS1lbWFncmVjZXLSAQA?hl=pt-BR&gl=BR&ceid=BR%3Apt-419
"Após deslizamento de pedras, Estrada de Furnas é liberada no Rio",Metrópoles,22 de nov. de 2022,https://news.google.com/articles/CBMiYWh0dHBzOi8vd3d3Lm1ldHJvcG9sZXMuY29tL2JyYXNpbC9hcG9zLWRlc2xpemFtZW50by1kZS1wZWRyYXMtZXN0cmFkYS1kZS1mdXJuYXMtZS1saWJlcmFkYS1uby1yaW_SAQA?hl=pt-BR&gl=BR&ceid=BR%3Apt-419
Cristais de gelo sobre carros e geadas. Veja imagens do frio em Goiás,Metrópoles,19 de mai. de 2022,https://news.google.com/articles/CBMiZmh0dHBzOi8vd3d3Lm1ldHJvcG9sZXMuY29tL2JyYXNpbC9jcmlzdGFpcy1kZS1nZWxvLXNvYnJlLWNhcnJvcy1lLWdlYWRhcy12ZWphLWltYWdlbnMtZG8tZnJpby1lbS1nb2lhc9IBAA?hl=pt-BR&gl=BR&ceid=BR%3Apt-419
Geada e temperatura abaixo de 3°C marcam amanhecer em São Joaquim (SC),Metrópoles,9 de mai. de 2022,https://news.google.com/articles/CBMiZWh0dHBzOi8vd3d3Lm1ldHJvcG9sZXMuY29tL2JyYXNpbC9nZWFkYS1lLXRlbXBlcmF0dXJhLWFiYWl4by1kZS0zYy1tYXJjYW0tYW1hbmhlY2VyLWVtLXNhby1qb2FxdWltLXNj0gEA?hl=pt-BR&gl=BR&ceid=BR%3Apt-419
"Com fracasso de público, show de Juliette no Nordeste dá prejuízo",Metrópoles,29 de dez. de 2022,https://news.google.com/articles/CBMiaGh0dHBzOi8vd3d3Lm1ldHJvcG9sZXMuY29tL2NlbGVicmlkYWRlcy9jb20tZnJhY2Fzc28tZGUtcHVibGljby1zaG93LWRlLWp1bGlldHRlLW5vLW5vcmRlc3RlLWRhLXByZWp1aXpv0gEA?hl=pt-BR&gl=BR&ceid=BR%3Apt-419
Tempestade Yakecan causa queda de energia e estragos em cidades de SC,Metrópoles,18 de mai. de 2022,https://news.google.com/articles/CBMiZ2h0dHBzOi8vd3d3Lm1ldHJvcG9sZXMuY29tL2JyYXNpbC90ZW1wZXN0YWRlLXlha2VjYW4tY2F1c2EtcXVlZGEtZGUtZW5lcmdpYS1lLWVzdHJhZ29zLWVtLWNpZGFkZXMtZGUtc2PSAQA?hl=pt-BR&gl=BR&ceid=BR%3Apt-419
"Neto leva ""nota zero"" e ironiza: ""Salvem-me para eu não ser demitido""",Metrópoles,10 de ago. de 2022,https://news.google.com/articles/CBMidGh0dHBzOi8vd3d3Lm1ldHJvcG9sZXMuY29tL2VudHJldGVuaW1lbnRvL3RlbGV2aXNhby9uZXRvLWxldmEtbm90YS16ZXJvLWUtaXJvbml6YS1zYWx2ZW0tbWUtcGFyYS1ldS1uYW8tc2VyLWRlbWl0aWRv0gEA?hl=pt-BR&gl=BR&ceid=BR%3Apt-419
"Após deslizamento de terra, rodovia é totalmente fechada no Paraná",Metrópoles,16 de out. de 2022,https://news.google.com/articles/CBMiY2h0dHBzOi8vd3d3Lm1ldHJvcG9sZXMuY29tL2JyYXNpbC9hcG9zLWRlc2xpemFtZW50by1kZS10ZXJyYS1yb2RvdmlhLWUtdG90YWxtZW50ZS1mZWNoYWRhLW5vLXBhcmFuYdIBAA?hl=pt-BR&gl=BR&ceid=BR%3Apt-419
Número de mortos por tempestade de neve chega a 57 nos EUA e Canadá,Metrópoles,27 de dez. de 2022,https://news.google.com/articles/CBMiZGh0dHBzOi8vd3d3Lm1ldHJvcG9sZXMuY29tL211bmRvL251bWVyby1kZS1tb3J0b3MtcG9yLXRlbXBlc3RhZGUtZGUtbmV2ZS1jaGVnYS1hLTU3LW5vcy1ldWEtZS1jYW5hZGHSAQA?hl=pt-BR&gl=BR&ceid=BR%3Apt-419
Vitória em família: pai e filha passam juntos em exame da OAB no DF,Metrópoles,18 de mai. de 2022,https://news.google.com/articles/CBMibmh0dHBzOi8vd3d3Lm1ldHJvcG9sZXMuY29tL2Rpc3RyaXRvLWZlZGVyYWwvdml0b3JpYS1lbS1mYW1pbGlhLXBhaS1lLWZpbGhhLXBhc3NhbS1qdW50b3MtZW0tZXhhbWUtZGEtb2FiLW5vLWRm0gEA?hl=pt-BR&gl=BR&ceid=BR%3Apt-419
Onda de frio e risco de tempestades colocam 15 estados em alerta,Metrópoles,17 de mai. de 2022,https://news.google.com/articles/CBMiYmh0dHBzOi8vd3d3Lm1ldHJvcG9sZXMuY29tL2JyYXNpbC9vbmRhLWRlLWZyaW8tZS1yaXNjby1kZS10ZW1wZXN0YWRlcy1jb2xvY2FtLTE1LWVzdGFkb3MtZW0tYWxlcnRh0gEA?hl=pt-BR&gl=BR&ceid=BR%3Apt-419
Saiba quem são os dois agentes da PRF mortos a tiros no Ceará,Metrópoles,18 de mai. de 2022,https://news.google.com/articles/CBMiX2h0dHBzOi8vd3d3Lm1ldHJvcG9sZXMuY29tL2JyYXNpbC9zYWliYS1xdWVtLXNhby1vcy1kb2lzLWFnZW50ZXMtZGEtcHJmLW1vcnRvcy1hLXRpcm9zLW5vLWNlYXJh0gEA?hl=pt-BR&gl=BR&ceid=BR%3Apt-419
Descubra tudo o que você precisa saber sobre climatologia para o Enem,Metrópoles,28 de jul. de 2022,https://news.google.com/articles/CBMic2h0dHBzOi8vd3d3Lm1ldHJvcG9sZXMuY29tL2JyYXNpbC9lZHVjYWNhby1ici9kZXNjdWJyYS10dWRvLW8tcXVlLXZvY2UtcHJlY2lzYS1zYWJlci1zb2JyZS1jbGltYXRvbG9naWEtcGFyYS1vLWVuZW3SAQA?hl=pt-BR&gl=BR&ceid=BR%3Apt-419
Vidente diz ter recebido carta psicografada de Eliza Samúdio,Metrópoles,2 de ago. de 2022,https://news.google.com/articles/CBMiYGh0dHBzOi8vd3d3Lm1ldHJvcG9sZXMuY29tL2VzcG9ydGVzL3ZpZGVudGUtZGl6LXRlci1yZWNlYmlkby1jYXJ0YS1wc2ljb2dyYWZhZGEtZGUtZWxpemEtc2FtdWRpb9IBAA?hl=pt-BR&gl=BR&ceid=BR%3Apt-419
"Saiba quem é Brenda Pavanelli, apontada como novo affair de Neymar Jr.",Metrópoles,10 de ago. de 2022,https://news.google.com/articles/CBMibGh0dHBzOi8vd3d3Lm1ldHJvcG9sZXMuY29tL2NlbGVicmlkYWRlcy9zYWliYS1xdWVtLWUtYnJlbmRhLXBhdmFuZWxsaS1hcG9udGFkYS1jb21vLW5vdm8tYWZmYWlyLWRlLW5leW1hci1qctIBAA?hl=pt-BR&gl=BR&ceid=BR%3Apt-419
Vídeo: chuvas deixam bairros embaixo d'água e famílias ilhadas em SC,Metrópoles,2 de dez. de 2022,https://news.google.com/articles/CBMiZGh0dHBzOi8vd3d3Lm1ldHJvcG9sZXMuY29tL2JyYXNpbC92aWRlby1jaHV2YXMtZGVpeGFtLWJhaXJyb3MtZW1iYWl4by1kYWd1YS1lLWZhbWlsaWFzLWlsaGFkYXMtZW0tc2PSAQA?hl=pt-BR&gl=BR&ceid=BR%3Apt-419
Vídeo: shopping fica alagado após fortes chuvas em Santa Catarina,Metrópoles,1 de dez. de 2022,https://news.google.com/articles/CBMiYmh0dHBzOi8vd3d3Lm1ldHJvcG9sZXMuY29tL2JyYXNpbC92aWRlby1zaG9wcGluZy1maWNhLWFsYWdhZG8tYXBvcy1mb3J0ZXMtY2h1dmFzLWVtLXNhbnRhLWNhdGFyaW5h0gEA?hl=pt-BR&gl=BR&ceid=BR%3Apt-419
Professora é assassinada pelo marido e enterrada no quintal de casa,Metrópoles,19 de mai. de 2022,https://news.google.com/articles/CBMiZWh0dHBzOi8vd3d3Lm1ldHJvcG9sZXMuY29tL2JyYXNpbC9wcm9mZXNzb3JhLWUtYXNzYXNzaW5hZGEtcGVsby1tYXJpZG8tZS1lbnRlcnJhZGEtbm8tcXVpbnRhbC1kZS1jYXNh0gEA?hl=pt-BR&gl=BR&ceid=BR%3Apt-419
Vídeo: poste de concreto cai sobre carro e motorista escapa ileso no DF,Metrópoles,8 de out. de 2022,https://news.google.com/articles/CBMibGh0dHBzOi8vd3d3Lm1ldHJvcG9sZXMuY29tL2Rpc3RyaXRvLWZlZGVyYWwvcG9zdGUtZGUtY29uY3JldG8tY2FpLXNvYnJlLWNhcnJvLWUtbW90b3Jpc3RhLWVzY2FwYS1pbGVzby1uby1kZtIBAA?hl=pt-BR&gl=BR&ceid=BR%3Apt-419
Síndrome do olho seco: saiba o que fazer para amenizar o problema,Metrópoles,14 de jul. de 2022,https://news.google.com/articles/CBMiYWh0dHBzOi8vd3d3Lm1ldHJvcG9sZXMuY29tL3NhdWRlL3NpbmRyb21lLWRvLW9saG8tc2Vjby1zYWliYS1vLXF1ZS1mYXplci1wYXJhLWFtZW5pemFyLW8tcHJvYmxlbWHSAQA?hl=pt-BR&gl=BR&ceid=BR%3Apt-419
DF amanhece coberto por neblina seguida de sol forte nesta sexta,Metrópoles,14 de jan. de 2022,https://news.google.com/articles/CBMibGh0dHBzOi8vd3d3Lm1ldHJvcG9sZXMuY29tL2Rpc3RyaXRvLWZlZGVyYWwvZGYtYW1hbmhlY2UtY29iZXJ0by1wb3ItbmVibGluYS1zZWd1aWRhLWRlLXNvbC1mb3J0ZS1uZXN0YS1zZXh0YdIBAA?hl=pt-BR&gl=BR&ceid=BR%3Apt-419
Sete pessoas da mesma família morrem em deslizamento em Paraty (RJ),Metrópoles,2 de abr. de 2022,https://news.google.com/articles/CBMiY2h0dHBzOi8vd3d3Lm1ldHJvcG9sZXMuY29tL2JyYXNpbC9zZWlzLXBlc3NvYXMtZGEtbWVzbWEtZmFtaWxpYS1tb3JyZW0tZW0tZGVzbGl6YW1lbnRvLWVtLXBhcmF0eS1yatIBAA?hl=pt-BR&gl=BR&ceid=BR%3Apt-419
