Title,Source,Time,Link
"Após ""seca"" de 2022, mercado espera retomada de IPOs na Bolsa em 2023",Metrópoles,26 de dez. de 2022,https://news.google.com/articles/CBMiZmh0dHBzOi8vd3d3Lm1ldHJvcG9sZXMuY29tL25lZ29jaW9zL2Fwb3Mtc2VjYS1kZS0yMDIyLW1lcmNhZG8tZXNwZXJhLXJldG9tYWRhLWRlLWlwb3MtbmEtYm9sc2EtZW0tMjAyM9IBAA?hl=pt-BR&gl=BR&ceid=BR%3Apt-419
Linha de lava e seca da Samsung sugere modo de lavagem para cada roupa,Metrópoles,30 de mar. de 2022,https://news.google.com/articles/CBMia2h0dHBzOi8vd3d3Lm1ldHJvcG9sZXMuY29tL3ZpdHJpbmUtbS9saW5oYS1kZS1sYXZhLWUtc2VjYS1kYS1zYW1zdW5nLXN1Z2VyZS1tb2RvLWRlLWxhdmFnZW0tcGFyYS1jYWRhLXJvdXBh0gEA?hl=pt-BR&gl=BR&ceid=BR%3Apt-419
Dia das Mães 2022: como surpreender as matriarcas apaixonadas por casa,Metrópoles,4 de mai. de 2022,https://news.google.com/articles/CBMicmh0dHBzOi8vd3d3Lm1ldHJvcG9sZXMuY29tL2NvbnRldWRvLWVzcGVjaWFsL2RpYS1kYXMtbWFlcy0yMDIyLWNvbW8tc3VycHJlZW5kZXItYXMtbWF0cmlhcmNhcy1hcGFpeG9uYWRhcy1wb3ItY2FzYdIBAA?hl=pt-BR&gl=BR&ceid=BR%3Apt-419
"Bolsonaro ironiza Macron ao citar calor na Europa: ""Isso acontece""",Metrópoles,25 de ago. de 2022,https://news.google.com/articles/CBMicWh0dHBzOi8vd3d3Lm1ldHJvcG9sZXMuY29tL2JyYXNpbC9wb2xpdGljYS1icmFzaWwvYm9sc29uYXJvLWlyb25pemEtbWFjcm9uLWFvLWNpdGFyLWNhbG9yLW5hLWV1cm9wYS1pc3NvLWFjb250ZWNl0gEA?hl=pt-BR&gl=BR&ceid=BR%3Apt-419
Saiba por que a maior cachoeira de Mato Grosso do Sul está seca,Metrópoles,2 de set. de 2022,https://news.google.com/articles/CBMidmh0dHBzOi8vd3d3Lm1ldHJvcG9sZXMuY29tL2JyYXNpbC9tZWlvLWFtYmllbnRlLWJyYXNpbC9zYWliYS1wb3ItcXVlLWEtbWFpb3ItY2FjaG9laXJhLWRlLW1hdG8tZ3Jvc3NvLWRvLXN1bC1lc3RhLXNlY2HSAQA?hl=pt-BR&gl=BR&ceid=BR%3Apt-419
DF bate novo recorde de calor no ano ao registrar 35ºC nesta terça,Metrópoles,15 de set. de 2022,https://news.google.com/articles/CBMibmh0dHBzOi8vd3d3Lm1ldHJvcG9sZXMuY29tL2Rpc3RyaXRvLWZlZGVyYWwvZGYtYmF0ZS1ub3ZvLXJlY29yZGUtZGUtY2Fsb3Itbm8tYW5vLWFvLXJlZ2lzdHJhci0zNW9jLW5lc3RhLXRlcmNh0gEA?hl=pt-BR&gl=BR&ceid=BR%3Apt-419
"Com 131 dias sem chuva, DF chega à maior estiagem dos últimos 52 anos",Metrópoles,15 de set. de 2022,https://news.google.com/articles/CBMicGh0dHBzOi8vd3d3Lm1ldHJvcG9sZXMuY29tL2Rpc3RyaXRvLWZlZGVyYWwvY29tLTEzMS1kaWFzLXNlbS1jaHV2YS1kZi1jaGVnYS1hLW1haW9yLWVzdGlhZ2VtLWRvcy11bHRpbW9zLTUyLWFub3PSAQA?hl=pt-BR&gl=BR&ceid=BR%3Apt-419
TRE-DF vai permitir venda e consumo de bebidas alcoólicas nas eleições,Metrópoles,26 de set. de 2022,https://news.google.com/articles/CBMigwFodHRwczovL3d3dy5tZXRyb3BvbGVzLmNvbS9kaXN0cml0by1mZWRlcmFsL2VsZWljb2VzLTIwMjItZGYvdHJlLWRmLXZhaS1wZXJtaXRpci12ZW5kYS1lLWNvbnN1bW8tZGUtYmViaWRhcy1hbGNvb2xpY2FzLW5hcy1lbGVpY29lc9IBAA?hl=pt-BR&gl=BR&ceid=BR%3Apt-419
Conheça lavadoras e secadoras com IA que facilitam a rotina,Metrópoles,12 de fev. de 2022,https://news.google.com/articles/CBMiYGh0dHBzOi8vd3d3Lm1ldHJvcG9sZXMuY29tL3ZpdHJpbmUtbS9jb25oZWNhLWxhdmFkb3Jhcy1lLXNlY2Fkb3Jhcy1jb20taWEtcXVlLWZhY2lsaXRhbS1hLXJvdGluYdIBAA?hl=pt-BR&gl=BR&ceid=BR%3Apt-419
"DF registra dia mais quente do ano com termômetros marcando 34,2ºC",Metrópoles,12 de set. de 2022,https://news.google.com/articles/CBMibWh0dHBzOi8vd3d3Lm1ldHJvcG9sZXMuY29tL2Rpc3RyaXRvLWZlZGVyYWwvZGYtcmVnaXN0cmEtZGlhLW1haXMtcXVlbnRlLWRvLWFuby1jb20tdGVybW9tZXRyb3MtbWFyY2FuZG8tMzQyb2PSAQA?hl=pt-BR&gl=BR&ceid=BR%3Apt-419
BBB22: Tadeu Schmidt é parado na Lei Seca e faz selfie com agentes,Metrópoles,8 de mar. de 2022,https://news.google.com/articles/CBMia2h0dHBzOi8vd3d3Lm1ldHJvcG9sZXMuY29tL2VudHJldGVuaW1lbnRvL2JiYjIyLXRhZGV1LXNjaG1pZHQtZS1wYXJhZG8tbmEtbGVpLXNlY2EtZS1mYXotc2VsZmllLWNvbS1hZ2VudGVz0gEA?hl=pt-BR&gl=BR&ceid=BR%3Apt-419
Veja os principais desastres causados por chuvas em 2022 no Brasil,Metrópoles,4 de dez. de 2022,https://news.google.com/articles/CBMiZGh0dHBzOi8vd3d3Lm1ldHJvcG9sZXMuY29tL2JyYXNpbC92ZWphLW9zLXByaW5jaXBhaXMtZGVzYXN0cmVzLWNhdXNhZG9zLXBvci1jaHV2YXMtZW0tMjAyMi1uby1icmFzaWzSAQA?hl=pt-BR&gl=BR&ceid=BR%3Apt-419
"Após pingos na quinta, DF registra chuva em várias cidades nesta sexta",Metrópoles,16 de set. de 2022,https://news.google.com/articles/CBMicWh0dHBzOi8vd3d3Lm1ldHJvcG9sZXMuY29tL2Rpc3RyaXRvLWZlZGVyYWwvYXBvcy1waW5nb3MtbmEtcXVpbnRhLWRmLXJlZ2lzdHJhLWNodXZhLWVtLXZhcmlhcy1jaWRhZGVzLW5lc3RhLXNleHRh0gEA?hl=pt-BR&gl=BR&ceid=BR%3Apt-419
Seca se arrasta há 4 anos e coloca Pantanal em alerta para incêndios,Metrópoles,17 de jul. de 2022,https://news.google.com/articles/CBMie2h0dHBzOi8vd3d3Lm1ldHJvcG9sZXMuY29tL2JyYXNpbC9tZWlvLWFtYmllbnRlLWJyYXNpbC9zZWNhLXNlLWFycmFzdGEtaGEtNC1hbm9zLWUtY29sb2NhLXBhbnRhbmFsLWVtLWFsZXJ0YS1wYXJhLWluY2VuZGlvc9IBAA?hl=pt-BR&gl=BR&ceid=BR%3Apt-419
13 anos de seca: Chile cria plano sem precedentes para racionar água,Metrópoles,12 de abr. de 2022,https://news.google.com/articles/CBMieGh0dHBzOi8vd3d3Lm1ldHJvcG9sZXMuY29tL211bmRvL21laW8tYW1iaWVudGUtbXVuZG8vMTMtYW5vcy1kZS1zZWNhLWNoaWxlLWNyaWEtcGxhbm8tc2VtLXByZWNlZGVudGVzLXBhcmEtcmFjaW9uYXItYWd1YdIBAA?hl=pt-BR&gl=BR&ceid=BR%3Apt-419
"Maraisa revela que está há 1 ano sem fazer sexo: ""Me atrapalha""",Metrópoles,26 de abr. de 2022,https://news.google.com/articles/CBMiaGh0dHBzOi8vd3d3Lm1ldHJvcG9sZXMuY29tL2NvbHVuYXMvbGVvLWRpYXMvbWFyYWlzYS1yZXZlbGEtcXVlLWVzdGEtaGEtMS1hbm8tc2VtLWZhemVyLXNleG8tbWUtYXRyYXBhbGhh0gEA?hl=pt-BR&gl=BR&ceid=BR%3Apt-419
Bolsonaro venceu em 90% das zonas eleitorais em áreas de milícia no Rio,Metrópoles,15 de out. de 2022,https://news.google.com/articles/CBMieWh0dHBzOi8vd3d3Lm1ldHJvcG9sZXMuY29tL2NvbHVuYXMvZ3VpbGhlcm1lLWFtYWRvL2JvbHNvbmFyby12ZW5jZXUtZW0tOTAtZGFzLXpvbmFzLWVsZWl0b3JhaXMtZW0tYXJlYXMtZGUtbWlsaWNpYS1uby1yaW_SAQA?hl=pt-BR&gl=BR&ceid=BR%3Apt-419
"As críticas ao método de Maíra Cardi, que diz secar até 24 kg ao mês",Metrópoles,30 de jan. de 2022,https://news.google.com/articles/CBMiZWh0dHBzOi8vd3d3Lm1ldHJvcG9sZXMuY29tL2JyYXNpbC9hcy1jcml0aWNhcy1hby1tZXRvZG8tZGUtbWFpcmEtY2FyZGktcXVlLWRpei1zZWNhci1hdGUtMjQta2ctYW8tbWVz0gEA?hl=pt-BR&gl=BR&ceid=BR%3Apt-419
"Com máxima de 34°C, DF registrou dia mais quente do ano no domingo",Metrópoles,12 de set. de 2022,https://news.google.com/articles/CBMibWh0dHBzOi8vd3d3Lm1ldHJvcG9sZXMuY29tL2Rpc3RyaXRvLWZlZGVyYWwvY29tLW1heGltYS1kZS0zNG9jLWRmLXJlZ2lzdHJvdS1kaWEtbWFpcy1xdWVudGUtZG8tYW5vLW5vLWRvbWluZ2_SAQA?hl=pt-BR&gl=BR&ceid=BR%3Apt-419
Presos votam? Veja respostas para as principais dúvidas dos eleitores,Metrópoles,20 de set. de 2022,https://news.google.com/articles/CBMidGh0dHBzOi8vd3d3Lm1ldHJvcG9sZXMuY29tL2JyYXNpbC9lbGVpY29lcy0yMDIyL3ByZXNvcy12b3RhbS12ZWphLXJlc3Bvc3Rhcy1wYXJhLWFzLXByaW5jaXBhaXMtZHV2aWRhcy1kb3MtZWxlaXRvcmVz0gEA?hl=pt-BR&gl=BR&ceid=BR%3Apt-419
Recusa do bafômetro dispara e número de multas é o maior em 5 anos,Metrópoles,28 de dez. de 2022,https://news.google.com/articles/CBMiamh0dHBzOi8vd3d3Lm1ldHJvcG9sZXMuY29tL3Nhby1wYXVsby9zcC10ZW0tby1tYWlvci1udW1lcm8tZGUtbXVsdGFzLXBvci1yZWN1c2EtZG8tYmFmb21ldHJvLWVtLWNpbmNvLWFub3PSAQA?hl=pt-BR&gl=BR&ceid=BR%3Apt-419
Thiago Nigro contrata Mayra Cardi para emagrecer. Veja antes e depois,Metrópoles,10 de jan. de 2022,https://news.google.com/articles/CBMicGh0dHBzOi8vd3d3Lm1ldHJvcG9sZXMuY29tL2NvbHVuYXMvbGVvLWRpYXMvdGhpYWdvLW5pZ3JvLWNvbnRyYXRhLW1heXJhLWNhcmRpLXBhcmEtZW1hZ3JlY2VyLXZlamEtYW50ZXMtZS1kZXBvaXPSAQA?hl=pt-BR&gl=BR&ceid=BR%3Apt-419
Torcida da Argentina canta música para exaltar Messi no Catar,Metrópoles,30 de nov. de 2022,https://news.google.com/articles/CBMiaWh0dHBzOi8vd3d3Lm1ldHJvcG9sZXMuY29tL2VzcG9ydGVzL2Z1dGVib2wvdG9yY2lkYS1kYS1hcmdlbnRpbmEtY2FudGEtbXVzaWNhLXBhcmEtZXhhbHRhci1tZXNzaS1uby1jYXRhctIBAA?hl=pt-BR&gl=BR&ceid=BR%3Apt-419
Veja preços e casas participantes da vila gastronômica do Na Praia,Metrópoles,5 de jul. de 2022,https://news.google.com/articles/CBMib2h0dHBzOi8vd3d3Lm1ldHJvcG9sZXMuY29tL2dhc3Ryb25vbWlhL2NvbWVyL3ZlamEtcHJlY29zLWUtY2FzYXMtcGFydGljaXBhbnRlcy1kYS12aWxhLWdhc3Ryb25vbWljYS1kby1uYS1wcmFpYdIBAA?hl=pt-BR&gl=BR&ceid=BR%3Apt-419
"Bolsonaro a presidente francês: ""Seu Macron, o inverno está chegando""",Metrópoles,26 de ago. de 2022,https://news.google.com/articles/CBMic2h0dHBzOi8vd3d3Lm1ldHJvcG9sZXMuY29tL2JyYXNpbC9wb2xpdGljYS1icmFzaWwvYm9sc29uYXJvLWEtcHJlc2lkZW50ZS1mcmFuY2VzLXNldS1tYWNyb24tby1pbnZlcm5vLWVzdGEtY2hlZ2FuZG_SAQA?hl=pt-BR&gl=BR&ceid=BR%3Apt-419
Prime Day: 12 produtos para pets com até 46% de desconto na Amazon,Metrópoles,13 de jul. de 2022,https://news.google.com/articles/CBMiZWh0dHBzOi8vd3d3Lm1ldHJvcG9sZXMuY29tL3ZpdHJpbmUtbS9wcmltZS1kYXktMTItcHJvZHV0b3MtcGFyYS1wZXRzLWNvbS1hdGUtNDYtZGUtZGVzY29udG8tbmEtYW1hem9u0gEA?hl=pt-BR&gl=BR&ceid=BR%3Apt-419
Confira os filmes e séries que chegam à Netflix em junho de 2022,Metrópoles,25 de mai. de 2022,https://news.google.com/articles/CBMidGh0dHBzOi8vd3d3Lm1ldHJvcG9sZXMuY29tL2VudHJldGVuaW1lbnRvL3RlbGV2aXNhby9jb25maXJhLW9zLWZpbG1lcy1lLXNlcmllcy1xdWUtY2hlZ2FtLWEtbmV0ZmxpeC1lbS1qdWxoby1kZS0yMDIy0gEA?hl=pt-BR&gl=BR&ceid=BR%3Apt-419
Documentário Lama Seca conta histórias sobre tragédia em Brumadinho,Metrópoles,12 de jul. de 2022,https://news.google.com/articles/CBMid2h0dHBzOi8vd3d3Lm1ldHJvcG9sZXMuY29tL2VudHJldGVuaW1lbnRvL3RlbGV2aXNhby9kb2N1bWVudGFyaW8tbGFtYS1zZWNhLWNvbnRhLWhpc3Rvcmlhcy1zb2JyZS10cmFnZWRpYS1lbS1icnVtYWRpbmhv0gEA?hl=pt-BR&gl=BR&ceid=BR%3Apt-419
Natalia Kniggendorf celebra 20 anos com noite árabe intimista,Metrópoles,7 de mar. de 2022,https://news.google.com/articles/CBMicWh0dHBzOi8vd3d3Lm1ldHJvcG9sZXMuY29tL2NvbHVuYXMvY2xhdWRpYS1tZWlyZWxlcy9uYXRhbGlhLWtuaWdnZW5kb3JmLWNlbGVicmEtMjAtYW5vcy1jb20tbm9pdGUtYXJhYmUtaW50aW1pc3Rh0gEA?hl=pt-BR&gl=BR&ceid=BR%3Apt-419
Fruta seca ou natural? Saiba diferença gritante entre elas para dieta,Metrópoles,23 de dez. de 2022,https://news.google.com/articles/CBMidmh0dHBzOi8vd3d3Lm1ldHJvcG9sZXMuY29tL3ZpZGEtZS1lc3RpbG8vbnV0cmljYW8vZnJ1dGEtc2VjYS1vdS1uYXR1cmFsLXNhaWJhLWRpZmVyZW5jYS1ncml0YW50ZS1lbnRyZS1lbGFzLXBhcmEtZGlldGHSAQA?hl=pt-BR&gl=BR&ceid=BR%3Apt-419
5 ingredientes de maquiagem que você deve evitar se tiver pele seca,Metrópoles,17 de abr. de 2022,https://news.google.com/articles/CBMid2h0dHBzOi8vd3d3Lm1ldHJvcG9sZXMuY29tL2NvbHVuYXMvY2xhdWRpYS1tZWlyZWxlcy81LWluZ3JlZGllbnRlcy1kZS1tYXF1aWFnZW0tcXVlLXZvY2UtZGV2ZS1ldml0YXItc2UtdGl2ZXItcGVsZS1zZWNh0gEA?hl=pt-BR&gl=BR&ceid=BR%3Apt-419
Antes e depois: veja transformação de Maiara & Maraisa,Metrópoles,11 de ago. de 2022,https://news.google.com/articles/CBMiX2h0dHBzOi8vd3d3Lm1ldHJvcG9sZXMuY29tL2NvbHVuYXMvbGVvLWRpYXMvYW50ZXMtZS1kZXBvaXMtdmVqYS10cmFuc2Zvcm1hY2FvLWRlLW1haWFyYS1tYXJhaXNh0gEA?hl=pt-BR&gl=BR&ceid=BR%3Apt-419
Exploração desordenada de Amazônia e Cerrado pode agravar seca,Metrópoles,4 de fev. de 2022,https://news.google.com/articles/CBMiYGh0dHBzOi8vd3d3Lm1ldHJvcG9sZXMuY29tL2JyYXNpbC9leHBsb3JhY2FvLWRlc29yZGVuYWRhLWRlLWFtYXpvbmlhLWUtY2VycmFkby1wb2RlLWFncmF2YXItc2VjYdIBAA?hl=pt-BR&gl=BR&ceid=BR%3Apt-419
Conheça as principais obras de literatura para o Enem 2022,Metrópoles,1 de jul. de 2022,https://news.google.com/articles/CBMiaGh0dHBzOi8vd3d3Lm1ldHJvcG9sZXMuY29tL2JyYXNpbC9lZHVjYWNhby1ici9jb25oZWNhLWFzLXByaW5jaXBhaXMtb2JyYXMtZGUtbGl0ZXJhdHVyYS1wYXJhLW8tZW5lbS0yMDIy0gEA?hl=pt-BR&gl=BR&ceid=BR%3Apt-419
Incomodado pela seca? Veja dicas para amenizar a baixa umidade,Metrópoles,22 de jul. de 2022,https://news.google.com/articles/CBMiXmh0dHBzOi8vd3d3Lm1ldHJvcG9sZXMuY29tL3NhdWRlL2luY29tb2RhZG8tcGVsYS1zZWNhLXZlamEtZGljYXMtcGFyYS1hbWVuaXphci1hLWJhaXhhLXVtaWRhZGXSAQA?hl=pt-BR&gl=BR&ceid=BR%3Apt-419
Governo Federal conclui transposição do Rio São Francisco,Metrópoles,9 de fev. de 2022,https://news.google.com/articles/CBMiZmh0dHBzOi8vd3d3Lm1ldHJvcG9sZXMuY29tL2NvbnRldWRvLWVzcGVjaWFsL2dvdmVybm8tZmVkZXJhbC1jb25jbHVpLXRyYW5zcG9zaWNhby1kby1yaW8tc2FvLWZyYW5jaXNjb9IBAA?hl=pt-BR&gl=BR&ceid=BR%3Apt-419
Lavagem nasal alivia sintomas da seca. Aprenda a fazer,Metrópoles,9 de set. de 2022,https://news.google.com/articles/CBMiVmh0dHBzOi8vd3d3Lm1ldHJvcG9sZXMuY29tL3NhdWRlL2xhdmFnZW0tbmFzYWwtYWxpdmlhLXNpbnRvbWFzLWRhLXNlY2EtYXByZW5kYS1hLWZhemVy0gEA?hl=pt-BR&gl=BR&ceid=BR%3Apt-419
Escondidinho de queijo coalho e carne seca: receita é muito cremosa,Metrópoles,22 de mai. de 2022,https://news.google.com/articles/CBMicWh0dHBzOi8vd3d3Lm1ldHJvcG9sZXMuY29tL2dhc3Ryb25vbWlhL3JlY2VpdGEvZXNjb25kaWRpbmhvLWRlLXF1ZWlqby1jb2FsaG8tZS1jYXJuZS1zZWNhLXJlY2VpdGEtZS1tdWl0by1jcmVtb3Nh0gEA?hl=pt-BR&gl=BR&ceid=BR%3Apt-419
Oito filmes e séries imperdíveis que serão lançados em junho de 2022,Metrópoles,1 de jun. de 2022,https://news.google.com/articles/CBMibmh0dHBzOi8vd3d3Lm1ldHJvcG9sZXMuY29tL2VudHJldGVuaW1lbnRvL29pdG8tZmlsbWVzLWUtc2VyaWVzLWltcGVyZGl2ZWlzLXF1ZS1zZXJhby1sYW5jYWRvcy1lbS1qdW5oby1kZS0yMDIy0gEA?hl=pt-BR&gl=BR&ceid=BR%3Apt-419
Nariz sangrando durante a seca? Veja o que fazer para aliviar incômodo,Metrópoles,7 de ago. de 2022,https://news.google.com/articles/CBMiZmh0dHBzOi8vd3d3Lm1ldHJvcG9sZXMuY29tL3NhdWRlL25hcml6LXNhbmdyYW5kby1kdXJhbnRlLWEtc2VjYS12ZWphLW8tcXVlLWZhemVyLXBhcmEtYWxpdmlhci1pbmNvbW9kb9IBAA?hl=pt-BR&gl=BR&ceid=BR%3Apt-419
"Chuvas causaram prejuízo de R$ 55,5 bilhões no país entre 2017 e 2022",Metrópoles,20 de jan. de 2022,https://news.google.com/articles/CBMiZWh0dHBzOi8vd3d3Lm1ldHJvcG9sZXMuY29tL2JyYXNpbC9jaHV2YXMtY2F1c2FyYW0tcHJlanVpem8tZGUtci01NTUtYmlsaG9lcy1uby1wYWlzLWVudHJlLTIwMTctZS0yMDIy0gEA?hl=pt-BR&gl=BR&ceid=BR%3Apt-419
Caso Maraisa: descubra se o sexo realmente atrapalha a criatividade,Metrópoles,28 de abr. de 2022,https://news.google.com/articles/CBMidGh0dHBzOi8vd3d3Lm1ldHJvcG9sZXMuY29tL2NvbHVuYXMvcG91Y2EtdmVyZ29uaGEvY2Fzby1tYXJhaXNhLWRlc2N1YnJhLXNlLW8tc2V4by1yZWFsbWVudGUtYXRyYXBhbGhhLWEtY3JpYXRpdmlkYWRl0gEA?hl=pt-BR&gl=BR&ceid=BR%3Apt-419
Vídeos. Incêndios castigam o DF e fogo volta ao Parque Nacional,Metrópoles,15 de set. de 2022,https://news.google.com/articles/CBMiamh0dHBzOi8vd3d3Lm1ldHJvcG9sZXMuY29tL2Rpc3RyaXRvLWZlZGVyYWwvdmlkZW9zLWluY2VuZGlvcy1jYXN0aWdhbS1vLWRmLWUtZm9nby12b2x0YS1hby1wYXJxdWUtbmFjaW9uYWzSAQA?hl=pt-BR&gl=BR&ceid=BR%3Apt-419
Golpe da pane seca: saiba como falso motoboy enganava moradores no DF,Metrópoles,19 de jul. de 2022,https://news.google.com/articles/CBMieGh0dHBzOi8vd3d3Lm1ldHJvcG9sZXMuY29tL2Rpc3RyaXRvLWZlZGVyYWwvbmEtbWlyYS9nb2xwZS1kYS1wYW5lLXNlY2Etc2FpYmEtY29tby1mYWxzby1tb3RvYm95LWVuZ2FuYXZhLW1vcmFkb3Jlcy1uby1kZtIBAA?hl=pt-BR&gl=BR&ceid=BR%3Apt-419
Emagrece e seca a barriga: expert elenca sete benefícios do pilates,Metrópoles,16 de fev. de 2022,https://news.google.com/articles/CBMidWh0dHBzOi8vd3d3Lm1ldHJvcG9sZXMuY29tL3ZpZGEtZS1lc3RpbG8vYmVtLWVzdGFyL2VtYWdyZWNlLWUtc2VjYS1hLWJhcnJpZ2EtZXhwZXJ0LWVsZW5jYS1zZXRlLWJlbmVmaWNpb3MtZG8tcGlsYXRlc9IBAA?hl=pt-BR&gl=BR&ceid=BR%3Apt-419
"Parado na Lei Seca, Adriano Imperador se recusa a fazer bafômetro",Metrópoles,23 de jan. de 2022,https://news.google.com/articles/CBMibGh0dHBzOi8vd3d3Lm1ldHJvcG9sZXMuY29tL2NvbHVuYXMvbGVvLWRpYXMvcGFyYWRvLW5hLWxlaS1zZWNhLWFkcmlhbm8taW1wZXJhZG9yLXNlLXJlY3VzYS1hLWZhemVyLWJhZm9tZXRyb9IBAA?hl=pt-BR&gl=BR&ceid=BR%3Apt-419
"Frio e seca: DF registra 6ºC, e umidade do ar pode cair a 20% nesta 6ª",Metrópoles,29 de jul. de 2022,https://news.google.com/articles/CBMib2h0dHBzOi8vd3d3Lm1ldHJvcG9sZXMuY29tL2Rpc3RyaXRvLWZlZGVyYWwvZnJpby1lLXNlY2EtZGYtcmVnaXN0cmEtNm9jLWUtdW1pZGFkZS1kby1hci1wb2RlLWNhaXItYS0yMC1uZXN0YS02YdIBAA?hl=pt-BR&gl=BR&ceid=BR%3Apt-419
Gosta de correr? Confira 5 cuidados para ter no período da seca,Metrópoles,7 de ago. de 2022,https://news.google.com/articles/CBMiX2h0dHBzOi8vd3d3Lm1ldHJvcG9sZXMuY29tL3NhdWRlL2dvc3RhLWRlLWNvcnJlci1jb25maXJhLTUtY3VpZGFkb3MtcGFyYS10ZXItbm8tcGVyaW9kby1kYS1zZWNh0gEA?hl=pt-BR&gl=BR&ceid=BR%3Apt-419
Ana Clara para na Lei Seca dois dias depois de Tadeu Schmidt,Metrópoles,10 de mar. de 2022,https://news.google.com/articles/CBMiamh0dHBzOi8vd3d3Lm1ldHJvcG9sZXMuY29tL2VudHJldGVuaW1lbnRvL2JiYi9hbmEtY2xhcmEtcGFyYS1uYS1sZWktc2VjYS1kb2lzLWRpYXMtZGVwb2lzLWRlLXRhZGV1LXNjaG1pZHTSAQA?hl=pt-BR&gl=BR&ceid=BR%3Apt-419
Papai Noel é parado em blitz de Lei Seca de SC em noite de Natal,Metrópoles,25 de dez. de 2022,https://news.google.com/articles/CBMiYmh0dHBzOi8vd3d3Lm1ldHJvcG9sZXMuY29tL2JyYXNpbC9wYXBhaS1ub2VsLWUtcGFyYWRvLWVtLWJsaXR6LWRlLWxlaS1zZWNhLWRlLXNjLWVtLW5vaXRlLWRlLW5hdGFs0gEA?hl=pt-BR&gl=BR&ceid=BR%3Apt-419
Alunos unem política e educação para preservar água em região seca,Metrópoles,4 de ago. de 2022,https://news.google.com/articles/CBMiZGh0dHBzOi8vd3d3Lm1ldHJvcG9sZXMuY29tL2JyYXNpbC9hbHVub3MtdW5lbS1wb2xpdGljYS1lLWVkdWNhY2FvLXBhcmEtcHJlc2VydmFyLWFndWEtZW0tcmVnaWFvLXNlY2HSAQA?hl=pt-BR&gl=BR&ceid=BR%3Apt-419
Comer 6 ameixas secas por dia reduz risco de osteoporose na menopausa,Metrópoles,5 de abr. de 2022,https://news.google.com/articles/CBMiZmh0dHBzOi8vd3d3Lm1ldHJvcG9sZXMuY29tL3NhdWRlL2NvbWVyLTYtYW1laXhhcy1zZWNhcy1wb3ItZGlhLXJlZHV6LXJpc2NvLWRlLW9zdGVvcG9yb3NlLW5hLW1lbm9wYXVzYdIBAA?hl=pt-BR&gl=BR&ceid=BR%3Apt-419
Temporada dos ipês-amarelos colore as ruas do Distrito Federal na seca,Metrópoles,8 de ago. de 2022,https://news.google.com/articles/CBMicmh0dHBzOi8vd3d3Lm1ldHJvcG9sZXMuY29tL2Rpc3RyaXRvLWZlZGVyYWwvdGVtcG9yYWRhLWRvcy1pcGVzLWFtYXJlbG9zLWNvbG9yZS1hcy1ydWFzLWRvLWRpc3RyaXRvLWZlZGVyYWwtbmEtc2VjYdIBAA?hl=pt-BR&gl=BR&ceid=BR%3Apt-419
"Lago mais famoso dos EUA seca e especialista alerta: ""Está em apuros""",Metrópoles,7 de jul. de 2022,https://news.google.com/articles/CBMiY2h0dHBzOi8vd3d3Lm1ldHJvcG9sZXMuY29tL211bmRvL2xhZ28tbWFpcy1mYW1vc28tZG9zLWV1YS1zZWNhLWUtZXNwZWNpYWxpc3RhLWFsZXJ0YS1lc3RhLWVtLWFwdXJvc9IBAA?hl=pt-BR&gl=BR&ceid=BR%3Apt-419
Onda de frio atingirá o Distrito Federal com temperatura de 10ºC,Metrópoles,12 de mai. de 2022,https://news.google.com/articles/CBMibGh0dHBzOi8vd3d3Lm1ldHJvcG9sZXMuY29tL2Rpc3RyaXRvLWZlZGVyYWwvb25kYS1kZS1mcmlvLWF0aW5naXJhLW8tZGlzdHJpdG8tZmVkZXJhbC1jb20tdGVtcGVyYXR1cmEtZGUtMTBvY9IBAA?hl=pt-BR&gl=BR&ceid=BR%3Apt-419
"Com Neymar “apagado”, Brasil deve amargar seca entre melhores do mundo",Metrópoles,18 de jan. de 2022,https://news.google.com/articles/CBMib2h0dHBzOi8vd3d3Lm1ldHJvcG9sZXMuY29tL2VzcG9ydGVzL2Z1dGVib2wvY29tLW5leW1hci1hcGFnYWRvLWJyYXNpbC1kZXZlLWFtYXJnYXItc2VjYS1lbnRyZS1tZWxob3Jlcy1kby1tdW5kb9IBAA?hl=pt-BR&gl=BR&ceid=BR%3Apt-419
"Camaronês invade Encontro, seca Brasil na Copa e é vaiado pela plateia",Metrópoles,2 de dez. de 2022,https://news.google.com/articles/CBMieWh0dHBzOi8vd3d3Lm1ldHJvcG9sZXMuY29tL2VudHJldGVuaW1lbnRvL3RlbGV2aXNhby9jYW1hcm9uZXMtaW52YWRlLWVuY29udHJvLXNlY2EtYnJhc2lsLW5hLWNvcGEtZS1lLXZhaWFkby1wZWxhLXBsYXRlaWHSAQA?hl=pt-BR&gl=BR&ceid=BR%3Apt-419
Navios da Segunda Guerra são encontrados após seca de rio na Sérvia,Metrópoles,19 de ago. de 2022,https://news.google.com/articles/CBMiZGh0dHBzOi8vd3d3Lm1ldHJvcG9sZXMuY29tL211bmRvL25hdmlvcy1kYS1zZWd1bmRhLWd1ZXJyYS1zYW8tZW5jb250cmFkb3MtYXBvcy1zZWNhLWRlLXJpby1uYS1zZXJ2aWHSAQA?hl=pt-BR&gl=BR&ceid=BR%3Apt-419
La Niña: fenômeno que traz inverno rigoroso e grande seca está perto,Metrópoles,7 de jun. de 2022,https://news.google.com/articles/CBMiZWh0dHBzOi8vd3d3Lm1ldHJvcG9sZXMuY29tL2JyYXNpbC9sYS1uaW5hLWZlbm9tZW5vLXF1ZS10cmF6LWludmVybm8tcmlnb3Jvc28tZS1ncmFuZGUtc2VjYS1lc3RhLXBlcnRv0gEA?hl=pt-BR&gl=BR&ceid=BR%3Apt-419
