Title,Source,Time,Link
Veja imagens dos estragos causados pelo ciclone extratropical no Sul,Metrópoles,13 de jul. de 2023,https://news.google.com/articles/CBMiZmh0dHBzOi8vd3d3Lm1ldHJvcG9sZXMuY29tL2JyYXNpbC92ZWphLWltYWdlbnMtZG9zLWVzdHJhZ29zLWNhdXNhZG9zLXBlbG8tY2ljbG9uZS1leHRyYXRyb3BpY2FsLW5vLXN1bNIBAA?hl=pt-BR&gl=BR&ceid=BR%3Apt-419
Veja imagens de destruição após ciclone no RS,Metrópoles,16 de jun. de 2023,https://news.google.com/articles/CBMiT2h0dHBzOi8vd3d3Lm1ldHJvcG9sZXMuY29tL2JyYXNpbC92ZWphLWltYWdlbnMtZGUtZGVzdHJ1aWNhby1hcG9zLWNpY2xvbmUtbm8tcnPSAQA?hl=pt-BR&gl=BR&ceid=BR%3Apt-419
Ciclone extratropical mata 4 pessoas e provoca destruição em 6 estados,Metrópoles,14 de jul. de 2023,https://news.google.com/articles/CBMiaGh0dHBzOi8vd3d3Lm1ldHJvcG9sZXMuY29tL2JyYXNpbC9jaWNsb25lLWV4dHJhdHJvcGljYWwtbWF0YS00LXBlc3NvYXMtZS1wcm92b2NhLWRlc3RydWljYW8tZW0tNi1lc3RhZG9z0gEA?hl=pt-BR&gl=BR&ceid=BR%3Apt-419
Ciclone deixa mais de 800 mil sem energia no RS; estado tem 20 feridos e 1 morto,Metrópoles,13 de jul. de 2023,https://news.google.com/articles/CBMiQmh0dHBzOi8vd3d3Lm1ldHJvcG9sZXMuY29tL2JyYXNpbC9jaWNsb25lLWF0aW5nZS1yaW8tZ3JhbmRlLWRvLXN1bNIBAA?hl=pt-BR&gl=BR&ceid=BR%3Apt-419
Ciclone-bomba: vídeos mostram ressaca no litoral do Rio de Janeiro,Metrópoles,3 de abr. de 2023,https://news.google.com/articles/CBMiY2h0dHBzOi8vd3d3Lm1ldHJvcG9sZXMuY29tL2JyYXNpbC9jaWNsb25lLWJvbWJhLXZpZGVvcy1tb3N0cmFtLXJlc3NhY2Etbm8tbGl0b3JhbC1kby1yaW8tZGUtamFuZWlyb9IBAA?hl=pt-BR&gl=BR&ceid=BR%3Apt-419
Efeito ciclone: Marinha e Defesa Civil alertam para ondas de 4 metros em SP,Metrópoles,12 de jul. de 2023,https://news.google.com/articles/CBMib2h0dHBzOi8vd3d3Lm1ldHJvcG9sZXMuY29tL3Nhby1wYXVsby9lZmVpdG8tY2ljbG9uZS1tYXJpbmhhLWUtZGVmZXNhLWNpdmlsLWFsZXJ0YW0tcGFyYS1vbmRhcy1kZS00LW1ldHJvcy1lbS1zcNIBAA?hl=pt-BR&gl=BR&ceid=BR%3Apt-419
Carro é arremessado em cemitério durante ciclone extratropical no RS,Metrópoles,18 de jun. de 2023,https://news.google.com/articles/CBMiZmh0dHBzOi8vd3d3Lm1ldHJvcG9sZXMuY29tL2JyYXNpbC9jYXJyby1lLWFycmVtZXNzYWRvLWVtLWNlbWl0ZXJpby1kdXJhbnRlLWNpY2xvbmUtZXh0cmF0cm9waWNhbC1uby1yc9IBAA?hl=pt-BR&gl=BR&ceid=BR%3Apt-419
Vídeo: ovelha fica pendurada em fiação após passagem de ciclone no RS,Metrópoles,6 de set. de 2023,https://news.google.com/articles/CBMiZmh0dHBzOi8vd3d3Lm1ldHJvcG9sZXMuY29tL2JyYXNpbC92aWRlby1vdmVsaGEtZmljYS1wZW5kdXJhZGEtZW0tZmlhY2FvLWFwb3MtcGFzc2FnZW0tZGUtY2ljbG9uZS1uby1yc9IBAA?hl=pt-BR&gl=BR&ceid=BR%3Apt-419
"Vídeos: ciclone causa estragos, morte e deixa 5 desaparecidos no Rio Grande do Sul",Metrópoles,16 de jun. de 2023,https://news.google.com/articles/CBMiYWh0dHBzOi8vd3d3Lm1ldHJvcG9sZXMuY29tL2JyYXNpbC92aWRlb3MtY2ljbG9uZS1uby1ycy1jYXVzYS1kZXNsaXphbWVudG9zLWludW5kYWNvZXMtZS1ibG9xdWVpb3PSAQA?hl=pt-BR&gl=BR&ceid=BR%3Apt-419
"No vácuo de Lula, Bolsonaro quer sobrevoar região atingida por ciclone",Metrópoles,12 de out. de 2023,https://news.google.com/articles/CBMiT2h0dHBzOi8vd3d3Lm1ldHJvcG9sZXMuY29tL2NvbHVuYXMvcGF1bG8tY2FwcGVsbGkvbHVsYS1ib2xzb25hcm8tc2FudGEtY2F0YXJpbmHSAQA?hl=pt-BR&gl=BR&ceid=BR%3Apt-419
Vídeo: filho filma mãe quase debaixo d'água durante ciclone no RS,Metrópoles,20 de jun. de 2023,https://news.google.com/articles/CBMiYWh0dHBzOi8vd3d3Lm1ldHJvcG9sZXMuY29tL2JyYXNpbC92aWRlby1maWxoby1maWxtYS1tYWUtcXVhc2UtZGViYWl4by1kYWd1YS1kdXJhbnRlLWNpY2xvbmUtbm8tcnPSAQA?hl=pt-BR&gl=BR&ceid=BR%3Apt-419
Efeito ciclone: SP tem 18 quedas de árvores durante a madrugada,Metrópoles,13 de jul. de 2023,https://news.google.com/articles/CBMiY2h0dHBzOi8vd3d3Lm1ldHJvcG9sZXMuY29tL3Nhby1wYXVsby9lZmVpdG8tY2ljbG9uZS1zcC10ZW0tMTgtcXVlZGFzLWRlLWFydm9yZXMtZHVyYW50ZS1hLW1hZHJ1Z2FkYdIBAA?hl=pt-BR&gl=BR&ceid=BR%3Apt-419
Vídeo: placa atinge carro durante passagem de ciclone em SC,Metrópoles,13 de jul. de 2023,https://news.google.com/articles/CBMiXGh0dHBzOi8vd3d3Lm1ldHJvcG9sZXMuY29tL2JyYXNpbC92aWRlby1wbGFjYS1hdGluZ2UtY2Fycm8tZHVyYW50ZS1wYXNzYWdlbS1kZS1jaWNsb25lLWVtLXNj0gEA?hl=pt-BR&gl=BR&ceid=BR%3Apt-419
Ciclone do RS já registra sete mortos e 19 desaparecidos,Metrópoles,17 de jun. de 2023,https://news.google.com/articles/CBMiW2h0dHBzOi8vd3d3Lm1ldHJvcG9sZXMuY29tL2JyYXNpbC9jaWNsb25lLWRvLXJzLWphLXJlZ2lzdHJhLWNpbmNvLW1vcnRvcy1lLTExLWRlc2FwYXJlY2lkb3PSAQA?hl=pt-BR&gl=BR&ceid=BR%3Apt-419
SP: ciclone leva Parque Bruno Covas a pedir que visitante evite local,Metrópoles,13 de jul. de 2023,https://news.google.com/articles/CBMiaWh0dHBzOi8vd3d3Lm1ldHJvcG9sZXMuY29tL3Nhby1wYXVsby9zcC1jaWNsb25lLWxldmEtcGFycXVlLWJydW5vLWNvdmFzLWEtcGVkaXItcXVlLXZpc2l0YW50ZS1ldml0ZS1sb2NhbNIBAA?hl=pt-BR&gl=BR&ceid=BR%3Apt-419
Cinco vacas morrem eletrocutadas em SC após ciclone e temporal,Metrópoles,6 de set. de 2023,https://news.google.com/articles/CBMiP2h0dHBzOi8vd3d3Lm1ldHJvcG9sZXMuY29tL2JyYXNpbC92YWNhcy1tb3JyZW0tZWxldHJvY3V0YWRhcy1zY9IBAA?hl=pt-BR&gl=BR&ceid=BR%3Apt-419
Ciclone e frente fria põem SP em alerta no fim de semana,Metrópoles,18 de ago. de 2023,https://news.google.com/articles/CBMiXWh0dHBzOi8vd3d3Lm1ldHJvcG9sZXMuY29tL3Nhby1wYXVsby9jaWNsb25lLWUtZnJlbnRlLWZyaWEtcG9lbS1zcC1lbS1hbGVydGEtbm8tZmltLWRlLXNlbWFuYdIBAA?hl=pt-BR&gl=BR&ceid=BR%3Apt-419
"Chuva, granizo e raios: ciclone no Sul e frente fria mudam clima em SP",Metrópoles,4 de set. de 2023,https://news.google.com/articles/CBMiaWh0dHBzOi8vd3d3Lm1ldHJvcG9sZXMuY29tL3Nhby1wYXVsby9jaHV2YS1ncmFuaXpvLWUtcmFpb3MtY2ljbG9uZS1uby1zdWwtZS1mcmVudGUtZnJpYS1tdWRhbS1jbGltYS1lbS1zcNIBAA?hl=pt-BR&gl=BR&ceid=BR%3Apt-419
Vendaval derruba árvores e provoca destruição em Curitiba,Metrópoles,13 de jul. de 2023,https://news.google.com/articles/CBMiW2h0dHBzOi8vd3d3Lm1ldHJvcG9sZXMuY29tL2JyYXNpbC92ZW5kYXZhbC1kZXJydWJhLWFydm9yZXMtZS1wcm92b2NhLWRlc3RydWljYW8tZW0tY3VyaXRpYmHSAQA?hl=pt-BR&gl=BR&ceid=BR%3Apt-419
"Ciclone causa transtornos em SC, interdita rodovia e cancela aulas",Metrópoles,13 de jul. de 2023,https://news.google.com/articles/CBMiY2h0dHBzOi8vd3d3Lm1ldHJvcG9sZXMuY29tL2JyYXNpbC9jaWNsb25lLWNhdXNhLXRyYW5zdG9ybm9zLWVtLXNjLWludGVyZGl0YS1yb2RvdmlhLWUtY2FuY2VsYS1hdWxhc9IBAA?hl=pt-BR&gl=BR&ceid=BR%3Apt-419
"Ciclone no RS: INSS antecipa R$ 1,21 bi para 79 municípios afetados",Metrópoles,8 de set. de 2023,https://news.google.com/articles/CBMiRWh0dHBzOi8vd3d3Lm1ldHJvcG9sZXMuY29tL2JyYXNpbC9jaWNsb25lLXJzLWluc3Mtci0xMjEtYmktbXVuaWNpcGlvc9IBAA?hl=pt-BR&gl=BR&ceid=BR%3Apt-419
Rio e São Paulo recebem alerta de ciclone-bomba no fim de semana,Metrópoles,31 de mar. de 2023,https://news.google.com/articles/CBMiYGh0dHBzOi8vd3d3Lm1ldHJvcG9sZXMuY29tL2JyYXNpbC9yaW8tZGUtamFuZWlyby1yZWNlYmUtYWxlcnRhLWRlLWNpY2xvbmUtYm9tYmEtbm8tZmltLWRlLXNlbWFuYdIBAA?hl=pt-BR&gl=BR&ceid=BR%3Apt-419
Ciclone no RS: rio sobe e prefeitura pede que moradores subam no telhado,Metrópoles,5 de set. de 2023,https://news.google.com/articles/CBMiaWh0dHBzOi8vd3d3Lm1ldHJvcG9sZXMuY29tL2JyYXNpbC9jaWNsb25lLW5vLXJzLXJpby1zb2JlLWUtcHJlZmVpdHVyYS1wZWRlLXF1ZS1tb3JhZG9yZXMtc3ViYW0tbm8tdGVsaGFkb9IBAA?hl=pt-BR&gl=BR&ceid=BR%3Apt-419
Efeito ciclone: SP deve ter vento de 90 km/h e queda brusca de temperatura,Metrópoles,13 de jul. de 2023,https://news.google.com/articles/CBMicWh0dHBzOi8vd3d3Lm1ldHJvcG9sZXMuY29tL3Nhby1wYXVsby9lZmVpdG8tY2ljbG9uZS1zcC1kZXZlLXRlci12ZW50by1kZS05MC1rbS1oLWUtZnJpby1pbnRlbnNvLWEtcGFydGlyLWRlc3RhLTVh0gEA?hl=pt-BR&gl=BR&ceid=BR%3Apt-419
"Oito estados estão em alerta para tempestades e ciclones: ""Perigo potencial""",Metrópoles,11 de jul. de 2023,https://news.google.com/articles/CBMia2h0dHBzOi8vd3d3Lm1ldHJvcG9sZXMuY29tL2JyYXNpbC9vaXRvLWVzdGFkb3MtZXN0YW8tZW0tYWxlcnRhLXBhcmEtdGVtcGVzdGFkZXMtZS1jaWNsb25lcy1wZXJpZ28tcG90ZW5jaWFs0gEA?hl=pt-BR&gl=BR&ceid=BR%3Apt-419
Ciclone em SP: universitária morre após ter carro de autoescola atingido por árvore,Metrópoles,13 de jul. de 2023,https://news.google.com/articles/CBMiZ2h0dHBzOi8vd3d3Lm1ldHJvcG9sZXMuY29tL3Nhby1wYXVsby9jaWNsb25lLWVtLXNwLWpvdmVtLW1vcnJlLWF0aW5naWRhLXBvci1xdWVkYS1kZS1hcnZvcmUtbm8taW50ZXJpb3LSAQA?hl=pt-BR&gl=BR&ceid=BR%3Apt-419
Vídeo: bombeiros usam barco para retirar pacientes de hospital do RS,Metrópoles,16 de jun. de 2023,https://news.google.com/articles/CBMiZWh0dHBzOi8vd3d3Lm1ldHJvcG9sZXMuY29tL2JyYXNpbC92aWRlby1ib21iZWlyb3MtdXNhbS1iYXJjby1wYXJhLXJldGlyYXItcGFjaWVudGVzLWRlLWhvc3BpdGFsLWRvLXJz0gEA?hl=pt-BR&gl=BR&ceid=BR%3Apt-419
Tremores em SP: moradores de mais de 20 cidades relatam abalos,Metrópoles,16 de jun. de 2023,https://news.google.com/articles/CBMiYmh0dHBzOi8vd3d3Lm1ldHJvcG9sZXMuY29tL3Nhby1wYXVsby90cmVtb3Jlcy1lbS1zcC1tb3JhZG9yZXMtZGUtbWFpcy1kZS0yMC1jaWRhZGVzLXJlbGF0YW0tYWJhbG9z0gEA?hl=pt-BR&gl=BR&ceid=BR%3Apt-419
Quase 5 mil casas ficam sem luz após temporal em Curitiba,Metrópoles,5 de set. de 2023,https://news.google.com/articles/CBMiW2h0dHBzOi8vd3d3Lm1ldHJvcG9sZXMuY29tL2JyYXNpbC9xdWFzZS01LW1pbC1jYXNhcy1maWNhbS1zZW0tbHV6LWFwb3MtdGVtcG9yYWwtZW0tY3VyaXRpYmHSAQA?hl=pt-BR&gl=BR&ceid=BR%3Apt-419
Ciclone extratropical deixa rastro de destruição e quatro mortos no RS,Metrópoles,5 de set. de 2023,https://news.google.com/articles/CBMiaGh0dHBzOi8vd3d3Lm1ldHJvcG9sZXMuY29tL2JyYXNpbC9jaWNsb25lLWV4dHJhdHJvcGljYWwtZGVpeGEtcmFzdHJvLWRlLWRlc3RydWljYW8tZS1xdWF0cm8tbW9ydG9zLW5vLXJz0gEA?hl=pt-BR&gl=BR&ceid=BR%3Apt-419
"Ciclone extratropical atinge RS, e chuvas podem chegar ao Centro-Oeste",Metrópoles,16 de ago. de 2023,https://news.google.com/articles/CBMiZ2h0dHBzOi8vd3d3Lm1ldHJvcG9sZXMuY29tL2JyYXNpbC9jaWNsb25lLWV4dHJhdHJvcGljYWwtYXRpbmdlLXJzLWUtY2h1dmFzLXBvZGVtLWNoZWdhci1hby1jZW50cm8tb2VzdGXSAQA?hl=pt-BR&gl=BR&ceid=BR%3Apt-419
Número de mortos após ciclone sobe para 11 no RS; 10 estão desaparecidos,Metrópoles,18 de jun. de 2023,https://news.google.com/articles/CBMiaWh0dHBzOi8vd3d3Lm1ldHJvcG9sZXMuY29tL2JyYXNpbC9udW1lcm8tZGUtbW9ydG9zLWFwb3MtY2ljbG9uZS1zb2JlLXBhcmEtMTEtbm8tcnMtMTUtZXN0YW8tZGVzYXBhcmVjaWRvc9IBAA?hl=pt-BR&gl=BR&ceid=BR%3Apt-419
Eduardo Leite vai a show da Ivete em SP em meio à calamidade no RS,Metrópoles,1 de out. de 2023,https://news.google.com/articles/CBMiRWh0dHBzOi8vd3d3Lm1ldHJvcG9sZXMuY29tL2NvbHVuYXMvcGF1bG8tY2FwcGVsbGkvZWR1YXJkby1sZWl0ZS1pdmV0ZdIBAA?hl=pt-BR&gl=BR&ceid=BR%3Apt-419
Governo federal havia apontado risco em áreas onde 18 morreram no RS,Metrópoles,9 de set. de 2023,https://news.google.com/articles/CBMieGh0dHBzOi8vd3d3Lm1ldHJvcG9sZXMuY29tL2NvbHVuYXMvZ3VpbGhlcm1lLWFtYWRvL2dvdmVybm8taGF2aWEtbWFwZWFkby1wZXNzb2FzLWVtLXJpc2NvLWVtLWNpZGFkZXMtZG8tcnMtY29tLTE4LW1vcnRvc9IBAA?hl=pt-BR&gl=BR&ceid=BR%3Apt-419
Lula embarca para o exterior em meio à tragédia no Sul,Metrópoles,7 de set. de 2023,https://news.google.com/articles/CBMiTGh0dHBzOi8vd3d3Lm1ldHJvcG9sZXMuY29tL2NvbHVuYXMvcGF1bG8tY2FwcGVsbGkvbHVsYS1leHRlcmlvci10cmFnZWRpYS1zdWzSAQA?hl=pt-BR&gl=BR&ceid=BR%3Apt-419
Ciclone Freddy deixa ao menos 100 mortos em Malawi e Moçambique,Metrópoles,13 de mar. de 2023,https://news.google.com/articles/CBMiYGh0dHBzOi8vd3d3Lm1ldHJvcG9sZXMuY29tL211bmRvL2NpY2xvbmUtZnJlZGR5LWRlaXhhLWFvLW1lbm9zLTEwMC1tb3J0b3MtZW0tbWFsYXdpLWUtbW9jYW1iaXF1ZdIBAA?hl=pt-BR&gl=BR&ceid=BR%3Apt-419
"SC: ciclone transforma ruas em rio, cancela aulas e deixa desabrigados",Metrópoles,16 de jun. de 2023,https://news.google.com/articles/CBMiZmh0dHBzOi8vd3d3Lm1ldHJvcG9sZXMuY29tL2JyYXNpbC9zYy1jaWNsb25lLXRyYW5zZm9ybWEtcnVhcy1lbS1yaW8tY2FuY2VsYS1hdWxhcy1lLWRlaXhhLWRlc2FicmlnYWRvc9IBAA?hl=pt-BR&gl=BR&ceid=BR%3Apt-419
Ciclone no RS: 11 municípios registraram mortes; feridos chegam a 223,Metrópoles,9 de set. de 2023,https://news.google.com/articles/CBMiZWh0dHBzOi8vd3d3Lm1ldHJvcG9sZXMuY29tL2JyYXNpbC9jaWNsb25lLW5vLXJzLTExLW11bmljaXBpb3MtcmVnaXN0cmFyYW0tbW9ydGVzLWZlcmlkb3MtY2hlZ2FtLWEtMjIz0gEA?hl=pt-BR&gl=BR&ceid=BR%3Apt-419
Sobe para 32 número de mortos no Sul por causa das fortes chuvas,Metrópoles,6 de set. de 2023,https://news.google.com/articles/CBMiOWh0dHBzOi8vd3d3Lm1ldHJvcG9sZXMuY29tL2JyYXNpbC9tb3J0b3MtcnMtZm9ydGVzLWNodXZhc9IBAA?hl=pt-BR&gl=BR&ceid=BR%3Apt-419
Entenda as causas do ciclone extratropical que devastou áreas do Sul,Metrópoles,17 de set. de 2023,https://news.google.com/articles/CBMiZmh0dHBzOi8vd3d3Lm1ldHJvcG9sZXMuY29tL2JyYXNpbC9lbnRlbmRhLWFzLWNhdXNhcy1kby1jaWNsb25lLWV4dHJhdHJvcGljYWwtcXVlLWRldmFzdG91LWFyZWFzLWRvLXN1bNIBAA?hl=pt-BR&gl=BR&ceid=BR%3Apt-419
"Sete estados serão mais afetados por onda de calor, prevê Inmet",Metrópoles,22 de ago. de 2023,https://news.google.com/articles/CBMiYGh0dHBzOi8vd3d3Lm1ldHJvcG9sZXMuY29tL2JyYXNpbC9zZXRlLWVzdGFkb3Mtc2VyYW8tbWFpcy1hZmV0YWRvcy1wb3Itb25kYS1kZS1jYWxvci1wcmV2ZS1pbm1ldNIBAA?hl=pt-BR&gl=BR&ceid=BR%3Apt-419
Filho conta que pai morreu em ciclone no RS ao tentar salvar cachorro,Metrópoles,8 de set. de 2023,https://news.google.com/articles/CBMiQ2h0dHBzOi8vd3d3Lm1ldHJvcG9sZXMuY29tL2JyYXNpbC9wYWktbW9ycmUtY2ljbG9uZS1zYWx2YXItY2FjaG9ycm_SAQA?hl=pt-BR&gl=BR&ceid=BR%3Apt-419
Ciclone extratropical faz tempestades chegarem ao Sul e Sudeste,Metrópoles,4 de set. de 2023,https://news.google.com/articles/CBMiT2h0dHBzOi8vd3d3Lm1ldHJvcG9sZXMuY29tL2JyYXNpbC9jaWNsb25lLWV4dHJhdHJvcGljYWwtdGVtcGVzdGFkZXMtc3VsLXN1ZGVzdGXSAQA?hl=pt-BR&gl=BR&ceid=BR%3Apt-419
Ciclone no Sul: força-tarefa tenta localizar 46 desaparecidos,Metrópoles,8 de set. de 2023,https://news.google.com/articles/CBMiXmh0dHBzOi8vd3d3Lm1ldHJvcG9sZXMuY29tL2JyYXNpbC9jaWNsb25lLW5vLXN1bC1mb3JjYS10YXJlZmEtdGVudGEtbG9jYWxpemFyLTQ2LWRlc2FwYXJlY2lkb3PSAQA?hl=pt-BR&gl=BR&ceid=BR%3Apt-419
Entenda o ciclone extratropical que atingiu a região Sul do Brasil,Metrópoles,4 de set. de 2023,https://news.google.com/articles/CBMiZGh0dHBzOi8vd3d3Lm1ldHJvcG9sZXMuY29tL2JyYXNpbC9lbnRlbmRhLW8tY2ljbG9uZS1leHRyYXRyb3BpY2FsLXF1ZS1hdGluZ2l1LWEtcmVnaWFvLXN1bC1kby1icmFzaWzSAQA?hl=pt-BR&gl=BR&ceid=BR%3Apt-419
Ciclone extratropical: previsão é de tempestades e granizo no sul,Metrópoles,7 de set. de 2023,https://news.google.com/articles/CBMiYmh0dHBzOi8vd3d3Lm1ldHJvcG9sZXMuY29tL2JyYXNpbC9jaWNsb25lLWV4dHJhdHJvcGljYWwtcHJldmlzYW8tZS1kZS10ZW1wZXN0YWRlcy1lLWdyYW5pem8tbm8tc3Vs0gEA?hl=pt-BR&gl=BR&ceid=BR%3Apt-419
Janja fala sobre vídeo de dança ao chegar à Índia após mortes no RS,Metrópoles,9 de set. de 2023,https://news.google.com/articles/CBMiZWh0dHBzOi8vd3d3Lm1ldHJvcG9sZXMuY29tL2JyYXNpbC9qYW5qYS1mYWxhLXNvYnJlLXZpZGVvLWRlLWRhbmNhLWFvLWNoZWdhci1hLWluZGlhLWFwb3MtbW9ydGVzLW5vLXJz0gEA?hl=pt-BR&gl=BR&ceid=BR%3Apt-419
Vídeo mostra ciclone tombando caminhão na BR-101 em SC,Metrópoles,14 de jul. de 2023,https://news.google.com/articles/CBMiWGh0dHBzOi8vd3d3Lm1ldHJvcG9sZXMuY29tL2JyYXNpbC92aWRlby1tb3N0cmEtY2ljbG9uZS10b21iYW5kby1jYW1pbmhhby1uYS1ici0xMDEtZW0tc2PSAQA?hl=pt-BR&gl=BR&ceid=BR%3Apt-419
Receita libera 30 mil itens para famílias atingidas por ciclone no Sul,Metrópoles,9 de set. de 2023,https://news.google.com/articles/CBMiamh0dHBzOi8vd3d3Lm1ldHJvcG9sZXMuY29tL25lZ29jaW9zL3JlY2VpdGEtbGliZXJhLTMwLW1pbC1pdGVucy1wYXJhLWZhbWlsaWFzLWF0aW5naWRhcy1wb3ItY2ljbG9uZS1uby1zdWzSAQA?hl=pt-BR&gl=BR&ceid=BR%3Apt-419
Ciclone: Alckmin reúne ministros e decide ir ao RS após 42 mortes,Metrópoles,8 de set. de 2023,https://news.google.com/articles/CBMiX2h0dHBzOi8vd3d3Lm1ldHJvcG9sZXMuY29tL2NvbHVuYXMvaWdvci1nYWRlbGhhL2FsY2ttaW4tcmV1bmUtbWluaXN0cm9zLWUtcHJvZ3JhbWEtdmlhZ2VtLWFvLXJz0gEA?hl=pt-BR&gl=BR&ceid=BR%3Apt-419
Governo do RS cria chave PIX para doações às vítimas do ciclone,Metrópoles,9 de set. de 2023,https://news.google.com/articles/CBMiYWh0dHBzOi8vd3d3Lm1ldHJvcG9sZXMuY29tL2JyYXNpbC9nb3Zlcm5vLWRvLXJzLWNyaWEtY2hhdmUtcGl4LXBhcmEtZG9hY29lcy1hcy12aXRpbWFzLWRvLWNpY2xvbmXSAQA?hl=pt-BR&gl=BR&ceid=BR%3Apt-419
Número de mortos após passagem de ciclone no RS sobe para 47,Metrópoles,12 de set. de 2023,https://news.google.com/articles/CBMiNmh0dHBzOi8vd3d3Lm1ldHJvcG9sZXMuY29tL2JyYXNpbC9tb3J0b3MtY2ljbG9uZS1ycy00N9IBAA?hl=pt-BR&gl=BR&ceid=BR%3Apt-419
Juliette se desculpa após anúncio da turnê Ciclone no RS,Metrópoles,20 de set. de 2023,https://news.google.com/articles/CBMiaWh0dHBzOi8vd3d3Lm1ldHJvcG9sZXMuY29tL2VudHJldGVuaW1lbnRvL211c2ljYS9qdWxpZXR0ZS1zZS1kZXNjdWxwYS1hcG9zLWFudW5jaW8tZGEtdHVybmUtY2ljbG9uZS1uby1yc9IBAA?hl=pt-BR&gl=BR&ceid=BR%3Apt-419
Número de mortes por tragédia das enchentes no RS sobe para 46,Metrópoles,10 de set. de 2023,https://news.google.com/articles/CBMiYGh0dHBzOi8vd3d3Lm1ldHJvcG9sZXMuY29tL2JyYXNpbC9udW1lcm8tZGUtbW9ydGVzLXBvci10cmFnZWRpYS1kYXMtZW5jaGVudGVzLW5vLXJzLXNvYmUtcGFyYS00NtIBAA?hl=pt-BR&gl=BR&ceid=BR%3Apt-419
"42 mortos: mesmo sem ciclone, tempestades continuam castigando o Sul",Metrópoles,8 de set. de 2023,https://news.google.com/articles/CBMiPWh0dHBzOi8vd3d3Lm1ldHJvcG9sZXMuY29tL2JyYXNpbC9zZW0tY2ljbG9uZS10ZW1wZXN0YWRlcy1zdWzSAQA?hl=pt-BR&gl=BR&ceid=BR%3Apt-419
"Morre Thayron, cão que atuou no resgate a vítimas do ciclone no RS",Metrópoles,22 de set. de 2023,https://news.google.com/articles/CBMiY2h0dHBzOi8vd3d3Lm1ldHJvcG9sZXMuY29tL2JyYXNpbC9tb3JyZS10aGF5cm9uLWNhby1xdWUtYXR1b3Utbm8tcmVzZ2F0ZS1hLXZpdGltYXMtZG8tY2ljbG9uZS1uby1yc9IBAA?hl=pt-BR&gl=BR&ceid=BR%3Apt-419
Homem salva filhotes de cachorro após ciclone extratropical no RS,Metrópoles,6 de set. de 2023,https://news.google.com/articles/CBMibmh0dHBzOi8vd3d3Lm1ldHJvcG9sZXMuY29tL2NvbHVuYXMvZS1vLWJpY2hvL2hvbWVtLXNhbHZhLWZpbGhvdGVzLWRlLWNhY2hvcnJvLWFwb3MtY2ljbG9uZS1leHRyYXRyb3BpY2FsLW5vLXJz0gEA?hl=pt-BR&gl=BR&ceid=BR%3Apt-419
Saiba quem são as vítimas do ciclone no Rio Grande do Sul,Metrópoles,20 de jun. de 2023,https://news.google.com/articles/CBMiW2h0dHBzOi8vd3d3Lm1ldHJvcG9sZXMuY29tL2JyYXNpbC9zYWliYS1xdWVtLXNhby1hcy12aXRpbWFzLWRvLWNpY2xvbmUtbm8tcmlvLWdyYW5kZS1kby1zdWzSAQA?hl=pt-BR&gl=BR&ceid=BR%3Apt-419
Juliette faz post sobre turnê Ciclone no RS e é alvo de críticas,Metrópoles,20 de set. de 2023,https://news.google.com/articles/CBMiaGh0dHBzOi8vd3d3Lm1ldHJvcG9sZXMuY29tL2NlbGVicmlkYWRlcy9qdWxpZXR0ZS1mYXotcG9zdC1zb2JyZS10dXJuZS1jaWNsb25lLW5vLXJzLWUtZS1hbHZvLWRlLWNyaXRpY2Fz0gEA?hl=pt-BR&gl=BR&ceid=BR%3Apt-419
Veja pontos oficiais de doação no Sul para vítimas de ciclone,Metrópoles,6 de set. de 2023,https://news.google.com/articles/CBMiX2h0dHBzOi8vd3d3Lm1ldHJvcG9sZXMuY29tL2JyYXNpbC92ZWphLXBvbnRvcy1vZmljaWFpcy1kZS1kb2FjYW8tbm8tc3VsLXBhcmEtdml0aW1hcy1kZS1jaWNsb25l0gEA?hl=pt-BR&gl=BR&ceid=BR%3Apt-419
Novo ciclone extratropical no RS poderá causar ventos de até 110km/h,Metrópoles,11 de jul. de 2023,https://news.google.com/articles/CBMiZmh0dHBzOi8vd3d3Lm1ldHJvcG9sZXMuY29tL2JyYXNpbC9ub3ZvLWNpY2xvbmUtZXh0cmF0cm9waWNhbC1uby1ycy1wb2RlcmEtY2F1c2FyLXZlbnRvcy1kZS1hdGUtMTEwa20taNIBAA?hl=pt-BR&gl=BR&ceid=BR%3Apt-419
"Atingida por temporal, cidade de Muçum (RS) está 80% embaixo d'água",Metrópoles,5 de set. de 2023,https://news.google.com/articles/CBMiYGh0dHBzOi8vd3d3Lm1ldHJvcG9sZXMuY29tL2JyYXNpbC9hdGluZ2lkYS1wb3ItdGVtcG9yYWwtY2lkYWRlLWRlLW11Y3VtLXJzLWVzdGEtODAtZW1iYWl4by1kYWd1YdIBAA?hl=pt-BR&gl=BR&ceid=BR%3Apt-419
"Após passagem de ciclone, 46 pessoas seguem desaparecidas no RS",Metrópoles,8 de set. de 2023,https://news.google.com/articles/CBMiRWh0dHBzOi8vd3d3Lm1ldHJvcG9sZXMuY29tL2JyYXNpbC9jaWNsb25lLTQ2LXBlc3NvYXMtZGVzYXBhcmVjaWRhcy1yc9IBAA?hl=pt-BR&gl=BR&ceid=BR%3Apt-419
Único hospital de cidade gaúcha fica destruído após ciclone,Metrópoles,7 de set. de 2023,https://news.google.com/articles/CBMiXWh0dHBzOi8vd3d3Lm1ldHJvcG9sZXMuY29tL2JyYXNpbC91bmljby1ob3NwaXRhbC1kZS1jaWRhZGUtZ2F1Y2hhLWZpY2EtZGVzdHJ1aWRvLWFwb3MtY2ljbG9uZdIBAA?hl=pt-BR&gl=BR&ceid=BR%3Apt-419
Missionários goianos ficam ilhados em Moçambique após ciclone,Metrópoles,14 de mar. de 2023,https://news.google.com/articles/CBMiX2h0dHBzOi8vd3d3Lm1ldHJvcG9sZXMuY29tL2JyYXNpbC9taXNzaW9uYXJpb3MtZ29pYW5vcy1maWNhbS1pbGhhZG9zLWVtLW1vY2FtYmlxdWUtYXBvcy1jaWNsb25l0gEA?hl=pt-BR&gl=BR&ceid=BR%3Apt-419
Ciclone extratropical causa 4 mortes em temporais no Rio Grande do Sul,Metrópoles,4 de set. de 2023,https://news.google.com/articles/CBMiZ2h0dHBzOi8vd3d3Lm1ldHJvcG9sZXMuY29tL2JyYXNpbC9jaWNsb25lLWV4dHJhdHJvcGljYWwtY2F1c2EtNC1tb3J0ZXMtZS10ZW1wb3JhaXMtbm8tcmlvLWdyYW5kZS1kby1zdWzSAQA?hl=pt-BR&gl=BR&ceid=BR%3Apt-419
Ciclone extratropical: chuvas voltam a cair no RS nesta quarta,Metrópoles,6 de set. de 2023,https://news.google.com/articles/CBMiOmh0dHBzOi8vd3d3Lm1ldHJvcG9sZXMuY29tL2JyYXNpbC9jaWNsb25lLWNodXZhcy1ycy1xdWFydGHSAQA?hl=pt-BR&gl=BR&ceid=BR%3Apt-419
Ciclone em SP: mulher morre após choque elétrico durante ventania,Metrópoles,13 de jul. de 2023,https://news.google.com/articles/CBMiZWh0dHBzOi8vd3d3Lm1ldHJvcG9sZXMuY29tL3Nhby1wYXVsby9jaWNsb25lLWVtLXNwLW11bGhlci1tb3JyZS1hcG9zLWNob3F1ZS1lbGV0cmljby1kdXJhbnRlLXZlbnRhbmlh0gEA?hl=pt-BR&gl=BR&ceid=BR%3Apt-419
"Com 43 mortos, o Rio Grande do Sul ainda espera a visita de Lula",Metrópoles,11 de set. de 2023,https://news.google.com/articles/CBMieGh0dHBzOi8vd3d3Lm1ldHJvcG9sZXMuY29tL2Jsb2ctZG8tbm9ibGF0L3JpY2FyZG8tbm9ibGF0L2NvbS00My1tb3J0b3Mtby1yaW8tZ3JhbmRlLWRvLXN1bC1haW5kYS1lc3BlcmEtYS12aXNpdGEtZGUtbHVsYdIBAA?hl=pt-BR&gl=BR&ceid=BR%3Apt-419
Ciclone: veja imagens do resgate de pessoas ilhadas pelas enchentes,Metrópoles,5 de set. de 2023,https://news.google.com/articles/CBMiZGh0dHBzOi8vd3d3Lm1ldHJvcG9sZXMuY29tL2JyYXNpbC9jaWNsb25lLXZlamEtaW1hZ2Vucy1kby1yZXNnYXRlLWRlLXBlc3NvYXMtaWxoYWRhcy1wZWxhcy1lbmNoZW50ZXPSAQA?hl=pt-BR&gl=BR&ceid=BR%3Apt-419
Região Sul será atingida por novo ciclone extratropical nesta terça,Metrópoles,25 de jul. de 2023,https://news.google.com/articles/CBMiZWh0dHBzOi8vd3d3Lm1ldHJvcG9sZXMuY29tL2JyYXNpbC9yZWdpYW8tc3VsLXNlcmEtYXRpbmdpZGEtcG9yLW5vdm8tY2ljbG9uZS1leHRyYXRyb3BpY2FsLW5lc3RhLXRlcmNh0gEA?hl=pt-BR&gl=BR&ceid=BR%3Apt-419
SC: mais de 300 pinguins são encontrados mortos em praias após ciclone,Metrópoles,3 de out. de 2023,https://news.google.com/articles/CBMiZ2h0dHBzOi8vd3d3Lm1ldHJvcG9sZXMuY29tL2JyYXNpbC9zYy1tYWlzLWRlLTMwMC1waW5ndWlucy1zYW8tZW5jb250cmFkb3MtbW9ydG9zLWVtLXByYWlhcy1hcG9zLWNpY2xvbmXSAQA?hl=pt-BR&gl=BR&ceid=BR%3Apt-419
"Chuva continua no RS, mas restante do Brasil segue derretendo",Metrópoles,25 de set. de 2023,https://news.google.com/articles/CBMiPGh0dHBzOi8vd3d3Lm1ldHJvcG9sZXMuY29tL2JyYXNpbC9jaHV2YS1ycy1icmFzaWwtZGVycmV0ZW5kb9IBAA?hl=pt-BR&gl=BR&ceid=BR%3Apt-419
Inmet prevê novo ciclone no Rio Grande do Sul com risco de temporais,Metrópoles,12 de set. de 2023,https://news.google.com/articles/CBMiYGh0dHBzOi8vd3d3Lm1ldHJvcG9sZXMuY29tL2JyYXNpbC9ub3ZvLWNpY2xvbmUtcG9kZS1sZXZhci10ZW1wb3JhaXMtYW8tcnMtYS1wYXJ0aXItZGVzdGEtc2VndW5kYdIBAA?hl=pt-BR&gl=BR&ceid=BR%3Apt-419
Ciclone no sul: n° de mortos sobe para 37 e 9 seguem desaparecidos,Metrópoles,6 de set. de 2023,https://news.google.com/articles/CBMiYmh0dHBzOi8vd3d3Lm1ldHJvcG9sZXMuY29tL2JyYXNpbC9jaWNsb25lLW5vLXN1bC1uLWRlLW1vcnRvcy1zb2JlLXBhcmEtMzctZS05LXNlZ3VlbS1kZXNhcGFyZWNpZG9z0gEA?hl=pt-BR&gl=BR&ceid=BR%3Apt-419
"Ciclone no Sul: “Há possibilidade de mais mortos”, aponta Defesa Civil",Metrópoles,5 de set. de 2023,https://news.google.com/articles/CBMiZGh0dHBzOi8vd3d3Lm1ldHJvcG9sZXMuY29tL2JyYXNpbC9jaWNsb25lLW5vLXN1bC1oYS1wb3NzaWJpbGlkYWRlLWRlLW1haXMtbW9ydG9zLWFwb250YS1kZWZlc2EtY2l2aWzSAQA?hl=pt-BR&gl=BR&ceid=BR%3Apt-419
Ciclone e tempestades: número de mortos sobe para 6 na Região Sul,Metrópoles,5 de set. de 2023,https://news.google.com/articles/CBMiYmh0dHBzOi8vd3d3Lm1ldHJvcG9sZXMuY29tL2JyYXNpbC9jaWNsb25lLWUtdGVtcGVzdGFkZXMtbnVtZXJvLWRlLW1vcnRvcy1zb2JlLXBhcmEtNS1uYS1yZWdpYW8tc3Vs0gEA?hl=pt-BR&gl=BR&ceid=BR%3Apt-419
"Ciclone em SC isola comunidades, interdita serra e deixa desabrigados",Metrópoles,16 de jun. de 2023,https://news.google.com/articles/CBMiZmh0dHBzOi8vd3d3Lm1ldHJvcG9sZXMuY29tL2JyYXNpbC9jaWNsb25lLWVtLXNjLWlzb2xhLWNvbXVuaWRhZGVzLWludGVyZGl0YS1zZXJyYS1lLWRlaXhhLWRlc2FicmlnYWRvc9IBAA?hl=pt-BR&gl=BR&ceid=BR%3Apt-419
Passagem de ciclone atinge Sul do Brasil; saiba os efeitos no Paraná,Metrópoles,16 de jun. de 2023,https://news.google.com/articles/CBMiZWh0dHBzOi8vd3d3Lm1ldHJvcG9sZXMuY29tL2JyYXNpbC9wYXNzYWdlbS1kZS1jaWNsb25lLWF0aW5nZS1zdWwtZG8tYnJhc2lsLXNhaWJhLW9zLWVmZWl0b3Mtbm8tcGFyYW5h0gEA?hl=pt-BR&gl=BR&ceid=BR%3Apt-419
Ciclone: Sul tenta emergir da tragédia que causou mortes e destruição,Metrópoles,6 de set. de 2023,https://news.google.com/articles/CBMiZ2h0dHBzOi8vd3d3Lm1ldHJvcG9sZXMuY29tL2JyYXNpbC9jaWNsb25lLXN1bC10ZW50YS1lbWVyZ2lyLWRhLXRyYWdlZGlhLXF1ZS1jYXVzb3UtbW9ydG9zLWUtZGVzYWxvamFkb3PSAQA?hl=pt-BR&gl=BR&ceid=BR%3Apt-419
Bebê de 4 meses está entre as 13 vítimas do ciclone no RS,Metrópoles,18 de jun. de 2023,https://news.google.com/articles/CBMiW2h0dHBzOi8vd3d3Lm1ldHJvcG9sZXMuY29tL2JyYXNpbC9iZWJlLWRlLTQtbWVzZXMtZXN0YS1lbnRyZS1hcy0xMy12aXRpbWFzLWRvLWNpY2xvbmUtbm8tcnPSAQA?hl=pt-BR&gl=BR&ceid=BR%3Apt-419
Ciclone provoca risco de temporais em SC nesta quinta-feira (27/7),Metrópoles,27 de jul. de 2023,https://news.google.com/articles/CBMiYmh0dHBzOi8vd3d3Lm1ldHJvcG9sZXMuY29tL2JyYXNpbC9jaWNsb25lLXByb3ZvY2EtcmlzY28tZGUtdGVtcG9yYWlzLWVtLXNjLW5lc3RhLXF1aW50YS1mZWlyYS0yNy030gEA?hl=pt-BR&gl=BR&ceid=BR%3Apt-419
"Humorista arrecada 2,7 milhões para vítimas de enchentes no RS",Metrópoles,16 de set. de 2023,https://news.google.com/articles/CBMiZWh0dHBzOi8vd3d3Lm1ldHJvcG9sZXMuY29tL2NlbGVicmlkYWRlcy9odW1vcmlzdGEtYXJyZWNhZGEtMjctbWlsaG9lcy1wYXJhLXZpdGltYXMtZGUtZW5jaGVudGVzLW5vLXJz0gEA?hl=pt-BR&gl=BR&ceid=BR%3Apt-419
Gusttavo Lima é processado por acidente e roubo em dia de ciclone no Sul,Metrópoles,24 de ago. de 2023,https://news.google.com/articles/CBMiemh0dHBzOi8vd3d3Lm1ldHJvcG9sZXMuY29tL2NvbHVuYXMvZmFiaWEtb2xpdmVpcmEvZ3VzdHRhdm8tbGltYS1lLXByb2Nlc3NhZG8tcG9yLWFjaWRlbnRlLWUtcm91Ym8tZW0tZGlhLWRlLWNpY2xvbmUtbm8tc3Vs0gEA?hl=pt-BR&gl=BR&ceid=BR%3Apt-419
Vídeo: surfista filma o próprio resgate no mar de Copacabana,Metrópoles,4 de abr. de 2023,https://news.google.com/articles/CBMiX2h0dHBzOi8vd3d3Lm1ldHJvcG9sZXMuY29tL2VzcG9ydGVzL3ZpZGVvLXN1cmZpc3RhLWZpbG1hLW8tcHJvcHJpby1yZXNnYXRlLW5vLW1hci1kZS1jb3BhY2FiYW5h0gEA?hl=pt-BR&gl=BR&ceid=BR%3Apt-419
Defesa Civil mantém alerta para risco de temporal no Rio Grande do Sul,Metrópoles,8 de set. de 2023,https://news.google.com/articles/CBMiaGh0dHBzOi8vd3d3Lm1ldHJvcG9sZXMuY29tL2JyYXNpbC9kZWZlc2EtY2l2aWwtbWFudGVtLWFsZXJ0YS1wYXJhLXJpc2NvLWRlLXRlbXBvcmFsLW5vLXJpby1ncmFuZGUtZG8tc3Vs0gEA?hl=pt-BR&gl=BR&ceid=BR%3Apt-419
"Enchentes no RS já provocaram a morte de 29,3 mil animais da pecuária",Metrópoles,10 de set. de 2023,https://news.google.com/articles/CBMiZmh0dHBzOi8vd3d3Lm1ldHJvcG9sZXMuY29tL2JyYXNpbC9lbmNoZW50ZXMtbm8tcnMtamEtcHJvdm9jYXJhbS1hLW1vcnRlLWRlLTI5My1taWwtYW5pbWFpcy1kYS1wZWN1YXJpYdIBAA?hl=pt-BR&gl=BR&ceid=BR%3Apt-419
