Title,Source,Time,Link
Oktoberfest Blumenau 2023 é suspensa por risco de enchente,Metrópoles,6 de out. de 2023,https://news.google.com/articles/CBMiP2h0dHBzOi8vd3d3Lm1ldHJvcG9sZXMuY29tL2JyYXNpbC9va3RvYmVyZmVzdC1zdXNwZW5zYS1lbmNoZW50ZdIBAA?hl=pt-BR&gl=BR&ceid=BR%3Apt-419
São Luiz do Paraitinga prevê calamidade por chuva e adia Carnaval 2023,Metrópoles,14 de fev. de 2023,https://news.google.com/articles/CBMia2h0dHBzOi8vd3d3Lm1ldHJvcG9sZXMuY29tL3Nhby1wYXVsby9zYW8tbHVpei1kby1wYXJhaXRpbmdhLXByZXZlLWNhbGFtaWRhZGUtcG9yLWNodXZhLWUtYWRpYS1jYXJuYXZhbC0yMDIz0gEA?hl=pt-BR&gl=BR&ceid=BR%3Apt-419
"Tempestade causa acidentes, alagamentos e trava o trânsito em Brasília",Metrópoles,10 de abr. de 2023,https://news.google.com/articles/CBMicWh0dHBzOi8vd3d3Lm1ldHJvcG9sZXMuY29tL2Rpc3RyaXRvLWZlZGVyYWwvdGVtcGVzdGFkZS1jYXVzYS1hY2lkZW50ZXMtYWxhZ2FtZW50b3MtZS10cmF2YS1vLXRyYW5zaXRvLWVtLWJyYXNpbGlh0gEA?hl=pt-BR&gl=BR&ceid=BR%3Apt-419
"Conheça Derna, na Líbia, destruída por enchente e marcada por rebeldia",Metrópoles,19 de set. de 2023,https://news.google.com/articles/CBMiPmh0dHBzOi8vd3d3Lm1ldHJvcG9sZXMuY29tL211bmRvL2Rlcm5hLWxpYmlhLWVuY2hlbnRlLXJlYmVsZGlh0gEA?hl=pt-BR&gl=BR&ceid=BR%3Apt-419
Chuva provoca alagamentos e desabamento; Prefeitura suspende rodízio,Metrópoles,13 de mar. de 2023,https://news.google.com/articles/CBMiamh0dHBzOi8vd3d3Lm1ldHJvcG9sZXMuY29tL3Nhby1wYXVsby9jaHV2YS1wcm92b2NhLWFsYWdhbWVudG9zLWUtZGVzYWJhbWVudG8tZS1wcmVmZWl0dXJhLXN1c3BlbmRlLXJvZGl6aW_SAQA?hl=pt-BR&gl=BR&ceid=BR%3Apt-419
Temporada de chuvas: desabamentos aumentam 49% na capital paulista,Metrópoles,3 de mai. de 2023,https://news.google.com/articles/CBMiZWh0dHBzOi8vd3d3Lm1ldHJvcG9sZXMuY29tL3Nhby1wYXVsby90ZW1wb3JhZGEtZGUtY2h1dmFzLWRlc2FiYW1lbnRvcy1hdW1lbnRhbS00OS1uYS1jYXBpdGFsLXBhdWxpc3Rh0gEA?hl=pt-BR&gl=BR&ceid=BR%3Apt-419
Prefeito de Blumenau faz alerta contra fake news sobre enchentes,Metrópoles,6 de out. de 2023,https://news.google.com/articles/CBMiYmh0dHBzOi8vd3d3Lm1ldHJvcG9sZXMuY29tL2JyYXNpbC9wcmVmZWl0by1kZS1ibHVtZW5hdS1mYXotYWxlcnRhLWNvbnRyYS1mYWtlLW5ld3Mtc29icmUtZW5jaGVudGVz0gEA?hl=pt-BR&gl=BR&ceid=BR%3Apt-419
Defesa Civil: enchente em Blumenau pode atingir 12 m no fim de semana,Metrópoles,5 de out. de 2023,https://news.google.com/articles/CBMiZmh0dHBzOi8vd3d3Lm1ldHJvcG9sZXMuY29tL2JyYXNpbC9kZWZlc2EtY2l2aWwtZW5jaGVudGUtZW0tYmx1bWVuYXUtcG9kZS1hdGluZ2lyLTEyLW0tbm8tZmltLWRlLXNlbWFuYdIBAA?hl=pt-BR&gl=BR&ceid=BR%3Apt-419
Vídeo: hóspedes e funcionários de hotel fogem de enchente usando caiaque,Metrópoles,21 de abr. de 2023,https://news.google.com/articles/CBMibWh0dHBzOi8vd3d3Lm1ldHJvcG9sZXMuY29tL2JyYXNpbC92aWRlby1ob3NwZWRlcy1lLWZ1bmNpb25hcmlvcy1kZS1ob3RlbC11c2FtLWNhaWFxdWVzLXBhcmEtZnVnaXItZGUtZW5jaGVudGXSAQA?hl=pt-BR&gl=BR&ceid=BR%3Apt-419
Itabuna: governo vai construir 696 casas após desastres naturais,Metrópoles,24 de abr. de 2023,https://news.google.com/articles/CBMiYWh0dHBzOi8vd3d3Lm1ldHJvcG9sZXMuY29tL2JyYXNpbC9pdGFidW5hLWdvdmVybm8tdmFpLWNvbnN0cnVpci02OTYtY2FzYXMtYXBvcy1kZXNhc3RyZXMtbmF0dXJhaXPSAQA?hl=pt-BR&gl=BR&ceid=BR%3Apt-419
Desfile da Oktoberfest é adiado em meio a temporais e enchentes em SC,Metrópoles,4 de out. de 2023,https://news.google.com/articles/CBMiZ2h0dHBzOi8vd3d3Lm1ldHJvcG9sZXMuY29tL2JyYXNpbC9kZXNmaWxlLWRhLW9rdG9iZXJmZXN0LWUtYWRpYWRvLWVtLW1laW8tYS10ZW1wb3JhaXMtZS1lbmNoZW50ZXMtZW0tc2PSAQA?hl=pt-BR&gl=BR&ceid=BR%3Apt-419
Blumenau decreta situação de emergência por conta das chuvas,Metrópoles,8 de out. de 2023,https://news.google.com/articles/CBMiXmh0dHBzOi8vd3d3Lm1ldHJvcG9sZXMuY29tL2JyYXNpbC9ibHVtZW5hdS1kZWNyZXRhLXNpdHVhY2FvLWRlLWVtZXJnZW5jaWEtcG9yLWNvbnRhLWRhcy1jaHV2YXPSAQA?hl=pt-BR&gl=BR&ceid=BR%3Apt-419
Vídeo: temporal causa alagamento e estragos em Ceilândia,Metrópoles,15 de abr. de 2023,https://news.google.com/articles/CBMiY2h0dHBzOi8vd3d3Lm1ldHJvcG9sZXMuY29tL2Rpc3RyaXRvLWZlZGVyYWwvdmlkZW8tdGVtcG9yYWwtY2F1c2EtYWxhZ2FtZW50by1lLWVzdHJhZ29zLWVtLWNlaWxhbmRpYdIBAA?hl=pt-BR&gl=BR&ceid=BR%3Apt-419
Metrô retido e inundações: vídeos mostram estragos da chuva desta 2ª no DF,Metrópoles,3 de abr. de 2023,https://news.google.com/articles/CBMidWh0dHBzOi8vd3d3Lm1ldHJvcG9sZXMuY29tL2Rpc3RyaXRvLWZlZGVyYWwvbWV0cm8tcmV0aWRvLWUtaW51bmRhY29lcy12aWRlb3MtbW9zdHJhbS1lc3RyYWdvcy1kYS1jaHV2YS1kZXN0YS0yYS1uby1kZtIBAA?hl=pt-BR&gl=BR&ceid=BR%3Apt-419
Homem é arrastado por enchente e desaparece às margens do Rio Tietê,Metrópoles,15 de mar. de 2023,https://news.google.com/articles/CBMiaGh0dHBzOi8vd3d3Lm1ldHJvcG9sZXMuY29tL3Nhby1wYXVsby9ob21lbS1lLWFycmFzdGFkby1wb3ItZW5jaGVudGUtZS1kZXNhcGFyZWNlLWFzLW1hcmdlbnMtZG8tcmlvLXRpZXRl0gEA?hl=pt-BR&gl=BR&ceid=BR%3Apt-419
"Vídeo: moradores protestam ""pescando"" na enchente em Goiânia",Metrópoles,4 de fev. de 2023,https://news.google.com/articles/CBMiW2h0dHBzOi8vd3d3Lm1ldHJvcG9sZXMuY29tL2JyYXNpbC92aWRlby1tb3JhZG9yZXMtcHJvdGVzdGFtLXBlc2NhbmRvLW5hLWVuY2hlbnRlLWVtLWdvaWFuaWHSAQA?hl=pt-BR&gl=BR&ceid=BR%3Apt-419
"Prefeita de Atalaia (AL) é criticada por fotos em enchente: ""Close na derrota""",Metrópoles,8 de jul. de 2023,https://news.google.com/articles/CBMia2h0dHBzOi8vd3d3Lm1ldHJvcG9sZXMuY29tL2JyYXNpbC9wcmVmZWl0YS1kZS1hdGFsYWlhLWFsLWUtY3JpdGljYWRhLXBvci1mb3Rvcy1lbS1lbmNoZW50ZS1jbG9zZS1uYS1kZXJyb3Rh0gEA?hl=pt-BR&gl=BR&ceid=BR%3Apt-419
Temporal provoca enchentes e mulher morre dentro de carro submerso,Metrópoles,8 de mar. de 2023,https://news.google.com/articles/CBMiZGh0dHBzOi8vd3d3Lm1ldHJvcG9sZXMuY29tL3Nhby1wYXVsby90ZW1wb3JhbC1wcm92b2NhLWVuY2hlbnRlcy1lLW11bGhlci1tb3JyZS1kZW50cm8tY2Fycm8tc3VibWVyc2_SAQA?hl=pt-BR&gl=BR&ceid=BR%3Apt-419
Vídeo: corredores e estacionamento do Hmib alagam após forte chuva,Metrópoles,30 de abr. de 2023,https://news.google.com/articles/CBMibWh0dHBzOi8vd3d3Lm1ldHJvcG9sZXMuY29tL2Rpc3RyaXRvLWZlZGVyYWwvdmlkZW8tY29ycmVkb3Jlcy1lLWVzdGFjaW9uYW1lbnRvLWRvLWhtaWItYWxhZ2FtLWFwb3MtZm9ydGUtY2h1dmHSAQA?hl=pt-BR&gl=BR&ceid=BR%3Apt-419
Líbia teme epidemia devido à quantidade de cadáveres sob escombros,Metrópoles,14 de set. de 2023,https://news.google.com/articles/CBMiQmh0dHBzOi8vd3d3Lm1ldHJvcG9sZXMuY29tL211bmRvL2xpYmlhLWVwaWRlbWlhLWNhZGF2ZXJlcy1lbmNoZW50ZdIBAA?hl=pt-BR&gl=BR&ceid=BR%3Apt-419
"Após calorão, chuva deixa SP em estado de atenção para alagamentos",Metrópoles,27 de set. de 2023,https://news.google.com/articles/CBMiZmh0dHBzOi8vd3d3Lm1ldHJvcG9sZXMuY29tL3Nhby1wYXVsby9hcG9zLWNhbG9yYW8tY2h1dmEtZGVpeGEtc3AtZW0tZXN0YWRvLWRlLWF0ZW5jYW8tcGFyYS1hbGFnYW1lbnRvc9IBAA?hl=pt-BR&gl=BR&ceid=BR%3Apt-419
"Chuvas: ""Comparado a Nova York, dano em SP foi menor"", diz secretário",Metrópoles,22 de mar. de 2023,https://news.google.com/articles/CBMiZWh0dHBzOi8vd3d3Lm1ldHJvcG9sZXMuY29tL3Nhby1wYXVsby9jaHV2YXMtY29tcGFyYWRvLWEtbm92YS15b3JrLWRhbm8tZW0tc3AtZm9pLW1lbm9yLWRpei1zZWNyZXRhcmlv0gEA?hl=pt-BR&gl=BR&ceid=BR%3Apt-419
Temporal causa alagamentos em SP; zonas sul e oeste são mais atingidas,Metrópoles,18 de abr. de 2023,https://news.google.com/articles/CBMiamh0dHBzOi8vd3d3Lm1ldHJvcG9sZXMuY29tL3Nhby1wYXVsby90ZW1wb3JhbC1jYXVzYS1hbGFnYW1lbnRvcy1lbS1zcC16b25hcy1zdWwtZS1vZXN0ZS1zYW8tbWFpcy1hdGluZ2lkYXPSAQA?hl=pt-BR&gl=BR&ceid=BR%3Apt-419
Forte chuva causa alagamentos e afeta trens em São Paulo,Metrópoles,12 de fev. de 2023,https://news.google.com/articles/CBMiXWh0dHBzOi8vd3d3Lm1ldHJvcG9sZXMuY29tL3Nhby1wYXVsby9mb3J0ZS1jaHV2YS1jYXVzYS1hbGFnYW1lbnRvcy1lLWFmZXRhLXRyZW5zLWVtLXNhby1wYXVsb9IBAA?hl=pt-BR&gl=BR&ceid=BR%3Apt-419
Piloto japonês ajuda moradores a limpar ruas de Faenza após enchente,Metrópoles,19 de mai. de 2023,https://news.google.com/articles/CBMidmh0dHBzOi8vd3d3Lm1ldHJvcG9sZXMuY29tL2VzcG9ydGVzL2F1dG9tb2JpbGlzbW8vcGlsb3RvLWphcG9uZXMtYWp1ZGEtbW9yYWRvcmVzLWEtbGltcGFyLXJ1YXMtZGUtZmFlbnphLWFwb3MtZW5jaGVudGXSAQA?hl=pt-BR&gl=BR&ceid=BR%3Apt-419
Vídeo: morador usa caiaque para andar em rua alagada de SP,Metrópoles,13 de mar. de 2023,https://news.google.com/articles/CBMiXmh0dHBzOi8vd3d3Lm1ldHJvcG9sZXMuY29tL3Nhby1wYXVsby92aWRlby1tb3JhZG9yLXVzYS1jYWlhcXVlLXBhcmEtYW5kYXItZW0tcnVhLWFsYWdhZGEtZGUtc3DSAQA?hl=pt-BR&gl=BR&ceid=BR%3Apt-419
"Na reta final para o Enem, confira 5 possíveis temas para a redação",Metrópoles,28 de out. de 2023,https://news.google.com/articles/CBMiZGh0dHBzOi8vd3d3Lm1ldHJvcG9sZXMuY29tL2JyYXNpbC9uYS1yZXRhLWZpbmFsLXBhcmEtby1lbmVtLWNvbmZpcmEtNS1wb3NzaXZlaXMtdGVtYXMtcGFyYS1hLXJlZGFjYW_SAQA?hl=pt-BR&gl=BR&ceid=BR%3Apt-419
Lula sobrevoa áreas alagadas no Maranhão; 64 municípios estão em situação de emergência,Metrópoles,9 de abr. de 2023,https://news.google.com/articles/CBMiYWh0dHBzOi8vd3d3Lm1ldHJvcG9sZXMuY29tL2JyYXNpbC9sdWxhLXZpYWphLXBhcmEtby1tYXJhbmhhby1wYXJhLXNvYnJldm9hci1hcmVhcy1wZWxhcy1lbmNoZW50ZXPSAQA?hl=pt-BR&gl=BR&ceid=BR%3Apt-419
"Vídeo. PRF arrastado por correnteza: ""A gente pensa em se manter vivo""",Metrópoles,14 de set. de 2023,https://news.google.com/articles/CBMiRmh0dHBzOi8vd3d3Lm1ldHJvcG9sZXMuY29tL2JyYXNpbC92aWRlby12aWF0dXJhLXByZi1hcnJhc3RhZGEtcG9saWNpYWzSAQA?hl=pt-BR&gl=BR&ceid=BR%3Apt-419
"Alvo de enchentes, bairro nobre ergueu prédios no lugar de um piscinão",Metrópoles,12 de mar. de 2023,https://news.google.com/articles/CBMiamh0dHBzOi8vd3d3Lm1ldHJvcG9sZXMuY29tL3Nhby1wYXVsby9hbHZvLWRlLWVuY2hlbnRlcy1iYWlycm8tbm9icmUtZXJndWV1LXByZWRpb3Mtbm8tbHVnYXItZGUtdW0tcGlzY2luYW_SAQA?hl=pt-BR&gl=BR&ceid=BR%3Apt-419
Vídeo: moradores flagram jacaré em enchente no RJ,Metrópoles,8 de fev. de 2023,https://news.google.com/articles/CBMiUmh0dHBzOi8vd3d3Lm1ldHJvcG9sZXMuY29tL2JyYXNpbC92aWRlby1tb3JhZG9yZXMtZmxhZ3JhbS1qYWNhcmUtZW0tZW5jaGVudGUtbm8tcmrSAQA?hl=pt-BR&gl=BR&ceid=BR%3Apt-419
Vídeo: ovelha fica pendurada em fiação após passagem de ciclone no RS,Metrópoles,6 de set. de 2023,https://news.google.com/articles/CBMiZmh0dHBzOi8vd3d3Lm1ldHJvcG9sZXMuY29tL2JyYXNpbC92aWRlby1vdmVsaGEtZmljYS1wZW5kdXJhZGEtZW0tZmlhY2FvLWFwb3MtcGFzc2FnZW0tZGUtY2ljbG9uZS1uby1yc9IBAA?hl=pt-BR&gl=BR&ceid=BR%3Apt-419
"Chuva mata 6, causa destruição e faz Maranhão decretar emergência em 64 cidades",Metrópoles,7 de abr. de 2023,https://news.google.com/articles/CBMicGh0dHBzOi8vd3d3Lm1ldHJvcG9sZXMuY29tL2JyYXNpbC9jaHV2YS1tYXRhLTYtY2F1c2EtZGVzdHJ1aWNhby1lLWZhei1tYXJhbmhhby1kZWNyZXRhci1lbWVyZ2VuY2lhLWVtLTY0LWNpZGFkZXPSAQA?hl=pt-BR&gl=BR&ceid=BR%3Apt-419
"Em 11 dias, DF registrou 55% do total de chuvas esperado para abril",Metrópoles,11 de abr. de 2023,https://news.google.com/articles/CBMibWh0dHBzOi8vd3d3Lm1ldHJvcG9sZXMuY29tL2Rpc3RyaXRvLWZlZGVyYWwvZW0tMTEtZGlhcy1kZi1yZWdpc3Ryb3UtNTUtZG8tdG90YWwtZGUtY2h1dmFzLWVzcGVyYWRvLXBhcmEtYWJyaWzSAQA?hl=pt-BR&gl=BR&ceid=BR%3Apt-419
Idosa de Rio do Sul é a terceira vítima de enchentes em SC,Metrópoles,15 de out. de 2023,https://news.google.com/articles/CBMiRGh0dHBzOi8vd3d3Lm1ldHJvcG9sZXMuY29tL2JyYXNpbC9pZG9zYS10ZXJjZWlyYS12aXRpbWEtZW5jaGVudGVzLXNj0gEA?hl=pt-BR&gl=BR&ceid=BR%3Apt-419
Sem piscinões: TCM critica Nunes por dar fim a licitações em SP,Metrópoles,30 de jun. de 2023,https://news.google.com/articles/CBMiY2h0dHBzOi8vd3d3Lm1ldHJvcG9sZXMuY29tL3Nhby1wYXVsby9zZW0tcGlzY2lub2VzLXRjbS1jcml0aWNhLW51bmVzLXBvci1kYXItZmltLWEtbGljaXRhY29lcy1lbS1zcNIBAA?hl=pt-BR&gl=BR&ceid=BR%3Apt-419
Tempestade e ventania causam estragos e destruição em Pirenópolis,Metrópoles,11 de out. de 2023,https://news.google.com/articles/CBMiY2h0dHBzOi8vd3d3Lm1ldHJvcG9sZXMuY29tL2JyYXNpbC90ZW1wZXN0YWRlLWUtdmVudGFuaWEtY2F1c2FtLWVzdHJhZ29zLWUtZGVzdHJ1aWNhby1lbS1waXJlbm9wb2xpc9IBAA?hl=pt-BR&gl=BR&ceid=BR%3Apt-419
"Brasil gastou R$ 263,7 mi com danos causados por desabamentos em 2023",Metrópoles,10 de set. de 2023,https://news.google.com/articles/CBMiZWh0dHBzOi8vd3d3Lm1ldHJvcG9sZXMuY29tL2JyYXNpbC9icmFzaWwtZ2FzdG91LXItMjYzNy1taS1jb20tZGFub3MtY2F1c2Fkb3MtcG9yLWRlc2FiYW1lbnRvcy1lbS0yMDIz0gEA?hl=pt-BR&gl=BR&ceid=BR%3Apt-419
"Tragédia no litoral de SP: 36 mortos, 228 desalojados e 338 desabrigados",Metrópoles,19 de fev. de 2023,https://news.google.com/articles/CBMiS2h0dHBzOi8vd3d3Lm1ldHJvcG9sZXMuY29tL3Nhby1wYXVsby9jaHV2YXMtbW9ydGVzLWxpdG9yYWwtc3AtY2FybmF2YWwtMjAyM9IBAA?hl=pt-BR&gl=BR&ceid=BR%3Apt-419
Vídeo: casa desaba em córrego durante chuva em SP,Metrópoles,30 de jan. de 2023,https://news.google.com/articles/CBMiVWh0dHBzOi8vd3d3Lm1ldHJvcG9sZXMuY29tL3Nhby1wYXVsby92aWRlby1jYXNhLWRlc2FiYS1lbS1jb3JyZWdvLWR1cmFudGUtY2h1dmEtZW0tc3DSAQA?hl=pt-BR&gl=BR&ceid=BR%3Apt-419
Nem granizo e enxurrada desanimam público no sábado de Carnaval em SP,Metrópoles,18 de fev. de 2023,https://news.google.com/articles/CBMiamh0dHBzOi8vd3d3Lm1ldHJvcG9sZXMuY29tL3Nhby1wYXVsby9uZW0tZ3Jhbml6by1lLWVueHVycmFkYS1kZXNhbmltYW0tcHVibGljby1uby1zYWJhZG8tZGUtY2FybmF2YWwtZW0tc3DSAQA?hl=pt-BR&gl=BR&ceid=BR%3Apt-419
Chuva alaga ruas e afeta transportes em Franco da Rocha e Caieiras,Metrópoles,9 de out. de 2023,https://news.google.com/articles/CBMiZ2h0dHBzOi8vd3d3Lm1ldHJvcG9sZXMuY29tL3Nhby1wYXVsby9jaHV2YS1hbGFnYS1ydWFzLWUtYWZldGEtdHJhbnNwb3J0ZXMtZW0tZnJhbmNvLWRhLXJvY2hhLWUtY2FpZWlyYXPSAQA?hl=pt-BR&gl=BR&ceid=BR%3Apt-419
Tarcísio pede cooperação para ajudar São Paulo e donativos às vítimas,Metrópoles,20 de fev. de 2023,https://news.google.com/articles/CBMiZ2h0dHBzOi8vd3d3Lm1ldHJvcG9sZXMuY29tL2JyYXNpbC90YXJjaXNpby1wZWRlLWNvb3BlcmFjYW8tcGFyYS1hanVkYXItc2FvLXBhdWxvLWUtZG9uYXRpdm9zLWFzLXZpdGltYXPSAQA?hl=pt-BR&gl=BR&ceid=BR%3Apt-419
"Após perrengues, Tomorrowland cancela shows desta sexta (13/10)",Metrópoles,13 de out. de 2023,https://news.google.com/articles/CBMibWh0dHBzOi8vd3d3Lm1ldHJvcG9sZXMuY29tL2VudHJldGVuaW1lbnRvL211c2ljYS9hcG9zLXBlcnJlbmd1ZXMtdG9tb3Jyb3dsYW5kLWNhbmNlbGEtc2hvd3MtZGVzdGEtc2V4dGEtMTMtMTDSAQA?hl=pt-BR&gl=BR&ceid=BR%3Apt-419
Ciclone extratropical deixa rastro de destruição e quatro mortos no RS,Metrópoles,5 de set. de 2023,https://news.google.com/articles/CBMiaGh0dHBzOi8vd3d3Lm1ldHJvcG9sZXMuY29tL2JyYXNpbC9jaWNsb25lLWV4dHJhdHJvcGljYWwtZGVpeGEtcmFzdHJvLWRlLWRlc3RydWljYW8tZS1xdWF0cm8tbW9ydG9zLW5vLXJz0gEA?hl=pt-BR&gl=BR&ceid=BR%3Apt-419
Número de casos e mortes por leptospirose aumenta em SC,Metrópoles,7 de mar. de 2023,https://news.google.com/articles/CBMiWWh0dHBzOi8vd3d3Lm1ldHJvcG9sZXMuY29tL2JyYXNpbC9udW1lcm8tZGUtY2Fzb3MtZS1tb3J0ZXMtcG9yLWxlcHRvc3Bpcm9zZS1hdW1lbnRhLWVtLXNj0gEA?hl=pt-BR&gl=BR&ceid=BR%3Apt-419
Mulher é arrastada por enxurrada durante tempestade no DF. Assista,Metrópoles,11 de abr. de 2023,https://news.google.com/articles/CBMicWh0dHBzOi8vd3d3Lm1ldHJvcG9sZXMuY29tL2Rpc3RyaXRvLWZlZGVyYWwvdmlkZW8tbXVsaGVyLWUtYXJyYXN0YWRhLXBvci1lbnh1cnJhZGEtZHVyYW50ZS1mb3J0ZS1jaHV2YS1uby1wYXJhbm9h0gEA?hl=pt-BR&gl=BR&ceid=BR%3Apt-419
"Vídeo: pelo 7º dia seguido, chuva castiga capital; Minhocão alaga",Metrópoles,14 de mar. de 2023,https://news.google.com/articles/CBMiZWh0dHBzOi8vd3d3Lm1ldHJvcG9sZXMuY29tL3Nhby1wYXVsby92aWRlby1wZWxvLTdvLWRpYS1zZWd1aWRvLWNodXZhLWNhc3RpZ2EtY2FwaXRhbC1lLWFsYWdhLW1pbmhvY2Fv0gEA?hl=pt-BR&gl=BR&ceid=BR%3Apt-419
General flagrado com invasores preparou viagem de Lula na véspera,Metrópoles,9 de ago. de 2023,https://news.google.com/articles/CBMiT2h0dHBzOi8vd3d3Lm1ldHJvcG9sZXMuY29tL2NvbHVuYXMvcGF1bG8tY2FwcGVsbGkvZ2VuZXJhbC1pbnZhc29yZXMtdmlhZ2VtLWx1bGHSAQA?hl=pt-BR&gl=BR&ceid=BR%3Apt-419
Idosa desaparece após carro cair em córrego na zona norte de SP,Metrópoles,10 de out. de 2023,https://news.google.com/articles/CBMiZGh0dHBzOi8vd3d3Lm1ldHJvcG9sZXMuY29tL3Nhby1wYXVsby9pZG9zYS1kZXNhcGFyZWNlLWFwb3MtY2Fycm8tY2Fpci1lbS1jb3JyZWdvLW5hLXpvbmEtbm9ydGUtZGUtc3DSAQA?hl=pt-BR&gl=BR&ceid=BR%3Apt-419
Alagamento atinge Ferraris que participavam de encontro em SC. Vídeo,Metrópoles,7 de out. de 2023,https://news.google.com/articles/CBMiZWh0dHBzOi8vd3d3Lm1ldHJvcG9sZXMuY29tL2JyYXNpbC9hbGFnYW1lbnRvLWF0aW5nZS1mZXJyYXJpcy1xdWUtcGFydGljaXBhdmFtLWRlLWVuY29udHJvLWVtLXNjLXZpZGVv0gEA?hl=pt-BR&gl=BR&ceid=BR%3Apt-419
Vídeo: forte chuva alaga ruas e provoca estragos em Curitiba,Metrópoles,8 de out. de 2023,https://news.google.com/articles/CBMiXWh0dHBzOi8vd3d3Lm1ldHJvcG9sZXMuY29tL2JyYXNpbC92aWRlby1mb3J0ZS1jaHV2YS1hbGFnYS1ydWFzLWUtcHJvdm9jYS1lc3RyYWdvcy1lbS1jdXJpdGliYdIBAA?hl=pt-BR&gl=BR&ceid=BR%3Apt-419
Multa por descarte irregular de lixo sobe para até R$ 30 mil em SP,Metrópoles,25 de mar. de 2023,https://news.google.com/articles/CBMiZmh0dHBzOi8vd3d3Lm1ldHJvcG9sZXMuY29tL3Nhby1wYXVsby9tdWx0YS1wb3ItZGVzY2FydGUtaXJyZWd1bGFyLWRlLWxpeG8tc29iZS1wYXJhLWF0ZS1yLTMwLW1pbC1lbS1zcNIBAA?hl=pt-BR&gl=BR&ceid=BR%3Apt-419
Passagem destruidora do furacão Idalia deixa mortos na Flórida,Metrópoles,30 de ago. de 2023,https://news.google.com/articles/CBMiPmh0dHBzOi8vd3d3Lm1ldHJvcG9sZXMuY29tL211bmRvL2Z1cmFjYW8taWRhbGlhLW1vcnRvcy1mbG9yaWRh0gEA?hl=pt-BR&gl=BR&ceid=BR%3Apt-419
Temporais deixam mais de 5 mil famílias desalojadas em Rio Branco,Metrópoles,25 de mar. de 2023,https://news.google.com/articles/CBMiY2h0dHBzOi8vd3d3Lm1ldHJvcG9sZXMuY29tL2JyYXNpbC90ZW1wb3JhaXMtZGVpeGFtLW1haXMtZGUtNS1taWwtZmFtaWxpYXMtZGVzYWxvamFkYXMtZW0tcmlvLWJyYW5jb9IBAA?hl=pt-BR&gl=BR&ceid=BR%3Apt-419
Vídeo: filho filma mãe quase debaixo d'água durante ciclone no RS,Metrópoles,20 de jun. de 2023,https://news.google.com/articles/CBMiYWh0dHBzOi8vd3d3Lm1ldHJvcG9sZXMuY29tL2JyYXNpbC92aWRlby1maWxoby1maWxtYS1tYWUtcXVhc2UtZGViYWl4by1kYWd1YS1kdXJhbnRlLWNpY2xvbmUtbm8tcnPSAQA?hl=pt-BR&gl=BR&ceid=BR%3Apt-419
GDF inicia obras no valor de R$ 15 milhões na expansão do Guará II,Metrópoles,23 de mar. de 2023,https://news.google.com/articles/CBMibWh0dHBzOi8vd3d3Lm1ldHJvcG9sZXMuY29tL2Rpc3RyaXRvLWZlZGVyYWwvZ2RmLWluaWNpYS1vYnJhcy1uby12YWxvci1kZS1yLTE1LW1pbGhvZXMtbmEtZXhwYW5zYW8tZG8tZ3VhcmEtaWnSAQA?hl=pt-BR&gl=BR&ceid=BR%3Apt-419
Alagoas: sobe para 31 o número de cidades em situação de emergência,Metrópoles,9 de jul. de 2023,https://news.google.com/articles/CBMiZGh0dHBzOi8vd3d3Lm1ldHJvcG9sZXMuY29tL2JyYXNpbC9hbGFnb2FzLXNvYmUtcGFyYS0zMS1vLW51bWVyby1kZS1jaWRhZGVzLWVtLXNpdHVhY2FvLWRlLWVtZXJnZW5jaWHSAQA?hl=pt-BR&gl=BR&ceid=BR%3Apt-419
Alagamento em SP: muro é derrubado na rua em que idosa morreu,Metrópoles,21 de mar. de 2023,https://news.google.com/articles/CBMiaGh0dHBzOi8vd3d3Lm1ldHJvcG9sZXMuY29tL3Nhby1wYXVsby9hbGFnYW1lbnRvLWVtLXNwLWNvbmRvbWluaW8tZGVycnViYS1tdXJvLW5hLXJ1YS1lbS1xdWUtaWRvc2EtbW9ycmV10gEA?hl=pt-BR&gl=BR&ceid=BR%3Apt-419
Veja imagens dos estragos causados pelo ciclone extratropical no Sul,Metrópoles,13 de jul. de 2023,https://news.google.com/articles/CBMiZmh0dHBzOi8vd3d3Lm1ldHJvcG9sZXMuY29tL2JyYXNpbC92ZWphLWltYWdlbnMtZG9zLWVzdHJhZ29zLWNhdXNhZG9zLXBlbG8tY2ljbG9uZS1leHRyYXRyb3BpY2FsLW5vLXN1bNIBAA?hl=pt-BR&gl=BR&ceid=BR%3Apt-419
Vídeo: ex-BBB encara enchente de São Paulo e quase leva caldo,Metrópoles,8 de fev. de 2023,https://news.google.com/articles/CBMiZGh0dHBzOi8vd3d3Lm1ldHJvcG9sZXMuY29tL2NlbGVicmlkYWRlcy92aWRlby1leC1iYmItZW5jYXJhLWVuY2hlbnRlLWRlLXNhby1wYXVsby1lLXF1YXNlLWxldmEtY2FsZG_SAQA?hl=pt-BR&gl=BR&ceid=BR%3Apt-419
Vídeos: temporal alaga tesourinhas da Asa Sul neste domingo (30/4),Metrópoles,30 de abr. de 2023,https://news.google.com/articles/CBMia2h0dHBzOi8vd3d3Lm1ldHJvcG9sZXMuY29tL2Rpc3RyaXRvLWZlZGVyYWwvdmlkZW9zLXRlbXBvcmFsLWFsYWdhLXRlc291cmluaGFzLWRhLWFzYS1zdWwtbmVzdGUtZG9taW5nby0zMC000gEA?hl=pt-BR&gl=BR&ceid=BR%3Apt-419
Vídeo: orla de Porto Alegre é parcialmente inundada pelo Rio Guaíba,Metrópoles,27 de set. de 2023,https://news.google.com/articles/CBMiPWh0dHBzOi8vd3d3Lm1ldHJvcG9sZXMuY29tL2JyYXNpbC92aWRlby1wb3J0by1hbGVncmUtaW51bmRhZGHSAQA?hl=pt-BR&gl=BR&ceid=BR%3Apt-419
"Poeira na rua incomoda brasiliense mais que rios poluídos, diz estudo",Metrópoles,29 de set. de 2023,https://news.google.com/articles/CBMiS2h0dHBzOi8vd3d3Lm1ldHJvcG9sZXMuY29tL2Rpc3RyaXRvLWZlZGVyYWwvcG9laXJhLXJ1YS1pbmNvbW9kYS1icmFzaWxpZW5zZdIBAA?hl=pt-BR&gl=BR&ceid=BR%3Apt-419
Cão esquenta dono resgatado com hipotermia durante enchente em SC,Metrópoles,9 de out. de 2023,https://news.google.com/articles/CBMiP2h0dHBzOi8vd3d3Lm1ldHJvcG9sZXMuY29tL2JyYXNpbC9jYW8tZXNxdWVudGEtZG9uby1lbmNoZW50ZS1zY9IBAA?hl=pt-BR&gl=BR&ceid=BR%3Apt-419
Nova frente fria muda o tempo em São Paulo; capital deve ter temporais,Metrópoles,18 de out. de 2023,https://news.google.com/articles/CBMiamh0dHBzOi8vd3d3Lm1ldHJvcG9sZXMuY29tL3Nhby1wYXVsby9ub3ZhLWZyZW50ZS1mcmlhLW11ZGEtby10ZW1wby1lbS1zYW8tcGF1bG8tY2FwaXRhbC1kZXZlLXRlci10ZW1wb3JhaXPSAQA?hl=pt-BR&gl=BR&ceid=BR%3Apt-419
"Congo: chuvas fortes deixam mais de 400 mortos, e governo declara luto",Metrópoles,8 de mai. de 2023,https://news.google.com/articles/CBMiZWh0dHBzOi8vd3d3Lm1ldHJvcG9sZXMuY29tL211bmRvL2NvbmdvLWNodXZhcy1mb3J0ZXMtZGVpeGFtLW1haXMtZGUtNDAwLW1vcnRvcy1lLWdvdmVybm8tZGVjbGFyYS1sdXRv0gEA?hl=pt-BR&gl=BR&ceid=BR%3Apt-419
