Title,Source,Time,Link
"Sete estados serão mais afetados por onda de calor, prevê Inmet",Metrópoles,22 de ago. de 2023,https://news.google.com/articles/CBMiYGh0dHBzOi8vd3d3Lm1ldHJvcG9sZXMuY29tL2JyYXNpbC9zZXRlLWVzdGFkb3Mtc2VyYW8tbWFpcy1hZmV0YWRvcy1wb3Itb25kYS1kZS1jYWxvci1wcmV2ZS1pbm1ldNIBAA?hl=pt-BR&gl=BR&ceid=BR%3Apt-419
Vai piorar: pico da onda de calor no país será no fim de semana,Metrópoles,21 de set. de 2023,https://news.google.com/articles/CBMiP2h0dHBzOi8vd3d3Lm1ldHJvcG9sZXMuY29tL2JyYXNpbC9waWNvLW9uZGEtY2Fsb3ItZmltLWRlLXNlbWFuYdIBAA?hl=pt-BR&gl=BR&ceid=BR%3Apt-419
Onda de calor puxa consumo de energia a níveis recordes para setembro,Metrópoles,24 de set. de 2023,https://news.google.com/articles/CBMiXWh0dHBzOi8vd3d3Lm1ldHJvcG9sZXMuY29tL2JyYXNpbC9vbmRhLWRlLWNhbG9yLXB1eGEtY29uc3Vtby1kZS1lbmVyZ2lhLW5vLWJyYXNpbC1lbS1zZXRlbWJyb9IBAA?hl=pt-BR&gl=BR&ceid=BR%3Apt-419
"Calor: SP registra 36,5°C, maior temperatura da história para setembro",Metrópoles,24 de set. de 2023,https://news.google.com/articles/CBMiZ2h0dHBzOi8vd3d3Lm1ldHJvcG9sZXMuY29tL3Nhby1wYXVsby9jYWxvci1zcC1yZWdpc3RyYS0zNjVjLW1haW9yLXRlbXBlcmF0dXJhLWRhLWhpc3RvcmlhLXBhcmEtc2V0ZW1icm_SAQA?hl=pt-BR&gl=BR&ceid=BR%3Apt-419
Até quando a onda de calor deve permanecer no Brasil?,Metrópoles,19 de set. de 2023,https://news.google.com/articles/CBMiPmh0dHBzOi8vd3d3Lm1ldHJvcG9sZXMuY29tL2JyYXNpbC9hdGUtcXVhbmRvLW9uZGEtY2Fsb3ItYnJhc2ls0gEA?hl=pt-BR&gl=BR&ceid=BR%3Apt-419
"Com 31,9ºC, DF tem a tarde mais quente de 2023",Metrópoles,14 de fev. de 2023,https://news.google.com/articles/CBMiWGh0dHBzOi8vd3d3Lm1ldHJvcG9sZXMuY29tL2Rpc3RyaXRvLWZlZGVyYWwvY29tLTMxOW9jLWRmLXRlbS1hLXRhcmRlLW1haXMtcXVlbnRlLWRlLTIwMjPSAQA?hl=pt-BR&gl=BR&ceid=BR%3Apt-419
Onda de calor pode matar? Saiba os riscos para a saúde,Metrópoles,20 de set. de 2023,https://news.google.com/articles/CBMiQGh0dHBzOi8vd3d3Lm1ldHJvcG9sZXMuY29tL3NhdWRlL29uZGEtZGUtY2Fsb3ItcG9kZS1tYXRhci1yaXNjb3PSAQA?hl=pt-BR&gl=BR&ceid=BR%3Apt-419
Onda de calor: Inmet registra temperatura acima de 35º em 16 cidades,Metrópoles,20 de set. de 2023,https://news.google.com/articles/CBMiQ2h0dHBzOi8vd3d3Lm1ldHJvcG9sZXMuY29tL3Nhby1wYXVsby9vbmRhLWRlLWNhbG9yLWlubWV0LTE2LWNpZGFkZXPSAQA?hl=pt-BR&gl=BR&ceid=BR%3Apt-419
"DF registra novo recorde de calor e temperatura máxima chega a 36,7º C",Metrópoles,24 de set. de 2023,https://news.google.com/articles/CBMicWh0dHBzOi8vd3d3Lm1ldHJvcG9sZXMuY29tL2Rpc3RyaXRvLWZlZGVyYWwvZGYtcmVnaXN0cmEtbm92by1yZWNvcmRlLWRlLWNhbG9yLWUtdGVtcGVyYXR1cmEtbWF4aW1hLWNoZWdhLWEtMzY3by1j0gEA?hl=pt-BR&gl=BR&ceid=BR%3Apt-419
Pico de calor: 19 estados e o DF terão altas temperaturas nas próximas 24h,Metrópoles,23 de ago. de 2023,https://news.google.com/articles/CBMiYmh0dHBzOi8vd3d3Lm1ldHJvcG9sZXMuY29tL2JyYXNpbC9vbmRhLWRlLWNhbG9yLWNvbS1hbHRhcy10ZW1wZXJhdHVyYXMtb2NvcnJlLWVtLTE5LWVzdGFkb3MtZS1vLWRm0gEA?hl=pt-BR&gl=BR&ceid=BR%3Apt-419
Temperaturas da semana chegam a 45°C pelo Brasil; RS terá chuva,Metrópoles,18 de set. de 2023,https://news.google.com/articles/CBMiQ2h0dHBzOi8vd3d3Lm1ldHJvcG9sZXMuY29tL2JyYXNpbC90ZW1wZXJhdHVyYXMtNDUtYy1icmFzaWwtcnMtY2h1dmHSAQA?hl=pt-BR&gl=BR&ceid=BR%3Apt-419
Calor: SP tem 5 mortes e atendimentos em hospitais dobram em 2023,Metrópoles,23 de set. de 2023,https://news.google.com/articles/CBMiZWh0dHBzOi8vd3d3Lm1ldHJvcG9sZXMuY29tL3Nhby1wYXVsby9jYWxvci1zcC10ZW0tNS1tb3J0ZXMtZS1hdGVuZGltZW50b3MtZW0taG9zcGl0YWlzLWRvYnJhbS1lbS0yMDIz0gEA?hl=pt-BR&gl=BR&ceid=BR%3Apt-419
"Inverno de 2023 foi o mais quente dos últimos 62 anos, aponta Inmet",Metrópoles,22 de set. de 2023,https://news.google.com/articles/CBMiZGh0dHBzOi8vd3d3Lm1ldHJvcG9sZXMuY29tL2JyYXNpbC9pbnZlcm5vLWRlLTIwMjMtZm9pLW8tbWFpcy1xdWVudGUtZG9zLXVsdGltb3MtNjItYW5vcy1hcG9udGEtaW5tZXTSAQA?hl=pt-BR&gl=BR&ceid=BR%3Apt-419
"Após recorde de calor, DF tem previsão de chuva a partir de quarta",Metrópoles,25 de set. de 2023,https://news.google.com/articles/CBMibWh0dHBzOi8vd3d3Lm1ldHJvcG9sZXMuY29tL2Rpc3RyaXRvLWZlZGVyYWwvYXBvcy1yZWNvcmRlLWRlLWNhbG9yLWRmLXRlbS1wcmV2aXNhby1kZS1jaHV2YS1hLXBhcnRpci1kZS1xdWFydGHSAQA?hl=pt-BR&gl=BR&ceid=BR%3Apt-419
Temperaturas devem se aproximar dos 40 ºC em 8 capitais nesta sexta,Metrópoles,21 de set. de 2023,https://news.google.com/articles/CBMiZ2h0dHBzOi8vd3d3Lm1ldHJvcG9sZXMuY29tL2JyYXNpbC90ZW1wZXJhdHVyYXMtZGV2ZW0tc2UtYXByb3hpbWFyLWRvcy00MG9jLWVtLW9pdG8tY2FwaXRhaXMtbmVzdGEtc2V4dGHSAQA?hl=pt-BR&gl=BR&ceid=BR%3Apt-419
Onda de calor: Rio é a capital mais quente do país; veja lista,Metrópoles,18 de set. de 2023,https://news.google.com/articles/CBMiXmh0dHBzOi8vd3d3Lm1ldHJvcG9sZXMuY29tL2JyYXNpbC9vbmRhLWRlLWNhbG9yLXJpby1lLWEtY2FwaXRhbC1tYWlzLXF1ZW50ZS1kby1wYWlzLXZlamEtbGlzdGHSAQA?hl=pt-BR&gl=BR&ceid=BR%3Apt-419
Mais recordes de calor? Veja como ficará o tempo em SP nesta semana,Metrópoles,25 de set. de 2023,https://news.google.com/articles/CBMiZ2h0dHBzOi8vd3d3Lm1ldHJvcG9sZXMuY29tL3Nhby1wYXVsby9tYWlzLXJlY29yZGVzLWRlLWNhbG9yLXZlamEtY29tby1maWNhcmEtby10ZW1wby1lbS1zcC1uZXN0YS1zZW1hbmHSAQA?hl=pt-BR&gl=BR&ceid=BR%3Apt-419
"Muito calor, seca e chuva: Brasil vive extremos climáticos em outubro",Metrópoles,21 de out. de 2023,https://news.google.com/articles/CBMiZWh0dHBzOi8vd3d3Lm1ldHJvcG9sZXMuY29tL2JyYXNpbC9tdWl0by1jYWxvci1zZWNhLWUtY2h1dmEtYnJhc2lsLXZpdmUtZXh0cmVtb3MtY2xpbWF0aWNvcy1lbS1vdXR1YnJv0gEA?hl=pt-BR&gl=BR&ceid=BR%3Apt-419
"Temperatura mundial bate recorde em setembro, alarmam cientistas",Metrópoles,5 de out. de 2023,https://news.google.com/articles/CBMiPWh0dHBzOi8vd3d3Lm1ldHJvcG9sZXMuY29tL211bmRvL3RlbXBlcmF0dXJhLXJlY29yZGUtc2V0ZW1icm_SAQA?hl=pt-BR&gl=BR&ceid=BR%3Apt-419
"DF ferve e bate novo recorde de calor com 35,7ºC neste sábado",Metrópoles,24 de set. de 2023,https://news.google.com/articles/CBMidGh0dHBzOi8vd3d3Lm1ldHJvcG9sZXMuY29tL2NvbHVuYXMvZ3JhbmRlLWFuZ3VsYXIvZGYtZmVydmUtZS1iYXRlLW5vdm8tcmVjb3JkZS1kZS1jYWxvci1jb20tMzUtN29jLW5lc3RlLXNhYmFkby0yMy050gEA?hl=pt-BR&gl=BR&ceid=BR%3Apt-419
"Após calor extremo, chegada de frente fria traz chuva e ventania a SP",Metrópoles,25 de ago. de 2023,https://news.google.com/articles/CBMiaWh0dHBzOi8vd3d3Lm1ldHJvcG9sZXMuY29tL3Nhby1wYXVsby9hcG9zLWNhbG9yLWV4dHJlbW8tY2hlZ2FkYS1kZS1mcmVudGUtZnJpYS10cmF6LWNodXZhLWUtdmVudGFuaWEtYS1zcNIBAA?hl=pt-BR&gl=BR&ceid=BR%3Apt-419
"No Rio, 4ª será marcada por calor de até 40°, ventos fortes e chuva",Metrópoles,27 de set. de 2023,https://news.google.com/articles/CBMiYmh0dHBzOi8vd3d3Lm1ldHJvcG9sZXMuY29tL2JyYXNpbC9uby1yaW8tNGEtc2VyYS1tYXJjYWRhLXBvci1jYWxvci1kZS1hdGUtNDAtdmVudG9zLWZvcnRlcy1lLWNodXZh0gEA?hl=pt-BR&gl=BR&ceid=BR%3Apt-419
"Temperatura no Rio chega aos 38ºC, recorde no inverno carioca",Metrópoles,23 de ago. de 2023,https://news.google.com/articles/CBMiTmh0dHBzOi8vd3d3Lm1ldHJvcG9sZXMuY29tL2JyYXNpbC90ZW1wZXJhdHVyYS1uby1yaW8tZGUtamFuZWlyby1jaGVnYS1hb3MtMzhvY9IBAA?hl=pt-BR&gl=BR&ceid=BR%3Apt-419
"DF bate novo recorde de calor no ano e registra 33,9°C nesta 4ª feira",Metrópoles,23 de ago. de 2023,https://news.google.com/articles/CBMib2h0dHBzOi8vd3d3Lm1ldHJvcG9sZXMuY29tL2Rpc3RyaXRvLWZlZGVyYWwvZGYtYmF0ZS1ub3ZvLXJlY29yZGUtZGUtY2Fsb3Itbm8tYW5vLWUtcmVnaXN0cmEtMzM5Yy1uZXN0YS00YS1mZWlyYdIBAA?hl=pt-BR&gl=BR&ceid=BR%3Apt-419
Frente fria volta a derrubar temperatura um dia após recorde de calor,Metrópoles,14 de set. de 2023,https://news.google.com/articles/CBMiamh0dHBzOi8vd3d3Lm1ldHJvcG9sZXMuY29tL3Nhby1wYXVsby9mcmVudGUtZnJpYS12b2x0YS1hLWRlcnJ1YmFyLXRlbXBlcmF0dXJhLXVtLWRpYS1hcG9zLXJlY29yZGUtZGUtY2Fsb3LSAQA?hl=pt-BR&gl=BR&ceid=BR%3Apt-419
SP: onda de calor em pleno inverno deve provocar recordes de temperatura,Metrópoles,22 de ago. de 2023,https://news.google.com/articles/CBMibGh0dHBzOi8vd3d3Lm1ldHJvcG9sZXMuY29tL3Nhby1wYXVsby9zcC1vbmRhLWRlLWNhbG9yLWVtLXBsZW5vLWludmVybm8tZGV2ZS1wcm92b2Nhci1yZWNvcmRlcy1kZS10ZW1wZXJhdHVyYdIBAA?hl=pt-BR&gl=BR&ceid=BR%3Apt-419
"Onda de calor chega ao fim, enquanto Sul segue enfrentando chuva",Metrópoles,27 de set. de 2023,https://news.google.com/articles/CBMiPWh0dHBzOi8vd3d3Lm1ldHJvcG9sZXMuY29tL2JyYXNpbC9vbmRhLWRlLWNhbG9yLWZpbS1zdWwtY2h1dmHSAUFodHRwczovL3d3dy5tZXRyb3BvbGVzLmNvbS9icmFzaWwvb25kYS1kZS1jYWxvci1maW0tc3VsLWNodXZhL2FtcA?hl=pt-BR&gl=BR&ceid=BR%3Apt-419
"Julho foi o mês mais quente já registrado na Terra, diz observatório",Metrópoles,8 de ago. de 2023,https://news.google.com/articles/CBMiZGh0dHBzOi8vd3d3Lm1ldHJvcG9sZXMuY29tL211bmRvL2p1bGhvLWZvaS1vLW1lcy1tYWlzLXF1ZW50ZS1qYS1yZWdpc3RyYWRvLW5hLXRlcnJhLWRpei1vYnNlcnZhdG9yaW_SAQA?hl=pt-BR&gl=BR&ceid=BR%3Apt-419
Onda de calor: Inmet emite alerta vermelho para 9 estados; veja lista,Metrópoles,20 de set. de 2023,https://news.google.com/articles/CBMiZmh0dHBzOi8vd3d3Lm1ldHJvcG9sZXMuY29tL2JyYXNpbC9pbm1ldC1lbWl0ZS1hbGVydGEtdmVybWVsaG8tZW0tcmF6YW8tZGUtb25kYS1kZS1jYWxvci1wYXJhLTktZXN0YWRvc9IBAA?hl=pt-BR&gl=BR&ceid=BR%3Apt-419
Cuidados no calor: pele de crianças e idosos é mais sensível,Metrópoles,20 de set. de 2023,https://news.google.com/articles/CBMiQmh0dHBzOi8vd3d3Lm1ldHJvcG9sZXMuY29tL3NhdWRlL2NyaWFuY2FzLWlkb3Nvcy1jdWlkYWRvcy1uby1jYWxvctIBAA?hl=pt-BR&gl=BR&ceid=BR%3Apt-419
Alívio no calor! DF tem previsão de mais chuva a partir desta quarta,Metrópoles,27 de set. de 2023,https://news.google.com/articles/CBMicWh0dHBzOi8vd3d3Lm1ldHJvcG9sZXMuY29tL2Rpc3RyaXRvLWZlZGVyYWwvYWxpdmlvLW5vLWNhbG9yLWRmLXRlbS1wcmV2aXNhby1kZS1ub3Zhcy1jaHV2YXMtYS1wYXJ0aXItZGVzdGEtcXVhcnRh0gEA?hl=pt-BR&gl=BR&ceid=BR%3Apt-419
"Apesar de onda de calor, DF ainda não atingiu a máxima histórica",Metrópoles,25 de set. de 2023,https://news.google.com/articles/CBMia2h0dHBzOi8vd3d3Lm1ldHJvcG9sZXMuY29tL2Rpc3RyaXRvLWZlZGVyYWwvYXBlc2FyLWRlLW9uZGEtZGUtY2Fsb3ItZGYtYWluZGEtbmFvLWF0aW5naXUtYS1tYXhpbWEtaGlzdG9yaWNh0gEA?hl=pt-BR&gl=BR&ceid=BR%3Apt-419
