query,csv
"site:globo.com enchente ""2023""'",globoenchente2023.csv
"site:noticias.uol.com.br enchente ""2023""'",uolenchente2023.csv
"site:terra.com.br enchente ""2023""'",terraenchente2023.csv
"site:metropoles.com enchente ""2023""'",metropolesenchente2023.csv
"site:globo.com onda de calor ""2023""'",globoheatwave2023.csv
"site:noticias.uol.com.br onda de calor ""2023""'",uolheatwave2023.csv
"site:terra.com.br onda de calor ""2023""'",terraheatwave2023.csv
"site:metropoles.com onda de calor""2023""'",metropolesheatwave2023.csv
"site:globo.com ciclone ""2023""'",globociclone2023.csv
"site:noticias.uol.com.br ciclone ""2023""'",uolciclone2023.csv
"site:terra.com.br ciclone ""2023""'",terraciclone2023.csv
"site:metropoles.com ciclone ""2023""'",metropolesciclone2023.csv
"site:globo.com tempestade ""2023""'",globotempestade2023.csv
"site:noticias.uol.com.br tempestade ""2023""'",uoltempestade2023.csv
"site:terra.com.br tempestade ""2023""'",terratempestade2023.csv
"site:metropoles.com tempestade ""2023""'",metropolestempestade2023.csv
"site:globo.com chuvas ""2023""'",globochuvas2023.csv
"site:noticias.uol.com.br chuvas ""2023""'",uolchuvas2023.csv
"site:terra.com.br chuvas ""2023""'",terrachuvas2023.csv
"site:metropoles.com chuvas ""2023""'",metropoleschuvas2023.csv
"site:globo.com seca ""2023""'",globoseca2023.csv
"site:noticias.uol.com.br seca ""2023""'",uolseca2023.csv
"site:terra.com.br seca ""2023""'",terraseca2023.csv
"site:metropoles.com seca ""2023""'",metropolesseca2023.csv
"site:globo.com mudanças climátcas ""2023""'",globochange2023.csv
"site:noticias.uol.com.br mudanças climátcas ""2023""'",uolchange2023.csv
"site:terra.com.br mudanças climátcas ""2023""'",terrachange2023.csv
"site:metropoles.com mudanças climátcas""2023""'",metropoleschange2023.csv
"site:globo.com extremos climáticos ""2023""'",globoextreme2023.csv
"site:noticias.uol.com.br extremos climáticos ""2023""'",uolextreme2023.csv
"site:terra.com.br extremos climáticos ""2023""'",terraextreme2023.csv
"site:metropoles.com extremos climáticos ""2023""'",metropolesextreme2023.csv