"","Title","Source","Time","Link"
"1","Chuva forte atinge várias regiões do DF nesta sexta-feira (27/10)","Metrópoles","27 de out. de 2017","https://news.google.com/articles/CBMiaGh0dHBzOi8vd3d3Lm1ldHJvcG9sZXMuY29tL2Rpc3RyaXRvLWZlZGVyYWwvY2h1dmEtZm9ydGUtYXRpbmdlLXZhcmlhcy1hcmVhcy1kby1kZi1uZXN0YS1zZXh0YS1mZWlyYS0yNzEw0gEA?hl=pt-BR&gl=BR&ceid=BR%3Apt-419"
"2","Tesourinha alagada e galhos na W3. Chuva causa estragos no DF","Metrópoles","6 de fev. de 2017","https://news.google.com/articles/CBMiaGh0dHBzOi8vd3d3Lm1ldHJvcG9sZXMuY29tL2Rpc3RyaXRvLWZlZGVyYWwvdGVzb3VyaW5oYS1hbGFnYWRhLWUtZ2FsaG9zLW5hLXczLWNodXZhLWNhdXNhLWVzdHJhZ29zLW5vLWRm0gEA?hl=pt-BR&gl=BR&ceid=BR%3Apt-419"
"3","Chuva causa inundações em Belo Horizonte (MG)","Metrópoles","30 de dez. de 2017","https://news.google.com/articles/CBMiTWh0dHBzOi8vd3d3Lm1ldHJvcG9sZXMuY29tL2JyYXNpbC9jaHV2YS1jYXVzYS1pbnVuZGFjb2VzLWVtLWJlbG8taG9yaXpvbnRlLW1n0gEA?hl=pt-BR&gl=BR&ceid=BR%3Apt-419"
"4","Internet tem chuva de memes com notícia sobre gravação de Temer","Metrópoles","17 de mai. de 2017","https://news.google.com/articles/CBMicGh0dHBzOi8vd3d3Lm1ldHJvcG9sZXMuY29tL3NhaS1kby1zZXJpby9zby1yaW5kby9pbnRlcm5ldC10ZW0tY2h1dmEtZGUtbWVtZXMtY29tLW5vdGljaWEtc29icmUtZ3JhdmFjYW8tZGUtdGVtZXLSAQA?hl=pt-BR&gl=BR&ceid=BR%3Apt-419"
"5","Zumbis driblam chuva e fazem Zombie Walk no centro da capital","Metrópoles","11 de nov. de 2017","https://news.google.com/articles/CBMiZ2h0dHBzOi8vd3d3Lm1ldHJvcG9sZXMuY29tL2VudHJldGVuaW1lbnRvL3p1bWJpcy1kcmlibGFtLWNodXZhLWUtZmF6ZW0tem9tYmllLXdhbGstbm8tY2VudHJvLWRhLWNhcGl0YWzSAQA?hl=pt-BR&gl=BR&ceid=BR%3Apt-419"
"6","Com chuva, Daniela Mercury agita multidão na ressaca do Carnaval de SP","Metrópoles","5 de mar. de 2017","https://news.google.com/articles/CBMibmh0dHBzOi8vd3d3Lm1ldHJvcG9sZXMuY29tL2Nhcm5hdmFsLTIwMTcvY29tLWNodXZhLWRhbmllbGEtbWVyY3VyeS1hZ2l0YS1tdWx0aWRhby1uYS1yZXNzYWNhLWRvLWNhcm5hdmFsLWRlLXNw0gEA?hl=pt-BR&gl=BR&ceid=BR%3Apt-419"
"7","Babydoll de Nylon agita multidão na Praça do Cruzeiro","Metrópoles","25 de fev. de 2017","https://news.google.com/articles/CBMiXmh0dHBzOi8vd3d3Lm1ldHJvcG9sZXMuY29tL2Nhcm5hdmFsLTIwMTcvYmFieWRvbGwtZGUtbnlsb24tYWdpdGEtbXVsdGlkYW8tbmEtcHJhY2EtZG8tY3J1emVpcm_SAQA?hl=pt-BR&gl=BR&ceid=BR%3Apt-419"
"8","Oscar 2017: conheça Damien Chazelle, o jovem diretor de ""La La Land""","Metrópoles","29 de jan. de 2017","https://news.google.com/articles/CBMicWh0dHBzOi8vd3d3Lm1ldHJvcG9sZXMuY29tL2VudHJldGVuaW1lbnRvL2NpbmVtYS9vc2Nhci0yMDE3LWNvbmhlY2EtZGFtaWVuLWNoYXplbGxlLW8tam92ZW0tZGlyZXRvci1kZS1sYS1sYS1sYW5k0gEA?hl=pt-BR&gl=BR&ceid=BR%3Apt-419"
"9","Motociclista morre após bater em caminhão na Epia","Metrópoles","7 de nov. de 2017","https://news.google.com/articles/CBMib2h0dHBzOi8vd3d3Lm1ldHJvcG9sZXMuY29tL2Rpc3RyaXRvLWZlZGVyYWwvbW90b2NpY2xpc3RhLW1vcnJlLWFwb3MtY2hvY2FyLWNvbS1jYW1pbmhhby1uYS1lcGlhLW5lc3RhLXRlcmNhLTcxMdIBAA?hl=pt-BR&gl=BR&ceid=BR%3Apt-419"
"10","Mesmo com a volta da chuva, níveis dos reservatórios estão baixos","Metrópoles","30 de out. de 2017","https://news.google.com/articles/CBMidWh0dHBzOi8vd3d3Lm1ldHJvcG9sZXMuY29tL2Rpc3RyaXRvLWZlZGVyYWwvY2xpbWEtZGYvbWVzbW8tY29tLWEtdm9sdGEtZGEtY2h1dmEtbml2ZWlzLWRvcy1yZXNlcnZhdG9yaW9zLWVzdGFvLWJhaXhvc9IBAA?hl=pt-BR&gl=BR&ceid=BR%3Apt-419"
"11","Nível da barragem do Descoberto volta a subir com chuvas","Metrópoles","4 de nov. de 2017","https://news.google.com/articles/CBMibWh0dHBzOi8vd3d3Lm1ldHJvcG9sZXMuY29tL2Rpc3RyaXRvLWZlZGVyYWwvY2xpbWEtZGYvbml2ZWwtZGEtYmFycmFnZW0tZG8tZGVzY29iZXJ0by12b2x0YS1hLXN1YmlyLWNvbS1jaHV2YXPSAQA?hl=pt-BR&gl=BR&ceid=BR%3Apt-419"
"12","Nem dilúvio pode recuperar níveis dos reservatórios do DF","Metrópoles","1 de dez. de 2017","https://news.google.com/articles/CBMibmh0dHBzOi8vd3d3Lm1ldHJvcG9sZXMuY29tL2Rpc3RyaXRvLWZlZGVyYWwvY2xpbWEtZGYvbmVtLWRpbHV2aW8tcG9kZS1yZWN1cGVyYXItbml2ZWlzLWRvcy1yZXNlcnZhdG9yaW9zLWRvLWRm0gEA?hl=pt-BR&gl=BR&ceid=BR%3Apt-419"
"13","DF registra a maior temperatura da história: 37,3ºC","Metrópoles","16 de out. de 2017","https://news.google.com/articles/CBMiXWh0dHBzOi8vd3d3Lm1ldHJvcG9sZXMuY29tL2Rpc3RyaXRvLWZlZGVyYWwvZGYtcmVnaXN0cmEtYS1tYWlvci10ZW1wZXJhdHVyYS1kYS1oaXN0b3JpYS0zNzNvY9IBAA?hl=pt-BR&gl=BR&ceid=BR%3Apt-419"
"14","Paradiso consagra-se como uma das festas mais inspiradoras de Brasília","Metrópoles","12 de nov. de 2017","https://news.google.com/articles/CBMiZGh0dHBzOi8vd3d3Lm1ldHJvcG9sZXMuY29tL2lzYWRvcmEtY2FtcG9zL3BhcmFkaXNvLWNvbnNhZ3JhLXNlLWNvbW8tby1wYXJhaXNvLWRhcy1mZXN0YXMtZW0tYnJhc2lsaWHSAQA?hl=pt-BR&gl=BR&ceid=BR%3Apt-419"
"15","Veja vídeo e imagens da chuva de meteoros na madrugada desta quinta","Metrópoles","14 de dez. de 2017","https://news.google.com/articles/CBMiVmh0dHBzOi8vd3d3Lm1ldHJvcG9sZXMuY29tL2JyYXNpbC92ZWphLXZpZGVvLWUtaW1hZ2Vucy1kYS1jaHV2YS1kZS1tZXRlb3Jvcy1nZW1pbmlkZWFz0gEA?hl=pt-BR&gl=BR&ceid=BR%3Apt-419"
"16","Jacarés invadem ruas no Texas após passagem do furacão Harvey","Metrópoles","26 de ago. de 2017","https://news.google.com/articles/CBMiXmh0dHBzOi8vd3d3Lm1ldHJvcG9sZXMuY29tL211bmRvL2phY2FyZXMtaW52YWRlbS1ydWFzLW5vLXRleGFzLWFwb3MtcGFzc2FnZW0tZG8tZnVyYWNhby1oYXJ2ZXnSAQA?hl=pt-BR&gl=BR&ceid=BR%3Apt-419"
"17","Fila muda de lugar e irrita fãs de Justin Bieber que dormiram no local","Metrópoles","29 de mar. de 2017","https://news.google.com/articles/CBMid2h0dHBzOi8vd3d3Lm1ldHJvcG9sZXMuY29tL2VudHJldGVuaW1lbnRvL211c2ljYS9maWxhLW11ZGEtZGUtbHVnYXItZS1pcnJpdGEtZmFzLWRlLWp1c3Rpbi1iaWViZXItcXVlLWRvcm1pcmFtLW5vLWxvY2Fs0gEA?hl=pt-BR&gl=BR&ceid=BR%3Apt-419"
"18","Climão! Bonner faz piadinha e recebe resposta seca de Maju no JN","Metrópoles","24 de out. de 2017","https://news.google.com/articles/CBMic2h0dHBzOi8vd3d3Lm1ldHJvcG9sZXMuY29tL2VudHJldGVuaW1lbnRvL3RlbGV2aXNhby9jbGltYW8tYm9ubmVyLWZhei1waWFkaW5oYS1lLXJlY2ViZS1yZXNwb3N0YS1zZWNhLWRlLW1hanUtbm8tam7SAQA?hl=pt-BR&gl=BR&ceid=BR%3Apt-419"
"19","Saiba quando vai voltar a chover em Brasília, segundo o Inmet","Metrópoles","13 de set. de 2017","https://news.google.com/articles/CBMicWh0dHBzOi8vd3d3Lm1ldHJvcG9sZXMuY29tL2Rpc3RyaXRvLWZlZGVyYWwvY2xpbWEtZGYvc2FpYmEtcXVhbmRvLXZhaS12b2x0YXItYS1jaG92ZXItZW0tYnJhc2lsaWEtc2VndW5kby1vLWlubWV00gEA?hl=pt-BR&gl=BR&ceid=BR%3Apt-419"
"20","Marcos e Emilly têm noite quente debaixo do edredom e internet pira","Metrópoles","22 de fev. de 2017","https://news.google.com/articles/CBMid2h0dHBzOi8vd3d3Lm1ldHJvcG9sZXMuY29tL2VudHJldGVuaW1lbnRvL3RlbGV2aXNhby9tYXJjb3MtZS1lbWlsbHktdGVtLW5vaXRlLXF1ZW50ZS1kZWJhaXhvLWRvLWVkcmVkb20tZS1pbnRlcm5ldC1waXJh0gEA?hl=pt-BR&gl=BR&ceid=BR%3Apt-419"
"21","2017: os 20 blockbusters mais aguardados do ano","Metrópoles","2 de jan. de 2017","https://news.google.com/articles/CBMiX2h0dHBzOi8vd3d3Lm1ldHJvcG9sZXMuY29tL2VudHJldGVuaW1lbnRvL2NpbmVtYS8yMDE3LW9zLTIwLWJsb2NrYnVzdGVycy1tYWlzLWFndWFyZGFkb3MtZG8tYW5v0gEA?hl=pt-BR&gl=BR&ceid=BR%3Apt-419"
"22","Chuva forte causa estragos no Sol Nascente","Metrópoles","2 de nov. de 2017","https://news.google.com/articles/CBMifWh0dHBzOi8vd3d3Lm1ldHJvcG9sZXMuY29tL2Rpc3RyaXRvLWZlZGVyYWwvaHR0cHN3d3ctbWV0cm9wb2xlcy1jb21kaXN0cml0by1mZWRlcmFsY2h1dmEtZm9ydGUtY2F1c2EtZXN0cmFnb3Mtbm8tc29sLW5hc2NlbnRl0gEA?hl=pt-BR&gl=BR&ceid=BR%3Apt-419"
"23","Chuvas isoladas atingem o DF na tarde desta quarta-feira (4/1)","Metrópoles","4 de jan. de 2017","https://news.google.com/articles/CBMicGh0dHBzOi8vd3d3Lm1ldHJvcG9sZXMuY29tL2Rpc3RyaXRvLWZlZGVyYWwvY2xpbWEtZGYvY2h1dmFzLWlzb2xhZGFzLWF0aW5nZW0tby1kZi1uYS10YXJkZS1kZXN0YS1xdWFydGEtZmVpcmEtNDHSAQA?hl=pt-BR&gl=BR&ceid=BR%3Apt-419"
"24","Oscar 2017: Disney domina animações, mas há espaço para alternativos","Metrópoles","22 de fev. de 2017","https://news.google.com/articles/CBMic2h0dHBzOi8vd3d3Lm1ldHJvcG9sZXMuY29tL2VudHJldGVuaW1lbnRvL2NpbmVtYS9vc2Nhci0yMDE3LWRpc25leS1kb21pbmEtYW5pbWFjb2VzLW1hcy1oYS1lc3BhY28tcGFyYS1hbHRlcm5hdGl2b3PSAQA?hl=pt-BR&gl=BR&ceid=BR%3Apt-419"
"25","Arrecadação do Mané Garrincha em 2017 não cobre custo nem de um mês","Metrópoles","16 de dez. de 2017","https://news.google.com/articles/CBMib2h0dHBzOi8vd3d3Lm1ldHJvcG9sZXMuY29tL2Rpc3RyaXRvLWZlZGVyYWwvYWJhbmRvbmFkby1tYW5lLWdhcnJpbmNoYS1uYW8tYXJyZWNhZG91LWVtLTIwMTctby1xdWUtY3VzdGEtcG9yLW1lc9IBAA?hl=pt-BR&gl=BR&ceid=BR%3Apt-419"
"26","Defesa Civil e Inmet alertam para chuva forte e ventos no DF","Metrópoles","17 de nov. de 2017","https://news.google.com/articles/CBMiemh0dHBzOi8vd3d3Lm1ldHJvcG9sZXMuY29tL2Rpc3RyaXRvLWZlZGVyYWwvY2xpbWEtZGYvZGVmZXNhLWNpdmlsLWUtaW5tZXQtYWxlcnRhbS1wYXJhLXJpc2NvLWRlLWNodXZhLWZvcnRlLWUtdmVudG9zLW5vLWRm0gEA?hl=pt-BR&gl=BR&ceid=BR%3Apt-419"
"27","Crise hídrica no DF era uma situação inimaginável em março de 2016","Metrópoles","14 de fev. de 2017","https://news.google.com/articles/CBMifGh0dHBzOi8vd3d3Lm1ldHJvcG9sZXMuY29tL2Rpc3RyaXRvLWZlZGVyYWwvbWVpby1hbWJpZW50ZS9jcmlzZS1oaWRyaWNhLW5vLWRmLWVyYS11bWEtc2l0dWFjYW8taW5pbWFnaW5hdmVsLWVtLW1hcmNvLWRlLTIwMTbSAQA?hl=pt-BR&gl=BR&ceid=BR%3Apt-419"
"28","Garoto pula de prédio com um guarda-chuva na mão após ver desenho","Metrópoles","20 de abr. de 2017","https://news.google.com/articles/CBMiYmh0dHBzOi8vd3d3Lm1ldHJvcG9sZXMuY29tL211bmRvL2dhcm90by1wdWxhLWRlLXByZWRpby1jb20tdW0tZ3VhcmRhLWNodXZhLW5hLW1hby1hcG9zLXZlci1kZXNlbmhv0gEA?hl=pt-BR&gl=BR&ceid=BR%3Apt-419"
"29","Repórter leva bolada ao vivo durante transmissão de jogo. Assista!","Metrópoles","13 de fev. de 2017","https://news.google.com/articles/CBMidGh0dHBzOi8vd3d3Lm1ldHJvcG9sZXMuY29tL2VudHJldGVuaW1lbnRvL3RlbGV2aXNhby9yZXBvcnRlci1sZXZhLWJvbGFkYS1hby12aXZvLWR1cmFudGUtdHJhbnNtaXNzYW8tZGUtam9nby1hc3Npc3Rh0gEA?hl=pt-BR&gl=BR&ceid=BR%3Apt-419"
"30","Super-heróis e princesas invadem o Carnapati, no Parque da Cidade","Metrópoles","27 de fev. de 2017","https://news.google.com/articles/CBMiaWh0dHBzOi8vd3d3Lm1ldHJvcG9sZXMuY29tL2Nhcm5hdmFsLTIwMTcvc3VwZXItaGVyb2lzLWUtcHJpbmNlc2FzLWludmFkZW0tby1jYXJuYXBhdGktbm8tcGFycXVlLWRhLWNpZGFkZdIBAA?hl=pt-BR&gl=BR&ceid=BR%3Apt-419"
"31","Mc Livinho atrasa três horas em show em Brasília e irrita público","Metrópoles","28 de fev. de 2017","https://news.google.com/articles/CBMicmh0dHBzOi8vd3d3Lm1ldHJvcG9sZXMuY29tL2VudHJldGVuaW1lbnRvL2JhbGFkYS9tYy1saXZpbmhvLWF0cmFzYS10cmVzLWhvcmFzLWVtLXNob3ctZW0tYnJhc2lsaWEtZS1pcnJpdGEtcHVibGljb9IBAA?hl=pt-BR&gl=BR&ceid=BR%3Apt-419"
