Title,Source,Time,Link
Lolla 2019: shows cancelados por conta de chuva serão remarcados,Metrópoles,7 de abr. de 2019,https://news.google.com/articles/CBMicGh0dHBzOi8vd3d3Lm1ldHJvcG9sZXMuY29tL2VudHJldGVuaW1lbnRvL211c2ljYS9sb2xsYS0yMDE5LXNob3dzLWNhbmNlbGFkb3MtcG9yLWNvbnRhLWRlLWNodXZhLXNlcmFvLXJlbWFyY2Fkb3PSAQA?hl=pt-BR&gl=BR&ceid=BR%3Apt-419
"Família sobre tempestade com granizo: ""Ficamos muito assustados""",Metrópoles,23 de dez. de 2019,https://news.google.com/articles/CBMiaWh0dHBzOi8vd3d3Lm1ldHJvcG9sZXMuY29tL2Rpc3RyaXRvLWZlZGVyYWwvZmFtaWxpYS1zb2JyZS10ZW1wZXN0YWRlLWNvbS1ncmFuaXpvLWZpY2Ftb3MtbXVpdG8tYXNzdXN0YWRvc9IBAA?hl=pt-BR&gl=BR&ceid=BR%3Apt-419
Shows do Lollapalooza são interrompidos por alerta de tempestade,Metrópoles,6 de abr. de 2019,https://news.google.com/articles/CBMicWh0dHBzOi8vd3d3Lm1ldHJvcG9sZXMuY29tL2VudHJldGVuaW1lbnRvL211c2ljYS9zaG93cy1kby1sb2xsYXBhbG9vemEtc2FvLWludGVycm9tcGlkb3MtcG9yLWFsZXJ0YS1kZS10ZW1wZXN0YWRl0gEA?hl=pt-BR&gl=BR&ceid=BR%3Apt-419
"""Peixes-pênis"" invadem praia da Califórnia após tempestade",Metrópoles,12 de dez. de 2019,https://news.google.com/articles/CBMibmh0dHBzOi8vd3d3Lm1ldHJvcG9sZXMuY29tL3NhaS1kby1zZXJpby9tdW5kby1iaXphcnJvL3BlaXhlcy1wZW5pcy1pbnZhZGVtLXByYWlhLWRhLWNhbGlmb3JuaWEtYXBvcy10ZW1wZXN0YWRl0gEA?hl=pt-BR&gl=BR&ceid=BR%3Apt-419
Post Malone arrasa no Lolla 2019 com participação de funkeiro,Metrópoles,6 de abr. de 2019,https://news.google.com/articles/CBMibmh0dHBzOi8vd3d3Lm1ldHJvcG9sZXMuY29tL2VudHJldGVuaW1lbnRvL211c2ljYS9wb3N0LW1hbG9uZS1hcnJhc2Etbm8tbG9sbGEtMjAxOS1jb20tcGFydGljaXBhY2FvLWRlLWZ1bmtlaXJv0gEA?hl=pt-BR&gl=BR&ceid=BR%3Apt-419
"Em Viçosa (MG), chuvas deixam 1 morto e estragos na universidade",Metrópoles,26 de out. de 2019,https://news.google.com/articles/CBMiX2h0dHBzOi8vd3d3Lm1ldHJvcG9sZXMuY29tL2JyYXNpbC9lbS12aWNvc2EtbWctY2h1dmFzLWRlaXhhbS0xLW1vcnRvLWUtZXN0cmFnb3MtbmEtdW5pdmVyc2lkYWRl0gEA?hl=pt-BR&gl=BR&ceid=BR%3Apt-419
Vídeo: chuva no DF faz árvore cair em prédio e provoca alagamento,Metrópoles,4 de dez. de 2019,https://news.google.com/articles/CBMibGh0dHBzOi8vd3d3Lm1ldHJvcG9sZXMuY29tL2Rpc3RyaXRvLWZlZGVyYWwvdmlkZW8tY2h1dmEtbm8tZGYtZmF6LWFydm9yZS1jYWlyLWVtLXByZWRpby1lLXByb3ZvY2EtYWxhZ2FtZW50b9IBAA?hl=pt-BR&gl=BR&ceid=BR%3Apt-419
Ciclone Fani atinge costa leste da Índia e deixa três mortos,Metrópoles,3 de mai. de 2019,https://news.google.com/articles/CBMiXWh0dHBzOi8vd3d3Lm1ldHJvcG9sZXMuY29tL211bmRvL2NpY2xvbmUtZmFuaS1hdGluZ2UtY29zdGEtbGVzdGUtZGEtaW5kaWEtZS1kZWl4YS10cmVzLW1vcnRvc9IBAA?hl=pt-BR&gl=BR&ceid=BR%3Apt-419
"DF: Inmet alerta para mais chuva, granizo e ventos fortes",Metrópoles,7 de nov. de 2019,https://news.google.com/articles/CBMibGh0dHBzOi8vd3d3Lm1ldHJvcG9sZXMuY29tL2Rpc3RyaXRvLWZlZGVyYWwvY2xpbWEtZGYvZGYtaW5tZXQtYWxlcnRhLXBhcmEtbWFpcy1jaHV2YS1ncmFuaXpvLWUtdmVudG9zLWZvcnRlc9IBAA?hl=pt-BR&gl=BR&ceid=BR%3Apt-419
Corpo de Caroline Bittencourt é encontrado após desaparecer no mar,Metrópoles,29 de abr. de 2019,https://news.google.com/articles/CBMiamh0dHBzOi8vd3d3Lm1ldHJvcG9sZXMuY29tL2NlbGVicmlkYWRlcy9jb3Jwby1kZS1jYXJvbGluZS1iaXR0ZW5jb3VydC1lLWVuY29udHJhZG8tYXBvcy1kZXNhcGFyZWNlci1uby1tYXLSAQA?hl=pt-BR&gl=BR&ceid=BR%3Apt-419
"Pai de Caroline Bittencourt: ""Pulei na água para tirar o corpo""",Metrópoles,29 de abr. de 2019,https://news.google.com/articles/CBMiZGh0dHBzOi8vd3d3Lm1ldHJvcG9sZXMuY29tL2NlbGVicmlkYWRlcy9wYWktZGUtY2Fyb2xpbmUtYml0dGVuY291cnQtcHVsZWktbmEtYWd1YS1wYXJhLXRpcmFyLW8tY29ycG_SAQA?hl=pt-BR&gl=BR&ceid=BR%3Apt-419
"Defesa Civil alerta para temporal, ventos fortes e raios no DF",Metrópoles,8 de nov. de 2019,https://news.google.com/articles/CBMiaWh0dHBzOi8vd3d3Lm1ldHJvcG9sZXMuY29tL2Rpc3RyaXRvLWZlZGVyYWwvZGVmZXNhLWNpdmlsLWFsZXJ0YS1wYXJhLXRlbXBvcmFsLXZlbnRvcy1mb3J0ZXMtZS1yYWlvcy1uby1kZtIBAA?hl=pt-BR&gl=BR&ceid=BR%3Apt-419
Vídeo impressionante. Raio quase atinge avião na Nova Zelândia,Metrópoles,22 de nov. de 2019,https://news.google.com/articles/CBMiXmh0dHBzOi8vd3d3Lm1ldHJvcG9sZXMuY29tL211bmRvL3ZpZGVvLWltcHJlc3Npb25hbnRlLXJhaW8tcXVhc2UtYXRpbmdlLWF2aWFvLW5hLW5vdmEtemVsYW5kaWHSAQA?hl=pt-BR&gl=BR&ceid=BR%3Apt-419
"José Loreto desabafa sobre 2019: ""Um ano de muitas turbulências""",Metrópoles,13 de dez. de 2019,https://news.google.com/articles/CBMiamh0dHBzOi8vd3d3Lm1ldHJvcG9sZXMuY29tL2NvbHVuYXMvcGlwb2NhbmRvL2pvc2UtbG9yZXRvLWRlc2FiYWZhLXNvYnJlLTIwMTktdW0tYW5vLWRlLW11aXRhcy10dXJidWxlbmNpYXPSAQA?hl=pt-BR&gl=BR&ceid=BR%3Apt-419
"Tempestade em Malta provoca ""chuva"" de peixes vivos em rodovias",Metrópoles,26 de fev. de 2019,https://news.google.com/articles/CBMiXmh0dHBzOi8vd3d3Lm1ldHJvcG9sZXMuY29tL211bmRvL3RlbXBlc3RhZGUtZW0tbWFsdGEtcHJvdm9jYS1jaHV2YS1kZS1wZWl4ZXMtdml2b3MtZW0tcm9kb3ZpYXPSAQA?hl=pt-BR&gl=BR&ceid=BR%3Apt-419
"Vídeos. Chuva causa alagamentos, abre cratera e atola veículos no DF",Metrópoles,16 de mai. de 2019,https://news.google.com/articles/CBMibmh0dHBzOi8vd3d3Lm1ldHJvcG9sZXMuY29tL2Rpc3RyaXRvLWZlZGVyYWwvdmlkZW9zLWNodXZhLWNhdXNhLWFsYWdhbWVudG9zLWFicmUtY3JhdGVyYS1lLWF0b2xhLXZlaWN1bG9zLW5vLWRm0gEA?hl=pt-BR&gl=BR&ceid=BR%3Apt-419
Iza faz show cheio de energia e suingue no Lollapalooza 2019,Metrópoles,7 de abr. de 2019,https://news.google.com/articles/CBMibWh0dHBzOi8vd3d3Lm1ldHJvcG9sZXMuY29tL2VudHJldGVuaW1lbnRvL211c2ljYS9pemEtZmF6LXNob3ctY2hlaW8tZGUtZW5lcmdpYS1lLXN1aW5ndWUtbm8tbG9sbGFwYWxvb3phLTIwMTnSAQA?hl=pt-BR&gl=BR&ceid=BR%3Apt-419
Apagão afeta milhares de brasilienses na noite desta quarta-feira,Metrópoles,24 de abr. de 2019,https://news.google.com/articles/CBMibWh0dHBzOi8vd3d3Lm1ldHJvcG9sZXMuY29tL2Rpc3RyaXRvLWZlZGVyYWwvYXBhZ2FvLWFmZXRhLW1pbGhhcmVzLWRlLWJyYXNpbGllbnNlcy1uYS1ub2l0ZS1kZXN0YS1xdWFydGEtZmVpcmHSAQA?hl=pt-BR&gl=BR&ceid=BR%3Apt-419
3%: trailer da terceira temporada da série mostra tempestade de areia,Metrópoles,14 de mai. de 2019,https://news.google.com/articles/CBMid2h0dHBzOi8vd3d3Lm1ldHJvcG9sZXMuY29tL2VudHJldGVuaW1lbnRvL3RlbGV2aXNhby8zLXRyYWlsZXItZGEtdGVyY2VpcmEtdGVtcG9yYWRhLWRhLXNlcmllLW1vc3RyYS10ZW1wZXN0YWRlLWRlLWFyZWlh0gEA?hl=pt-BR&gl=BR&ceid=BR%3Apt-419
Fortes chuvas destelham e inundam colégios do DF,Metrópoles,7 de nov. de 2019,https://news.google.com/articles/CBMiZWh0dHBzOi8vd3d3Lm1ldHJvcG9sZXMuY29tL2Rpc3RyaXRvLWZlZGVyYWwvY2xpbWEtZGYvZm9ydGVzLWNodXZhcy1kZXN0ZWxoYW0tZS1pbnVuZGFtLWNvbGVnaW9zLWRvLWRm0gEA?hl=pt-BR&gl=BR&ceid=BR%3Apt-419
"Prestes a se divorciar, Luisa Mell reata casamento em festa do filho",Metrópoles,14 de fev. de 2019,https://news.google.com/articles/CBMia2h0dHBzOi8vd3d3Lm1ldHJvcG9sZXMuY29tL2NlbGVicmlkYWRlcy9wcmVzdGVzLWEtc2UtZGl2b3JjaWFyLWx1aXNhLW1lbGwtcmVhdGEtY2FzYW1lbnRvLWVtLWZlc3RhLWRvLWZpbGhv0gEA?hl=pt-BR&gl=BR&ceid=BR%3Apt-419
"Após corte da Copa América, Neymar divulga foto do tornozelo inchado",Metrópoles,6 de jun. de 2019,https://news.google.com/articles/CBMib2h0dHBzOi8vd3d3Lm1ldHJvcG9sZXMuY29tL2VzcG9ydGVzL2Z1dGVib2wvYXBvcy1jb3J0ZS1kYS1jb3BhLWFtZXJpY2EtbmV5bWFyLWRpdnVsZ2EtZm90by1kby10b3Jub3plbG8taW5jaGFkb9IBAA?hl=pt-BR&gl=BR&ceid=BR%3Apt-419
Teto cede na Saúde após fortes chuvas. Inmet faz alerta,Metrópoles,5 de nov. de 2019,https://news.google.com/articles/CBMiYmh0dHBzOi8vd3d3Lm1ldHJvcG9sZXMuY29tL2Rpc3RyaXRvLWZlZGVyYWwvdGV0by1jZWRlLW5hLXNhdWRlLWFwb3MtZm9ydGVzLWNodXZhcy1pbm1ldC1mYXotYWxlcnRh0gEA?hl=pt-BR&gl=BR&ceid=BR%3Apt-419
Furacão Dorian chega às Bahamas e segue rumo à costa leste da Flórida,Metrópoles,1 de set. de 2019,https://news.google.com/articles/CBMiZmh0dHBzOi8vd3d3Lm1ldHJvcG9sZXMuY29tL211bmRvL2Z1cmFjYW8tZG9yaWFuLWNoZWdhLWFzLWJhaGFtYXMtZS1zZWd1ZS1ydW1vLWEtY29zdGEtbGVzdGUtZGEtZmxvcmlkYdIBAA?hl=pt-BR&gl=BR&ceid=BR%3Apt-419
GDF fará novo projeto de drenagem pluvial para Brasília,Metrópoles,24 de abr. de 2019,https://news.google.com/articles/CBMiY2h0dHBzOi8vd3d3Lm1ldHJvcG9sZXMuY29tL2Rpc3RyaXRvLWZlZGVyYWwvZ2RmLWZhcmEtbm92by1wcm9qZXRvLWRlLWRyZW5hZ2VtLXBsdXZpYWwtcGFyYS1icmFzaWxpYdIBAA?hl=pt-BR&gl=BR&ceid=BR%3Apt-419
Vídeos. Chuva deixa rastro de destruição no DF. Tem alerta hoje,Metrópoles,23 de dez. de 2019,https://news.google.com/articles/CBMiaWh0dHBzOi8vd3d3Lm1ldHJvcG9sZXMuY29tL2Rpc3RyaXRvLWZlZGVyYWwvdmlkZW9zLWNodXZhLWRlaXhhLXJhc3Ryby1kZS1kZXN0cnVpY2FvLW5vLWRmLXRlbS1hbGVydGEtaG9qZdIBAA?hl=pt-BR&gl=BR&ceid=BR%3Apt-419
Carol Bittencourt mostrou céu azul e clima quente antes de desaparecer,Metrópoles,29 de abr. de 2019,https://news.google.com/articles/CBMibmh0dHBzOi8vd3d3Lm1ldHJvcG9sZXMuY29tL2NlbGVicmlkYWRlcy9jYXJvbC1iaXR0ZW5jb3VydC1tb3N0cm91LWNldS1henVsLWUtY2xpbWEtcXVlbnRlLWFudGVzLWRlLWRlc2FwYXJlY2Vy0gEA?hl=pt-BR&gl=BR&ceid=BR%3Apt-419
Terra à Deriva: filme da Netflix é “intruso” entre bilheterias de 2019,Metrópoles,5 de ago. de 2019,https://news.google.com/articles/CBMiZ2h0dHBzOi8vd3d3Lm1ldHJvcG9sZXMuY29tL3Nwb2lsZXJzL3RlcnJhLWEtZGVyaXZhLWZpbG1lLWRhLW5ldGZsaXgtZS1pbnRydXNvLWVudHJlLWJpbGhldGVyaWFzLWRlLTIwMTnSAQA?hl=pt-BR&gl=BR&ceid=BR%3Apt-419
"Vídeos. Brasilienses enfrentam temporal, vento forte e alagamento",Metrópoles,7 de nov. de 2019,https://news.google.com/articles/CBMiZGh0dHBzOi8vd3d3Lm1ldHJvcG9sZXMuY29tL2Rpc3RyaXRvLWZlZGVyYWwvYnJhc2lsaWVuc2VzLWVuZnJlbnRhbS10ZW1wb3JhbC12ZW50by1mb3J0ZS1lLWFsYWdhbWVudG_SAQA?hl=pt-BR&gl=BR&ceid=BR%3Apt-419
"Caroline Bittencourt: ""Família já espera o pior"", diz blogueira",Metrópoles,29 de abr. de 2019,https://news.google.com/articles/CBMiY2h0dHBzOi8vd3d3Lm1ldHJvcG9sZXMuY29tL2NlbGVicmlkYWRlcy9jYXJvbGluZS1iaXR0ZW5jb3VydC1mYW1pbGlhLWphLWVzcGVyYS1vLXBpb3ItZGl6LWJsb2d1ZWlyYdIBAA?hl=pt-BR&gl=BR&ceid=BR%3Apt-419
Lollapalooza 2020: ingressos começam a ser vendidos nesta segunda,Metrópoles,23 de set. de 2019,https://news.google.com/articles/CBMicWh0dHBzOi8vd3d3Lm1ldHJvcG9sZXMuY29tL2VudHJldGVuaW1lbnRvL211c2ljYS9sb2xsYXBhbG9vemEtMjAyMC1pbmdyZXNzb3MtY29tZWNhbS1hLXNlci12ZW5kaWRvcy1uZXN0YS1zZWd1bmRh0gEA?hl=pt-BR&gl=BR&ceid=BR%3Apt-419
Cinema: confira os filmes que estreiam nesta semana (de 6/6 a 12/6),Metrópoles,6 de jun. de 2019,https://news.google.com/articles/CBMicWh0dHBzOi8vd3d3Lm1ldHJvcG9sZXMuY29tL2VudHJldGVuaW1lbnRvL2NpbmVtYS9jaW5lbWEtY29uZmlyYS1vcy1maWxtZXMtcXVlLWVzdHJlaWFtLW5lc3RhLXNlbWFuYS1kZS02LTYtYS0xMi020gEA?hl=pt-BR&gl=BR&ceid=BR%3Apt-419
Caroline Bittencourt queria mudar de profissão e engravidar de novo,Metrópoles,29 de abr. de 2019,https://news.google.com/articles/CBMia2h0dHBzOi8vd3d3Lm1ldHJvcG9sZXMuY29tL2NlbGVicmlkYWRlcy9jYXJvbGluZS1iaXR0ZW5jb3VydC1xdWVyaWEtbXVkYXItZGUtcHJvZmlzc2FvLWUtZW5ncmF2aWRhci1kZS1ub3Zv0gEA?hl=pt-BR&gl=BR&ceid=BR%3Apt-419
Festival de Gramado 2019 divulga os longas e curtas selecionados,Metrópoles,9 de jul. de 2019,https://news.google.com/articles/CBMicWh0dHBzOi8vd3d3Lm1ldHJvcG9sZXMuY29tL2VudHJldGVuaW1lbnRvL2NpbmVtYS9mZXN0aXZhbC1kZS1ncmFtYWRvLTIwMTktZGl2dWxnYS1vcy1sb25nYXMtZS1jdXJ0YXMtc2VsZWNpb25hZG9z0gEA?hl=pt-BR&gl=BR&ceid=BR%3Apt-419
Vídeo: jogadores são atingidos por raio durante partida de futebol,Metrópoles,17 de set. de 2019,https://news.google.com/articles/CBMibWh0dHBzOi8vd3d3Lm1ldHJvcG9sZXMuY29tL2VzcG9ydGVzL2Z1dGVib2wvdmlkZW8tam9nYWRvcmVzLXNhby1hdGluZ2lkb3MtcG9yLXJhaW8tZHVyYW50ZS1wYXJ0aWRhLWRlLWZ1dGVib2zSAQA?hl=pt-BR&gl=BR&ceid=BR%3Apt-419
Chuva forte causa alagamentos e danifica sepulturas no DF,Metrópoles,8 de dez. de 2019,https://news.google.com/articles/CBMiZWh0dHBzOi8vd3d3Lm1ldHJvcG9sZXMuY29tL2Rpc3RyaXRvLWZlZGVyYWwvY2h1dmEtZm9ydGUtY2F1c2EtYWxhZ2FtZW50b3MtZS1kYW5pZmljYS1zZXB1bHR1cmFzLW5vLWRm0gEA?hl=pt-BR&gl=BR&ceid=BR%3Apt-419
Filha de Caroline Bittencourt conta como teria sido a morte da mãe,Metrópoles,6 de mai. de 2019,https://news.google.com/articles/CBMiamh0dHBzOi8vd3d3Lm1ldHJvcG9sZXMuY29tL2NlbGVicmlkYWRlcy9maWxoYS1kZS1jYXJvbGluZS1iaXR0ZW5jb3VydC1jb250YS1jb21vLXRlcmlhLXNpZG8tYS1tb3J0ZS1kYS1tYWXSAQA?hl=pt-BR&gl=BR&ceid=BR%3Apt-419
Netflix confirma terceira temporada e fim da série Anne With an E,Metrópoles,25 de nov. de 2019,https://news.google.com/articles/CBMidWh0dHBzOi8vd3d3Lm1ldHJvcG9sZXMuY29tL2VudHJldGVuaW1lbnRvL3RlbGV2aXNhby9uZXRmbGl4LWNvbmZpcm1hLXRlcmNlaXJhLXRlbXBvcmFkYS1lLWZpbS1kYS1zZXJpZS1hbm5lLXdpdGgtYW4tZdIBAA?hl=pt-BR&gl=BR&ceid=BR%3Apt-419
"Caroline Bittencourt pulou do barco para salvar cachorros, diz amiga",Metrópoles,29 de abr. de 2019,https://news.google.com/articles/CBMia2h0dHBzOi8vd3d3Lm1ldHJvcG9sZXMuY29tL2NlbGVicmlkYWRlcy9jYXJvbGluZS1iaXR0ZW5jb3VydC1wdWxvdS1kby1iYXJjby1wYXJhLXNhbHZhci1jYWNob3Jyb3MtZGl6LWFtaWdh0gEA?hl=pt-BR&gl=BR&ceid=BR%3Apt-419
Corpo da modelo Caroline Bittencourt é cremado em São Paulo,Metrópoles,30 de abr. de 2019,https://news.google.com/articles/CBMiYGh0dHBzOi8vd3d3Lm1ldHJvcG9sZXMuY29tL2NlbGVicmlkYWRlcy9jb3Jwby1kYS1tb2RlbG8tY2Fyb2wtYml0dGVuY291cnQtZS1jcmVtYWRvLWVtLXNhby1wYXVsb9IBAA?hl=pt-BR&gl=BR&ceid=BR%3Apt-419
Chuva forte causa transtorno na região central de Brasília,Metrópoles,30 de nov. de 2019,https://news.google.com/articles/CBMiZmh0dHBzOi8vd3d3Lm1ldHJvcG9sZXMuY29tL2Rpc3RyaXRvLWZlZGVyYWwvY2h1dmEtZm9ydGUtY2F1c2EtdHJhbnN0b3Juby1uYS1yZWdpYW8tY2VudHJhbC1kZS1icmFzaWxpYdIBAA?hl=pt-BR&gl=BR&ceid=BR%3Apt-419
Tromba-d'água se forma e assusta na costa de Singapura,Metrópoles,11 de mai. de 2019,https://news.google.com/articles/CBMiVmh0dHBzOi8vd3d3Lm1ldHJvcG9sZXMuY29tL211bmRvL3Ryb21iYS1kYWd1YS1zZS1mb3JtYS1lLWFzc3VzdGEtbmEtY29zdGEtZGUtc2luZ2FwdXJh0gEA?hl=pt-BR&gl=BR&ceid=BR%3Apt-419
Veja preview da exposição de Capra Maia guiada por Marco Antônio Vieira,Metrópoles,5 de fev. de 2019,https://news.google.com/articles/CBMicmh0dHBzOi8vd3d3Lm1ldHJvcG9sZXMuY29tL2NvbHVuYXMvY2xhdWRpYS1tZWlyZWxlcy9xLXUtYS1kLXItYS1leHBlcmllbmNlLXZpc2l0YS1leHBvc2ljYW8tZGUtZ2lvdmFubmEtY2FwcmEtbWFpYdIBAA?hl=pt-BR&gl=BR&ceid=BR%3Apt-419
Furacão Dorian é elevado à categoria 5 e segue rumo aos EUA,Metrópoles,1 de set. de 2019,https://news.google.com/articles/CBMicGh0dHBzOi8vd3d3Lm1ldHJvcG9sZXMuY29tL211bmRvL21laW8tYW1iaWVudGUtbXVuZG8vZnVyYWNhby1kb3JpYW4tZS1lbGV2YWRvLWEtY2F0ZWdvcmlhLTUtZS1zZWd1ZS1ydW1vLWFvcy1ldWHSAQA?hl=pt-BR&gl=BR&ceid=BR%3Apt-419
Vídeos. Chuva causa alagamentos e trânsito para em vários pontos do DF,Metrópoles,2 de mai. de 2019,https://news.google.com/articles/CBMieWh0dHBzOi8vd3d3Lm1ldHJvcG9sZXMuY29tL2Rpc3RyaXRvLWZlZGVyYWwvY2xpbWEtZGYvdmlkZW9zLWNodXZhLXByb3ZvY2EtYWxhZ2FtZW50b3MtZS1lbnh1cnJhZGFzLWVtLXZhcmlvcy1wb250b3MtZG8tZGbSAQA?hl=pt-BR&gl=BR&ceid=BR%3Apt-419
"Ex-namorado de Carol Bittencourt, Alvaro Garnero pede orações à modelo",Metrópoles,29 de abr. de 2019,https://news.google.com/articles/CBMibWh0dHBzOi8vd3d3Lm1ldHJvcG9sZXMuY29tL2NlbGVicmlkYWRlcy9leC1uYW1vcmFkby1kZS1jYXJvbC1iaXR0ZW5jb3VydC1hbHZhcm8tZ2FybmVyby1wZWRlLW9yYWNvZXMtYS1tb2RlbG_SAQA?hl=pt-BR&gl=BR&ceid=BR%3Apt-419
Quinta temporada de Black Mirror ganha trailer e data de estreia,Metrópoles,15 de mai. de 2019,https://news.google.com/articles/CBMidGh0dHBzOi8vd3d3Lm1ldHJvcG9sZXMuY29tL2VudHJldGVuaW1lbnRvL3RlbGV2aXNhby9xdWludGEtdGVtcG9yYWRhLWRlLWJsYWNrLW1pcnJvci1nYW5oYS10cmFpbGVyLWUtZGF0YS1kZS1lc3RyZWlh0gEA?hl=pt-BR&gl=BR&ceid=BR%3Apt-419
Bombeiros divulgam imagens de buscas a Caroline Bittencourt,Metrópoles,29 de abr. de 2019,https://news.google.com/articles/CBMiY2h0dHBzOi8vd3d3Lm1ldHJvcG9sZXMuY29tL2NlbGVicmlkYWRlcy9ib21iZWlyb3MtZGl2dWxnYW0taW1hZ2Vucy1kZS1idXNjYXMtYS1jYXJvbGluZS1iaXR0ZW5jb3VydNIBAA?hl=pt-BR&gl=BR&ceid=BR%3Apt-419
Tumulto pós-Carnaval faz Brasília Shopping fechar as portas,Metrópoles,3 de mar. de 2019,https://news.google.com/articles/CBMiemh0dHBzOi8vd3d3Lm1ldHJvcG9sZXMuY29tL2Rpc3RyaXRvLWZlZGVyYWwvc2VndXJhbmNhLWRmL3R1bXVsdG8tb2JyaWdhLWxvamlzdGFzLWRvLWJyYXNpbGlhLXNob3BwaW5nLWEtZmVjaGFyZW0tYXMtcG9ydGFz0gEA?hl=pt-BR&gl=BR&ceid=BR%3Apt-419
"Marido viu Carol Bittencourt se afogar e tentou salvá-la, diz agente",Metrópoles,29 de abr. de 2019,https://news.google.com/articles/CBMia2h0dHBzOi8vd3d3Lm1ldHJvcG9sZXMuY29tL2NlbGVicmlkYWRlcy9tYXJpZG8tdml1LWNhcm9sLWJpdHRlbmNvdXJ0LXNlLWFmb2dhci1lLXRlbnRvdS1zYWx2YS1sYS1kaXotYWdlbnRl0gEA?hl=pt-BR&gl=BR&ceid=BR%3Apt-419
Modelo Caroline Bittencourt é procurada após desaparecer no mar,Metrópoles,29 de abr. de 2019,https://news.google.com/articles/CBMiZ2h0dHBzOi8vd3d3Lm1ldHJvcG9sZXMuY29tL2NlbGVicmlkYWRlcy9tb2RlbG8tY2Fyb2xpbmUtYml0dGVuY291cnQtZS1wcm9jdXJhZGEtYXBvcy1kZXNhcGFyZWNlci1uby1tYXLSAQA?hl=pt-BR&gl=BR&ceid=BR%3Apt-419
Corpo de Caroline Bittencourt é velado em São Paulo,Metrópoles,30 de abr. de 2019,https://news.google.com/articles/CBMiW2h0dHBzOi8vd3d3Lm1ldHJvcG9sZXMuY29tL2NlbGVicmlkYWRlcy9jb3Jwby1kZS1jYXJvbGluZS1iaXR0ZW5jb3VydC1lLXZlbGFkby1lbS1zYW8tcGF1bG_SAQA?hl=pt-BR&gl=BR&ceid=BR%3Apt-419
Cruzeiro atinge barco em Veneza deixando ao menos cinco feridos,Metrópoles,2 de jun. de 2019,https://news.google.com/articles/CBMiYGh0dHBzOi8vd3d3Lm1ldHJvcG9sZXMuY29tL211bmRvL2NydXplaXJvLWF0aW5nZS1iYXJjby1lbS12ZW5lemEtZGVpeGFuZG8tYW8tbWVub3MtY2luY28tZmVyaWRvc9IBAA?hl=pt-BR&gl=BR&ceid=BR%3Apt-419
Pantone: veja as cores da primavera/verão 2020 em Londres,Metrópoles,18 de set. de 2019,https://news.google.com/articles/CBMibmh0dHBzOi8vd3d3Lm1ldHJvcG9sZXMuY29tL2NvbHVuYXMvaWxjYS1tYXJpYS1lc3RldmFvL3BhbnRvbmUtdmVqYS1hcy1jb3Jlcy1kYS1wcmltYXZlcmEtdmVyYW8tMjAyMC1lbS1sb25kcmVz0gEA?hl=pt-BR&gl=BR&ceid=BR%3Apt-419
DF: Defesa Civil e Inmet alertam para chuva intensa e vento forte,Metrópoles,18 de dez. de 2019,https://news.google.com/articles/CBMibGh0dHBzOi8vd3d3Lm1ldHJvcG9sZXMuY29tL2Rpc3RyaXRvLWZlZGVyYWwvZGYtZGVmZXNhLWNpdmlsLWUtaW5tZXQtYWxlcnRhbS1wYXJhLWNodXZhLWludGVuc2EtZS12ZW50by1mb3J0ZdIBAA?hl=pt-BR&gl=BR&ceid=BR%3Apt-419
Filha e pai de Caroline Bittencourt vão a Ilhabela acompanhar buscas,Metrópoles,29 de abr. de 2019,https://news.google.com/articles/CBMibGh0dHBzOi8vd3d3Lm1ldHJvcG9sZXMuY29tL2NlbGVicmlkYWRlcy9maWxoYS1lLXBhaS1kZS1jYXJvbGluZS1iaXR0ZW5jb3VydC12YW8tYS1pbGhhYmVsYS1hY29tcGFuaGFyLWJ1c2Nhc9IBAA?hl=pt-BR&gl=BR&ceid=BR%3Apt-419
Babydoll de Nylon e Rejunta: Carnaval do DF foi debaixo de chuva,Metrópoles,2 de mar. de 2019,https://news.google.com/articles/CBMib2h0dHBzOi8vd3d3Lm1ldHJvcG9sZXMuY29tL2Rpc3RyaXRvLWZlZGVyYWwvYmFieWRvbGwtZGUtbnlsb24tYXRyYWktbXVsdGlkYW8tYW8tZXN0YWRpby1uYWNpb25hbC1tYW5lLWdhcnJpbmNoYdIBAA?hl=pt-BR&gl=BR&ceid=BR%3Apt-419
Shows do Lollapalooza são retomados após evacuação,Metrópoles,6 de abr. de 2019,https://news.google.com/articles/CBMiZmh0dHBzOi8vd3d3Lm1ldHJvcG9sZXMuY29tL2VudHJldGVuaW1lbnRvL211c2ljYS9wcm9ncmFtYWNhby1kby1sb2xsYXBhbG9vemEtZS1yZXRvbWFkYS1hcG9zLWV2YWN1YWNhb9IBAA?hl=pt-BR&gl=BR&ceid=BR%3Apt-419
Forte chuva deixa Guará e regiões vizinhas sem luz nesta sexta,Metrópoles,29 de nov. de 2019,https://news.google.com/articles/CBMiamh0dHBzOi8vd3d3Lm1ldHJvcG9sZXMuY29tL2Rpc3RyaXRvLWZlZGVyYWwvZm9ydGUtY2h1dmEtZGVpeGEtZ3VhcmEtZS1yZWdpb2VzLXZpemluaGFzLXNlbS1sdXotbmVzdGEtc2V4dGHSAQA?hl=pt-BR&gl=BR&ceid=BR%3Apt-419
Glória Maria posta foto de biquíni e corpo sarado chama atenção,Metrópoles,5 de jul. de 2019,https://news.google.com/articles/CBMibGh0dHBzOi8vd3d3Lm1ldHJvcG9sZXMuY29tL2NvbHVuYXMvcGlwb2NhbmRvL2dsb3JpYS1tYXJpYS1wb3N0YS1mb3RvLWRlLWJpcXVpbmktZS1jb3Jwby1zYXJhZG8tY2hhbWEtYXRlbmNhb9IBAA?hl=pt-BR&gl=BR&ceid=BR%3Apt-419
Jornalista da Record rebate comentário homofóbico ao vivo,Metrópoles,17 de out. de 2019,https://news.google.com/articles/CBMibWh0dHBzOi8vd3d3Lm1ldHJvcG9sZXMuY29tL2VudHJldGVuaW1lbnRvL3RlbGV2aXNhby9qb3JuYWxpc3RhLWRhLXJlY29yZC1yZWJhdGUtY29tZW50YXJpby1ob21vZm9iaWNvLWFvLXZpdm_SAQA?hl=pt-BR&gl=BR&ceid=BR%3Apt-419
"Homem que resgatou marido de Carol Bittencourt: ""Vi uma mão acenando""",Metrópoles,29 de abr. de 2019,https://news.google.com/articles/CBMiamh0dHBzOi8vd3d3Lm1ldHJvcG9sZXMuY29tL2NlbGVicmlkYWRlcy9ob21lbS1xdWUtcmVzZ2F0b3UtbWFyaWRvLWRlLWNhcm9sLWJpdHRlbmNvdXJ0LXZpLXVtYS1tYW8tYWNlbmFuZG_SAQA?hl=pt-BR&gl=BR&ceid=BR%3Apt-419
Tornado intriga moradores da região rural de Mato Grosso do Sul,Metrópoles,2 de dez. de 2019,https://news.google.com/articles/CBMidmh0dHBzOi8vd3d3Lm1ldHJvcG9sZXMuY29tL2JyYXNpbC9tZWlvLWFtYmllbnRlLWJyYXNpbC90b3JuYWRvLWludHJpZ2EtbW9yYWRvcmVzLWRhLXJlZ2lhby1ydXJhbC1kZS1tYXRvLWdyb3Nzby1kby1zdWzSAQA?hl=pt-BR&gl=BR&ceid=BR%3Apt-419
"Em duas horas, choveu no DF o equivalente a todo o mês de outubro",Metrópoles,7 de nov. de 2019,https://news.google.com/articles/CBMiamh0dHBzOi8vd3d3Lm1ldHJvcG9sZXMuY29tL2Rpc3RyaXRvLWZlZGVyYWwvZW0tZHVhcy1ob3Jhcy1jaG92ZXUtbm8tZGYtby1lcXVpdmFsZW50ZS1hLXRvZG8tbWVzLWRlLW91dHVicm_SAQA?hl=pt-BR&gl=BR&ceid=BR%3Apt-419
Caroline Bittencourt estava com lua de mel marcada para julho,Metrópoles,30 de abr. de 2019,https://news.google.com/articles/CBMiZWh0dHBzOi8vd3d3Lm1ldHJvcG9sZXMuY29tL2NlbGVicmlkYWRlcy9jYXJvbGluZS1iaXR0ZW5jb3VydC1lc3RhdmEtY29tLWx1YS1kZS1tZWwtbWFyY2FkYS1wYXJhLWp1bGhv0gEA?hl=pt-BR&gl=BR&ceid=BR%3Apt-419
Filha de Caroline Bittencourt se pronuncia após morte da modelo,Metrópoles,29 de abr. de 2019,https://news.google.com/articles/CBMiZ2h0dHBzOi8vd3d3Lm1ldHJvcG9sZXMuY29tL2NlbGVicmlkYWRlcy9maWxoYS1kZS1jYXJvbGluZS1iaXR0ZW5jb3VydC1zZS1wcm9udW5jaWEtYXBvcy1tb3J0ZS1kYS1tb2RlbG_SAQA?hl=pt-BR&gl=BR&ceid=BR%3Apt-419
"Quem é Caroline Bittencourt, modelo que desapareceu no mar em Ilhabela",Metrópoles,29 de abr. de 2019,https://news.google.com/articles/CBMibWh0dHBzOi8vd3d3Lm1ldHJvcG9sZXMuY29tL2NlbGVicmlkYWRlcy9xdWVtLWUtY2Fyb2xpbmUtYml0dGVuY291cnQtbW9kZWxvLXF1ZS1kZXNhcGFyZWNldS1uby1tYXItZW0taWxoYWJlbGHSAQA?hl=pt-BR&gl=BR&ceid=BR%3Apt-419
"Marido de Caroline Bittencourt: ""Grandes ondas"" impediram resgate",Metrópoles,30 de abr. de 2019,https://news.google.com/articles/CBMiZmh0dHBzOi8vd3d3Lm1ldHJvcG9sZXMuY29tL2NlbGVicmlkYWRlcy9tYXJpZG8tZGUtY2Fyb2xpbmUtYml0dGVuY291cnQtZ3JhbmRlcy1vbmRhcy1pbXBlZGlyYW0tcmVzZ2F0ZdIBAA?hl=pt-BR&gl=BR&ceid=BR%3Apt-419
Stephen King: 6 filmes baseados no escritor para assistir no CCBB,Metrópoles,14 de out. de 2019,https://news.google.com/articles/CBMicWh0dHBzOi8vd3d3Lm1ldHJvcG9sZXMuY29tL2VudHJldGVuaW1lbnRvL2NpbmVtYS9zdGVwaGVuLWtpbmctNi1maWxtZXMtYmFzZWFkb3Mtbm8tZXNjcml0b3ItcGFyYS1hc3Npc3Rpci1uby1jY2Ji0gEA?hl=pt-BR&gl=BR&ceid=BR%3Apt-419
Centenário de Clarice Lispector: obra ganha reedições em 2020,Metrópoles,10 de dez. de 2019,https://news.google.com/articles/CBMicWh0dHBzOi8vd3d3Lm1ldHJvcG9sZXMuY29tL2VudHJldGVuaW1lbnRvL2xpdGVyYXR1cmEvY2VudGVuYXJpby1kZS1jbGFyaWNlLWxpc3BlY3Rvci1vYnJhLWdhbmhhLXJlZWRpY29lcy1lbS0yMDIw0gEA?hl=pt-BR&gl=BR&ceid=BR%3Apt-419
Banheiro de casal explode e fica destruído após raio atingir fossa,Metrópoles,7 de ago. de 2019,https://news.google.com/articles/CBMiY2h0dHBzOi8vd3d3Lm1ldHJvcG9sZXMuY29tL211bmRvL2JhbmhlaXJvLWRlLWNhc2FsLWV4cGxvZGUtZS1maWNhLWRlc3RydWlkby1hcG9zLXJhaW8tYXRpbmdpci1mb3NzYdIBAA?hl=pt-BR&gl=BR&ceid=BR%3Apt-419
Tempestade de neve cobre noroeste dos Estados Unidos,Metrópoles,9 de fev. de 2019,https://news.google.com/articles/CBMiVWh0dHBzOi8vd3d3Lm1ldHJvcG9sZXMuY29tL211bmRvL3RlbXBlc3RhZGUtZGUtbmV2ZS1jb2JyZS1ub3JvZXN0ZS1kb3MtZXN0YWRvcy11bmlkb3PSAQA?hl=pt-BR&gl=BR&ceid=BR%3Apt-419
Amor de A Fazenda sobe a serra? Gabi Prado e João Zoli estão noivos!,Metrópoles,15 de abr. de 2019,https://news.google.com/articles/CBMiamh0dHBzOi8vd3d3Lm1ldHJvcG9sZXMuY29tL2NlbGVicmlkYWRlcy9hbW9yLWRlLWEtZmF6ZW5kYS1zb2JlLWEtc2VycmEtZ2FiaS1wcmFkby1lLWpvYW8tem9saS1lc3Rhby1ub2l2b3PSAQA?hl=pt-BR&gl=BR&ceid=BR%3Apt-419
"O melhor do México: experimentando o pulque, o mezcal e a tequila",Metrópoles,1 de nov. de 2019,https://news.google.com/articles/CBMic2h0dHBzOi8vd3d3Lm1ldHJvcG9sZXMuY29tL3ZpbmhvLWUtb3V0cmFzLWhpc3Rvcmlhcy9vLW1lbGhvci1kby1tZXhpY28tZXhwZXJpbWVudGFuZG8tby1wdWxxdWUtby1tZXpjYWwtZS1hLXRlcXVpbGHSAQA?hl=pt-BR&gl=BR&ceid=BR%3Apt-419
Marido será indiciado por morte de Caroline Bittencourt,Metrópoles,6 de mai. de 2019,https://news.google.com/articles/CBMiX2h0dHBzOi8vd3d3Lm1ldHJvcG9sZXMuY29tL2NlbGVicmlkYWRlcy9tYXJpZG8tc2VyYS1pbmRpY2lhZG8tcG9yLW1vcnRlLWRlLWNhcm9saW5lLWJpdHRlbmNvdXJ00gEA?hl=pt-BR&gl=BR&ceid=BR%3Apt-419
Barco preso nas Cataratas do Niágara se move depois de 101 anos,Metrópoles,4 de nov. de 2019,https://news.google.com/articles/CBMiYGh0dHBzOi8vd3d3Lm1ldHJvcG9sZXMuY29tL211bmRvL2JhcmNvLXByZXNvLW5hcy1jYXRhcmF0YXMtZG8tbmlhZ2FyYS1zZS1tb3ZlLWRlcG9pcy1kZS0xMDEtYW5vc9IBAA?hl=pt-BR&gl=BR&ceid=BR%3Apt-419
Crítica: Predadores Assassinos reúne pai e filha em terror de jacarés,Metrópoles,26 de set. de 2019,https://news.google.com/articles/CBMidWh0dHBzOi8vd3d3Lm1ldHJvcG9sZXMuY29tL2VudHJldGVuaW1lbnRvL2NpbmVtYS9jcml0aWNhLXByZWRhZG9yZXMtYXNzYXNzaW5vcy1yZXVuZS1wYWktZS1maWxoYS1lbS10ZXJyb3ItZGUtamFjYXJlc9IBAA?hl=pt-BR&gl=BR&ceid=BR%3Apt-419
"Viagem ao começo do mundo, do Cerrado à Amazônia, das chapadas à floresta",Metrópoles,5 de out. de 2019,https://news.google.com/articles/CBMidGh0dHBzOi8vd3d3Lm1ldHJvcG9sZXMuY29tL2NvbmNlaWNhby1mcmVpdGFzL3ZpYWdlbS1hby1jb21lY28tZG8tbXVuZG8tZG8tY2VycmFkby1hLWFtYXpvbmlhLWRhcy1jaGFwYWRhcy1hLWZsb3Jlc3Rh0gEA?hl=pt-BR&gl=BR&ceid=BR%3Apt-419
"Vídeos: DF registra ventos, apagão, chuva de granizo e enxurrada",Metrópoles,23 de out. de 2019,https://news.google.com/articles/CBMiaWh0dHBzOi8vd3d3Lm1ldHJvcG9sZXMuY29tL2Rpc3RyaXRvLWZlZGVyYWwvdmlkZW9zLWRmLXJlZ2lzdHJhLXZlbnRvcy1mb3J0ZXMtY2h1dmEtZGUtZ3Jhbml6by1lLWVueHVycmFkYdIBAA?hl=pt-BR&gl=BR&ceid=BR%3Apt-419
"Chuvas deixam 2 mortos, feridos e desabrigados no Espírito Santo",Metrópoles,15 de nov. de 2019,https://news.google.com/articles/CBMiYWh0dHBzOi8vd3d3Lm1ldHJvcG9sZXMuY29tL2JyYXNpbC9jaHV2YXMtZGVpeGFtLTItbW9ydG9zLWZlcmlkb3MtZS1kZXNhYnJpZ2Fkb3Mtbm8tZXNwaXJpdG8tc2FudG_SAQA?hl=pt-BR&gl=BR&ceid=BR%3Apt-419
