Title,Source,Time,Link
Pegação: um guia para sair da seca ainda em 2019,Metrópoles,16 de nov. de 2019,https://news.google.com/articles/CBMiZmh0dHBzOi8vd3d3Lm1ldHJvcG9sZXMuY29tL3ZpZGEtZS1lc3RpbG8vY29tcG9ydGFtZW50by9wZWdhY2FvLXVtLWd1aWEtcGFyYS1zYWlyLWRhLXNlY2EtYWluZGEtZW0tMjAxOdIBAA?hl=pt-BR&gl=BR&ceid=BR%3Apt-419
"Calor no DF bate recorde de 2019 e chega a 35,9ºC. Umidade fica em 10%",Metrópoles,20 de set. de 2019,https://news.google.com/articles/CBMieGh0dHBzOi8vd3d3Lm1ldHJvcG9sZXMuY29tL2Rpc3RyaXRvLWZlZGVyYWwvY2xpbWEtZGYvY2Fsb3Itbm8tZGYtYmF0ZS1yZWNvcmRlLWRlLTIwMTktZS1jaGVnYS1hLTM1OW9jLXVtaWRhZGUtZmljYS1lbS0xMNIBAA?hl=pt-BR&gl=BR&ceid=BR%3Apt-419
Semana começa com névoa seca e umidade que pode baixar a 25%,Metrópoles,26 de ago. de 2019,https://news.google.com/articles/CBMicGh0dHBzOi8vd3d3Lm1ldHJvcG9sZXMuY29tL2Rpc3RyaXRvLWZlZGVyYWwvY2xpbWEtZGYvc2VtYW5hLWNvbWVjYS1jb20tbmV2b2Etc2VjYS1lLXVtaWRhZGUtcXVlLXBvZGUtYmFpeGFyLWEtMjXSAQA?hl=pt-BR&gl=BR&ceid=BR%3Apt-419
"Neste vazio de cidade moderna, a seca existe para nos humilhar",Metrópoles,22 de set. de 2019,https://news.google.com/articles/CBMibmh0dHBzOi8vd3d3Lm1ldHJvcG9sZXMuY29tL2NvbC1jb25jZWljYW8tZnJlaXRhcy9uZXN0ZS12YXppby1kZS1jaWRhZGUtbW9kZXJuYS1hLXNlY2EtZXhpc3RlLXBhcmEtbm9zLWh1bWlsaGFy0gEA?hl=pt-BR&gl=BR&ceid=BR%3Apt-419
"Coberto por névoa seca, DF bate novo recorde de temperatura: 35,7ºC",Metrópoles,19 de set. de 2019,https://news.google.com/articles/CBMibGh0dHBzOi8vd3d3Lm1ldHJvcG9sZXMuY29tL2Rpc3RyaXRvLWZlZGVyYWwvY29iZXJ0by1wb3ItbmV2b2Etc2VjYS1kZi1iYXRlLW5vdm8tcmVjb3JkZS1kZS10ZW1wZXJhdHVyYS0zNTdvY9IBAA?hl=pt-BR&gl=BR&ceid=BR%3Apt-419
Rafael Zulu é parado em blitz da Lei Seca e tem CNH recolhida,Metrópoles,4 de set. de 2019,https://news.google.com/articles/CBMiamh0dHBzOi8vd3d3Lm1ldHJvcG9sZXMuY29tL2NvbHVuYXMvcGlwb2NhbmRvL3JhZmFlbC16dWx1LWUtcGFyYWRvLWVtLWJsaXR6LWRhLWxlaS1zZWNhLWUtdGVtLWNuaC1yZWNvbGhpZGHSAQA?hl=pt-BR&gl=BR&ceid=BR%3Apt-419
"Em meio à seca, bombeiros do DF arriscam a vida no combate a incêndios",Metrópoles,22 de set. de 2019,https://news.google.com/articles/CBMicWh0dHBzOi8vd3d3Lm1ldHJvcG9sZXMuY29tL2Rpc3RyaXRvLWZlZGVyYWwvZW0tbWVpby1hLXNlY2EtYm9tYmVpcm9zLWRvLWRmLWFycmlzY2FtLWEtdmlkYS1uby1jb21iYXRlLWEtaW5jZW5kaW9z0gEA?hl=pt-BR&gl=BR&ceid=BR%3Apt-419
DER-DF só vai recolher CNH e documentos do carro se forem falsos,Metrópoles,1 de nov. de 2019,https://news.google.com/articles/CBMibGh0dHBzOi8vd3d3Lm1ldHJvcG9sZXMuY29tL2Rpc3RyaXRvLWZlZGVyYWwvZGVyLWRmLXNvLXZhaS1yZWNvbGhlci1jbmgtZS1kb2N1bWVudG9zLWRvLWNhcnJvLXNlLWZvcmVtLWZhbHNvc9IBAA?hl=pt-BR&gl=BR&ceid=BR%3Apt-419
"Pego na Lei Seca com CNH vencida, Saulo Poncio deixa Sarah revoltada",Metrópoles,5 de set. de 2019,https://news.google.com/articles/CBMicGh0dHBzOi8vd3d3Lm1ldHJvcG9sZXMuY29tL2NvbHVuYXMvcGlwb2NhbmRvL3BlZ28tbmEtbGVpLXNlY2EtY29tLWNuaC12ZW5jaWRhLXNhdWxvLXBvbmNpby1kZWl4YS1zYXJhaC1yZXZvbHRhZGHSAQA?hl=pt-BR&gl=BR&ceid=BR%3Apt-419
"Pego na Lei Seca, Nego do Borel se recusa a fazer teste do bafômetro",Metrópoles,18 de ago. de 2019,https://news.google.com/articles/CBMicGh0dHBzOi8vd3d3Lm1ldHJvcG9sZXMuY29tL2NvbHVuYXMvcGlwb2NhbmRvL3BlZ28tbmEtbGVpLXNlY2EtbmVnby1kby1ib3JlbC1zZS1yZWN1c2EtYS1mYXplci10ZXN0ZS1kby1iYWZvbWV0cm_SAQA?hl=pt-BR&gl=BR&ceid=BR%3Apt-419
DF: calor volta a subir nos próximos dias e umidade ficará mais baixa,Metrópoles,8 de set. de 2019,https://news.google.com/articles/CBMicGh0dHBzOi8vd3d3Lm1ldHJvcG9sZXMuY29tL2Rpc3RyaXRvLWZlZGVyYWwvZGYtY2Fsb3Itdm9sdGEtYS1zdWJpci1ub3MtcHJveGltb3MtZGlhcy1lLXVtaWRhZGUtZmljYXJhLW1haXMtYmFpeGHSAQA?hl=pt-BR&gl=BR&ceid=BR%3Apt-419
Por que o pôr do sol de Brasília é mais bonito que os outros,Metrópoles,30 de mai. de 2019,https://news.google.com/articles/CBMiaWh0dHBzOi8vd3d3Lm1ldHJvcG9sZXMuY29tL2NvbmNlaWNhby1mcmVpdGFzL3Bvci1xdWUtby1wb3ItZG8tc29sLWRlLWJyYXNpbGlhLWUtbWFpcy1ib25pdG8tcXVlLW9zLW91dHJvc9IBAA?hl=pt-BR&gl=BR&ceid=BR%3Apt-419
Criançada na cozinha: Globo estreia nova temporada de Super Chefinhos,Metrópoles,4 de out. de 2019,https://news.google.com/articles/CBMieGh0dHBzOi8vd3d3Lm1ldHJvcG9sZXMuY29tL2VudHJldGVuaW1lbnRvL3RlbGV2aXNhby9jcmlhbmNhZGEtbmEtY296aW5oYS1nbG9iby1lc3RyZWlhLW5vdmEtdGVtcG9yYWRhLWRlLXN1cGVyLWNoZWZpbmhvc9IBAA?hl=pt-BR&gl=BR&ceid=BR%3Apt-419
Na seca! Myrian Rios diz que está há 17 anos sem beijar na boca,Metrópoles,9 de mai. de 2019,https://news.google.com/articles/CBMiZmh0dHBzOi8vd3d3Lm1ldHJvcG9sZXMuY29tL2NlbGVicmlkYWRlcy9uYS1zZWNhLW15cmlhbi1yaW9zLWRpei1xdWUtZXN0YS1oYS0xNy1hbm9zLXNlbS1iZWlqYXItbmEtYm9jYdIBAA?hl=pt-BR&gl=BR&ceid=BR%3Apt-419
DF em chamas: fogo destruiu área 4 vezes o tamanho do Guará em 2019,Metrópoles,16 de set. de 2019,https://news.google.com/articles/CBMicmh0dHBzOi8vd3d3Lm1ldHJvcG9sZXMuY29tL2Rpc3RyaXRvLWZlZGVyYWwvaW5jZW5kaW9zLW5vLWRmLWVtLXNldGVtYnJvLXJlcHJlc2VudGFtLXVtLXRlcmNvLWRvcy1yZWdpc3Ryb3MtZGUtMjAxOdIBAA?hl=pt-BR&gl=BR&ceid=BR%3Apt-419
Lei Seca: chega ao DF aparelho que detecta embriaguez por sensor,Metrópoles,22 de mai. de 2019,https://news.google.com/articles/CBMid2h0dHBzOi8vd3d3Lm1ldHJvcG9sZXMuY29tL2Rpc3RyaXRvLWZlZGVyYWwvdHJhbnNpdG8tZGYvbGVpLXNlY2EtY2hlZ2EtYW8tZGYtYXBhcmVsaG8tcXVlLWRldGVjdGEtZW1icmlhZ3Vlei1wb3Itc2Vuc29y0gEA?hl=pt-BR&gl=BR&ceid=BR%3Apt-419
"Distrito Federal registra recorde de calor: temperatura chega a 36,2ºC",Metrópoles,21 de set. de 2019,https://news.google.com/articles/CBMicGh0dHBzOi8vd3d3Lm1ldHJvcG9sZXMuY29tL2Rpc3RyaXRvLWZlZGVyYWwvZGlzdHJpdG8tZmVkZXJhbC1yZWdpc3RyYS1yZWNvcmRlLWRlLWNhbG9yLXRlbXBlcmF0dXJhLWNoZWdhLWEtMzYyb2PSAQA?hl=pt-BR&gl=BR&ceid=BR%3Apt-419
Fast Açaí lança novas opções de crepes e tapiocas,Metrópoles,7 de fev. de 2019,https://news.google.com/articles/CBMiXmh0dHBzOi8vd3d3Lm1ldHJvcG9sZXMuY29tL2dhc3Ryb25vbWlhL2NvbWVyL2Zhc3QtYWNhaS1sYW5jYS1ub3Zhcy1vcGNvZXMtZGUtY3JlcGVzLWUtdGFwaW9jYXPSAQA?hl=pt-BR&gl=BR&ceid=BR%3Apt-419
Queimadas no Brasil sobem 82% de janeiro a agosto de 2019 em relação a 2018,Metrópoles,19 de ago. de 2019,https://news.google.com/articles/CBMibGh0dHBzOi8vd3d3Lm1ldHJvcG9sZXMuY29tL2JyYXNpbC9xdWVpbWFkYXMtbm8tYnJhc2lsLXNvYmVtLTgyLWRlLWphbmVpcm8tYS1hZ29zdG8tZGUtMjAxOS1lbS1yZWxhY2FvLWEtMjAxONIBAA?hl=pt-BR&gl=BR&ceid=BR%3Apt-419
"Zanine, o arquiteto sem diploma que inventou a flor do Cerrado",Metrópoles,21 de mar. de 2019,https://news.google.com/articles/CBMiamh0dHBzOi8vd3d3Lm1ldHJvcG9sZXMuY29tL2NvbmNlaWNhby1mcmVpdGFzL3phbmluZS1vLWFycXVpdGV0by1zZW0tZGlwbG9tYS1xdWUtaW52ZW50b3UtYS1mbG9yLWRvLWNlcnJhZG_SAQA?hl=pt-BR&gl=BR&ceid=BR%3Apt-419
Consciência Negra: projeto de percussão ocupa pontos do DF,Metrópoles,20 de nov. de 2019,https://news.google.com/articles/CBMicGh0dHBzOi8vd3d3Lm1ldHJvcG9sZXMuY29tL3ZpZGEtZS1lc3RpbG8vY29tcG9ydGFtZW50by9jb25zY2llbmNpYS1uZWdyYS1wcm9qZXRvLWRlLXBlcmN1c3Nhby1vY3VwYS1wb250b3MtZG8tZGbSAQA?hl=pt-BR&gl=BR&ceid=BR%3Apt-419
Prêmio Multishow 2019 reúne celebridades no Rio de Janeiro,Metrópoles,31 de out. de 2019,https://news.google.com/articles/CBMibmh0dHBzOi8vd3d3Lm1ldHJvcG9sZXMuY29tL2NvbHVuYXMvY2xhdWRpYS1tZWlyZWxlcy9wcmVtaW8tbXVsdGlzaG93LTIwMTktcmV1bmUtY2VsZWJyaWRhZGVzLW5vLXJpby1kZS1qYW5laXJv0gEA?hl=pt-BR&gl=BR&ceid=BR%3Apt-419
É hexa! Liverpool bate o Tottenham por 2x0 e vence a Champions League,Metrópoles,1 de jun. de 2019,https://news.google.com/articles/CBMicGh0dHBzOi8vd3d3Lm1ldHJvcG9sZXMuY29tL2VzcG9ydGVzL2Z1dGVib2wvZS1oZXhhLWxpdmVycG9vbC1iYXRlLW8tdG90dGVuaGFtLXBvci0yeDAtZS12ZW5jZS1hLWNoYW1waW9ucy1sZWFndWXSAQA?hl=pt-BR&gl=BR&ceid=BR%3Apt-419
Praça do Buriti e Parque da Cidade terão atendimento móvel do Detran,Metrópoles,17 de set. de 2019,https://news.google.com/articles/CBMicGh0dHBzOi8vd3d3Lm1ldHJvcG9sZXMuY29tL2Rpc3RyaXRvLWZlZGVyYWwvcHJhY2EtZG8tYnVyaXRpLWUtcGFycXVlLWRhLWNpZGFkZS10ZXJhby1hdGVuZGltZW50by1tb3ZlbC1kby1kZXRyYW7SAQA?hl=pt-BR&gl=BR&ceid=BR%3Apt-419
Vídeo: veja momento em que encapuzado executa jornalista em Maricá,Metrópoles,19 de jun. de 2019,https://news.google.com/articles/CBMibmh0dHBzOi8vd3d3Lm1ldHJvcG9sZXMuY29tL2JyYXNpbC9wb2xpY2lhLWJyL3ZpZGVvLXZlamEtbW9tZW50by1lbS1xdWUtZW5jYXB1emFkby1leGVjdXRhLWpvcm5hbGlzdGEtZW0tbWFyaWNh0gEA?hl=pt-BR&gl=BR&ceid=BR%3Apt-419
Amazônia: queimadas triplicam em agosto e superam média histórica,Metrópoles,1 de set. de 2019,https://news.google.com/articles/CBMiYmh0dHBzOi8vd3d3Lm1ldHJvcG9sZXMuY29tL2JyYXNpbC9hbWF6b25pYS1xdWVpbWFkYXMtdHJpcGxpY2FtLWVtLWFnb3N0by1lLXN1cGVyYW0tbWVkaWEtaGlzdG9yaWNh0gEA?hl=pt-BR&gl=BR&ceid=BR%3Apt-419
"Chuva em SP bloqueia pontos da Marginal Tietê, Anhanguera e Tamoios",Metrópoles,5 de jul. de 2019,https://news.google.com/articles/CBMiZGh0dHBzOi8vd3d3Lm1ldHJvcG9sZXMuY29tL2JyYXNpbC9jaHV2YS1lbS1zcC1ibG9xdWVpYS1wb250b3MtZGEtbWFyZ2luYWwtdGlldGUtYW5oYW5ndWVyYS1lLXRhbW9pb3PSAQA?hl=pt-BR&gl=BR&ceid=BR%3Apt-419
Defesa Civil fez 117 interdições por risco de desabamento em 2019,Metrópoles,13 de dez. de 2019,https://news.google.com/articles/CBMibGh0dHBzOi8vd3d3Lm1ldHJvcG9sZXMuY29tL2Rpc3RyaXRvLWZlZGVyYWwvMjAxOS1kZWZlc2EtY2l2aWwtZmV6LTExNy1pbnRlcmRpY29lcy1wb3ItcmlzY29zLWRlLWRlc2FiYW1lbnRvc9IBAA?hl=pt-BR&gl=BR&ceid=BR%3Apt-419
12 drinques sem álcool para o motorista da rodada acompanhar os amigos,Metrópoles,21 de jul. de 2019,https://news.google.com/articles/CBMic2h0dHBzOi8vd3d3Lm1ldHJvcG9sZXMuY29tL2dhc3Ryb25vbWlhL2JlYmVyLzEyLWRyaW5xdWVzLXNlbS1hbGNvb2wtcGFyYS1vLW1vdG9yaXN0YS1kYS1yb2RhZGEtYWNvbXBhbmhhci1vcy1hbWlnb3PSAQA?hl=pt-BR&gl=BR&ceid=BR%3Apt-419
DF: há previsão de chuva para hoje e no fim de semana,Metrópoles,27 de set. de 2019,https://news.google.com/articles/CBMiaWh0dHBzOi8vd3d3Lm1ldHJvcG9sZXMuY29tL2Rpc3RyaXRvLWZlZGVyYWwvY2xpbWEtZGYvZGYtaGEtcHJldmlzYW8tZGUtY2h1dmEtcGFyYS1ob2plLWUtbm8tZmltLWRlLXNlbWFuYdIBAA?hl=pt-BR&gl=BR&ceid=BR%3Apt-419
"Vídeo. Sala de aula de escola do DF vira ""forno"" no período da seca",Metrópoles,11 de set. de 2019,https://news.google.com/articles/CBMia2h0dHBzOi8vd3d3Lm1ldHJvcG9sZXMuY29tL2Rpc3RyaXRvLWZlZGVyYWwvdmlkZW8tc2FsYS1kZS1hdWxhLWRlLWVzY29sYS1kby1kZi12aXJhLWZvcm5vLW5lc3Rlcy1kaWFzLXNlY29z0gEA?hl=pt-BR&gl=BR&ceid=BR%3Apt-419
"Vídeos. Após chuva forte, sobra lama em ruas de Vicente Pires",Metrópoles,22 de out. de 2019,https://news.google.com/articles/CBMiZ2h0dHBzOi8vd3d3Lm1ldHJvcG9sZXMuY29tL2Rpc3RyaXRvLWZlZGVyYWwvdmlkZW9zLWFwb3MtY2h1dmEtZm9ydGUtc29icmEtbGFtYS1lbS1ydWFzLWRlLXZpY2VudGUtcGlyZXPSAQA?hl=pt-BR&gl=BR&ceid=BR%3Apt-419
Saiba como amenizar o desconforto dos olhos durante o período seco,Metrópoles,12 de set. de 2019,https://news.google.com/articles/CBMiY2h0dHBzOi8vd3d3Lm1ldHJvcG9sZXMuY29tL3NhdWRlL3NhaWJhLWNvbW8tYW1lbml6YXItby1kZXNjb25mb3J0by1kb3Mtb2xob3MtZHVyYW50ZS1vLXBlcmlvZG8tc2Vjb9IBAA?hl=pt-BR&gl=BR&ceid=BR%3Apt-419
Cão Véio completa dois anos em Brasília e traz novidades ao cardápio,Metrópoles,2 de jul. de 2019,https://news.google.com/articles/CBMicWh0dHBzOi8vd3d3Lm1ldHJvcG9sZXMuY29tL2dhc3Ryb25vbWlhL2NvbWVyL2Nhby12ZWlvLWNvbXBsZXRhLWRvaXMtYW5vcy1lbS1icmFzaWxpYS1lLXRyYXotbm92aWRhZGVzLWFvLWNhcmRhcGlv0gEA?hl=pt-BR&gl=BR&ceid=BR%3Apt-419
Rodrigo Resende celebra a chegada da Primavera na Magia das Flores,Metrópoles,30 de set. de 2019,https://news.google.com/articles/CBMidmh0dHBzOi8vd3d3Lm1ldHJvcG9sZXMuY29tL2NvbHVuYXMvY2xhdWRpYS1tZWlyZWxlcy9yb2RyaWdvLXJlc2VuZGUtY2VsZWJyYS1hLWNoZWdhZGEtZGEtcHJpbWF2ZXJhLW5hLW1hZ2lhLWRhcy1mbG9yZXPSAQA?hl=pt-BR&gl=BR&ceid=BR%3Apt-419
"Criticado, Tardelli rebate torcedor do Grêmio: ""Só mais 18 dias""",Metrópoles,21 de nov. de 2019,https://news.google.com/articles/CBMiaGh0dHBzOi8vd3d3Lm1ldHJvcG9sZXMuY29tL2VzcG9ydGVzL2Z1dGVib2wvY3JpdGljYWRvLXRhcmRlbGxpLXJlYmF0ZS10b3JjZWRvci1kby1ncmVtaW8tc28tbWFpcy0xOC1kaWFz0gEA?hl=pt-BR&gl=BR&ceid=BR%3Apt-419
"André Pionteke cozinha pela 1ª vez em Brasília, com André Rochadel",Metrópoles,19 de jul. de 2019,https://news.google.com/articles/CBMidWh0dHBzOi8vd3d3Lm1ldHJvcG9sZXMuY29tL2NvbHVuYXMvY2xhdWRpYS1tZWlyZWxlcy9hbmRyZS1waW9udGVrZS1jb3ppbmhhLXBlbGEtMWEtdmV6LWVtLWJyYXNpbGlhLWNvbS1hbmRyZS1yb2NoYWRlbNIBAA?hl=pt-BR&gl=BR&ceid=BR%3Apt-419
Casal é flagrado vendendo ecstasy em festival no Parque da Cidade,Metrópoles,1 de jul. de 2019,https://news.google.com/articles/CBMiemh0dHBzOi8vd3d3Lm1ldHJvcG9sZXMuY29tL2Rpc3RyaXRvLWZlZGVyYWwvc2VndXJhbmNhLWRmL2Nhc2FsLWUtZmxhZ3JhZG8tdmVuZGVuZG8tZWNzdGFzeS1lbS1mZXN0aXZhbC1uby1wYXJxdWUtZGEtY2lkYWRl0gEA?hl=pt-BR&gl=BR&ceid=BR%3Apt-419
"Cristiane Nardes, filha de ministro do TCU, é exonerada do GDF",Metrópoles,16 de ago. de 2019,https://news.google.com/articles/CBMiaWh0dHBzOi8vd3d3Lm1ldHJvcG9sZXMuY29tL2phbmVsYS1pbmRpc2NyZXRhL2NyaXN0aWFuZS1uYXJkZXMtZmlsaGEtZGUtbWluaXN0cm8tZG8tdGN1LWUtZXhvbmVyYWRhLWRvLWdkZtIBAA?hl=pt-BR&gl=BR&ceid=BR%3Apt-419
Vídeo: moradores registram forte chuva em Planaltina,Metrópoles,21 de out. de 2019,https://news.google.com/articles/CBMiX2h0dHBzOi8vd3d3Lm1ldHJvcG9sZXMuY29tL2Rpc3RyaXRvLWZlZGVyYWwvdmlkZW8tbW9yYWRvcmVzLXJlZ2lzdHJhbS1mb3J0ZS1jaHV2YS1lbS1wbGFuYWx0aW5h0gEA?hl=pt-BR&gl=BR&ceid=BR%3Apt-419
Algumas coisas que você talvez não saiba sobre o Paranoá,Metrópoles,15 de set. de 2019,https://news.google.com/articles/CBMiZWh0dHBzOi8vd3d3Lm1ldHJvcG9sZXMuY29tL2NvbmNlaWNhby1mcmVpdGFzL2FsZ3VtYXMtY29pc2FzLXF1ZS12b2NlLXRhbHZlei1uYW8tc2FpYmEtc29icmUtby1wYXJhbm9h0gEA?hl=pt-BR&gl=BR&ceid=BR%3Apt-419
DF: jovens são aprendidos vendendo drogas em show de música eletrônica,Metrópoles,11 de ago. de 2019,https://news.google.com/articles/CBMicWh0dHBzOi8vd3d3Lm1ldHJvcG9sZXMuY29tL2Rpc3RyaXRvLWZlZGVyYWwvZGYtam92ZW5zLXNhby1hcHJlbmRpZG9zLXZlbmRlbmRvLWRyb2dhcy1lbS1zaG93LWRlLW11c2ljYS1lbGV0cm9uaWNh0gEA?hl=pt-BR&gl=BR&ceid=BR%3Apt-419
Homem é preso depois de usar arma falsa para roubar bonecas,Metrópoles,9 de dez. de 2019,https://news.google.com/articles/CBMiaGh0dHBzOi8vd3d3Lm1ldHJvcG9sZXMuY29tL2JyYXNpbC9wb2xpY2lhLWJyL2hvbWVtLWUtcHJlc28tZGVwb2lzLWRlLXVzYXItYXJtYS1mYWxzYS1wYXJhLXJvdWJhci1ib25lY2Fz0gEA?hl=pt-BR&gl=BR&ceid=BR%3Apt-419
Polícia Militar persegue e prende motorista bêbado no DF. Veja vídeos,Metrópoles,17 de jun. de 2019,https://news.google.com/articles/CBMifGh0dHBzOi8vd3d3Lm1ldHJvcG9sZXMuY29tL2Rpc3RyaXRvLWZlZGVyYWwvdHJhbnNpdG8tZGYvcG9saWNpYS1taWxpdGFyLXBlcnNlZ3VlLWUtcHJlbmRlLW1vdG9yaXN0YS1iZWJhZG8tbm8tZGYtdmVqYS12aWRlb3PSAQA?hl=pt-BR&gl=BR&ceid=BR%3Apt-419
Gero oferece vasta linha de produtos Fasano para levar para casa,Metrópoles,7 de out. de 2019,https://news.google.com/articles/CBMibWh0dHBzOi8vd3d3Lm1ldHJvcG9sZXMuY29tL2dhc3Ryb25vbWlhL2NvbWVyL2dlcm8tb2ZlcmVjZS12YXN0YS1saW5oYS1kZS1wcm9kdXRvcy1mYXNhbm8tcGFyYS1sZXZhci1wYXJhLWNhc2HSAQA?hl=pt-BR&gl=BR&ceid=BR%3Apt-419
Oswaldo Scafuto inaugura rooftop do restaurante Nikkei em evento,Metrópoles,26 de jul. de 2019,https://news.google.com/articles/CBMiemh0dHBzOi8vd3d3Lm1ldHJvcG9sZXMuY29tL2NvbHVuYXMvY2xhdWRpYS1tZWlyZWxlcy9vc3dhbGRvLXNjYWZ1dG8taW5hdWd1cmEtcm9vZnRvcC1kby1yZXN0YXVyYW50ZS1uaWtrZWktZW0tZXZlbnRvLXByaXZl0gEA?hl=pt-BR&gl=BR&ceid=BR%3Apt-419
"Aos 42 anos, Cris Vianna conquista a web com foto de biquíni",Metrópoles,19 de out. de 2019,https://news.google.com/articles/CBMiaWh0dHBzOi8vd3d3Lm1ldHJvcG9sZXMuY29tL2NvbHVuYXMvcGlwb2NhbmRvL2Fvcy00Mi1hbm9zLWNyaXMtdmlhbm5hLWNvbnF1aXN0YS1hYS13ZWItY29tLWZvdG8tZGUtYmlxdWluadIBAA?hl=pt-BR&gl=BR&ceid=BR%3Apt-419
Masterchef 2019 define participantes da edição: dois são de Brasília,Metrópoles,31 de mar. de 2019,https://news.google.com/articles/CBMid2h0dHBzOi8vd3d3Lm1ldHJvcG9sZXMuY29tL2VudHJldGVuaW1lbnRvL3RlbGV2aXNhby9tYXN0ZXJjaGVmLTIwMTktZGVmaW5lLXBhcnRpY2lwYW50ZXMtZGEtZWRpY2FvLWRvaXMtc2FvLWRlLWJyYXNpbGlh0gEA?hl=pt-BR&gl=BR&ceid=BR%3Apt-419
Confira cinco dicas para evitar alergias no período da seca,Metrópoles,24 de ago. de 2019,https://news.google.com/articles/CBMiXGh0dHBzOi8vd3d3Lm1ldHJvcG9sZXMuY29tL3NhdWRlL2NvbmZpcmEtY2luY28tZGljYXMtcGFyYS1ldml0YXItYWxlcmdpYXMtbm8tcGVyaW9kby1kYS1zZWNh0gEA?hl=pt-BR&gl=BR&ceid=BR%3Apt-419
Detran-DF começa a testar drogômetro em blitz da Lei Seca,Metrópoles,29 de ago. de 2019,https://news.google.com/articles/CBMicWh0dHBzOi8vd3d3Lm1ldHJvcG9sZXMuY29tL2Rpc3RyaXRvLWZlZGVyYWwvdHJhbnNpdG8tZGYvZGV0cmFuLWRmLWNvbWVjYS1hLXRlc3Rhci1kcm9nb21ldHJvLWVtLWJsaXR6LWRhLWxlaS1zZWNh0gEA?hl=pt-BR&gl=BR&ceid=BR%3Apt-419
"Vídeos: DF registra ventos, apagão, chuva de granizo e enxurrada",Metrópoles,23 de out. de 2019,https://news.google.com/articles/CBMiaWh0dHBzOi8vd3d3Lm1ldHJvcG9sZXMuY29tL2Rpc3RyaXRvLWZlZGVyYWwvdmlkZW9zLWRmLXJlZ2lzdHJhLXZlbnRvcy1mb3J0ZXMtY2h1dmEtZGUtZ3Jhbml6by1lLWVueHVycmFkYdIBAA?hl=pt-BR&gl=BR&ceid=BR%3Apt-419
"Pai de jovem morto atropelado: ""Ela deu um tiro no peito dele""",Metrópoles,28 de out. de 2019,https://news.google.com/articles/CBMiXWh0dHBzOi8vd3d3Lm1ldHJvcG9sZXMuY29tL2JyYXNpbC9wYWktZGUtam92ZW0tbW9ydG8tYXRyb3BlbGFkby1lbGEtZGV1LXVtLXRpcm8tbm8tcGVpdG8tZGVsZdIBAA?hl=pt-BR&gl=BR&ceid=BR%3Apt-419
Gastronomia africana no DF: veja onde comer gostosos pratos diferentes,Metrópoles,23 de fev. de 2019,https://news.google.com/articles/CBMicmh0dHBzOi8vd3d3Lm1ldHJvcG9sZXMuY29tL2dhc3Ryb25vbWlhL2NvbWVyL2dhc3Ryb25vbWlhLWFmcmljYW5hLW5vLWRmLXZlamEtb25kZS1jb21lci1nb3N0b3Nvcy1wcmF0b3MtZGlmZXJlbnRlc9IBAA?hl=pt-BR&gl=BR&ceid=BR%3Apt-419
"De virada, Atlético-MG encerra sequência de derrotas e bate o Ceará",Metrópoles,29 de set. de 2019,https://news.google.com/articles/CBMibmh0dHBzOi8vd3d3Lm1ldHJvcG9sZXMuY29tL2VzcG9ydGVzL2Z1dGVib2wvZGUtdmlyYWRhLWF0bGV0aWNvLW1nLWVuY2VycmEtc2VxdWVuY2lhLWRlLWRlcnJvdGFzLWUtYmF0ZS1vLWNlYXJh0gEA?hl=pt-BR&gl=BR&ceid=BR%3Apt-419
Chef brasiliense William Chen é eliminado do Mestre do Sabor,Metrópoles,10 de out. de 2019,https://news.google.com/articles/CBMiY2h0dHBzOi8vd3d3Lm1ldHJvcG9sZXMuY29tL2dhc3Ryb25vbWlhL2NoZWYtYnJhc2lsaWVuc2Utd2lsbGlhbS1jaGVuLWUtZWxpbWluYWRvLWRvLW1lc3RyZS1kby1zYWJvctIBAA?hl=pt-BR&gl=BR&ceid=BR%3Apt-419
A seca chegou. Dicas de cuidados para a pele do corpo e da boca,Metrópoles,23 de jul. de 2019,https://news.google.com/articles/CBMiX2h0dHBzOi8vd3d3Lm1ldHJvcG9sZXMuY29tL3NhdWRlL2Etc2VjYS1jaGVnb3UtZGljYXMtZGUtY3VpZGFkb3MtcGFyYS1hLXBlbGUtZG8tY29ycG8tZS1kYS1ib2Nh0gEA?hl=pt-BR&gl=BR&ceid=BR%3Apt-419
Quem derrotará Thanos? Twitter responde com personagens e celebridades,Metrópoles,10 de abr. de 2019,https://news.google.com/articles/CBMidmh0dHBzOi8vd3d3Lm1ldHJvcG9sZXMuY29tL2VudHJldGVuaW1lbnRvL2NpbmVtYS9xdWVtLWRlcnJvdGFyYS10aGFub3MtdHdpdHRlci1yZXNwb25kZS1jb20tcGVyc29uYWdlbnMtZS1jZWxlYnJpZGFkZXPSAQA?hl=pt-BR&gl=BR&ceid=BR%3Apt-419
Nasa faz impressionante registro de fumaça das queimadas na Amazônia,Metrópoles,22 de ago. de 2019,https://news.google.com/articles/CBMie2h0dHBzOi8vd3d3Lm1ldHJvcG9sZXMuY29tL2JyYXNpbC9tZWlvLWFtYmllbnRlLWJyYXNpbC9uYXNhLWZhei1pbXByZXNzaW9uYW50ZS1yZWdpc3Ryby1kZS1mdW1hY2EtZGFzLXF1ZWltYWRhcy1uYS1hbWF6b25pYdIBAA?hl=pt-BR&gl=BR&ceid=BR%3Apt-419
É tudo tão bonito no tempo da seca que nem dá vontade de morrer,Metrópoles,5 de set. de 2019,https://news.google.com/articles/CBMicGh0dHBzOi8vd3d3Lm1ldHJvcG9sZXMuY29tL2NvbC1jb25jZWljYW8tZnJlaXRhcy9lLXR1ZG8tdGFvLWJvbml0by1uby10ZW1wby1kYS1zZWNhLXF1ZS1uZW0tZGEtdm9udGFkZS1kZS1tb3JyZXLSAQA?hl=pt-BR&gl=BR&ceid=BR%3Apt-419
Jornalista é morto em Maricá (RJ). Segundo caso em menos de um mês,Metrópoles,19 de jun. de 2019,https://news.google.com/articles/CBMiYWh0dHBzOi8vd3d3Lm1ldHJvcG9sZXMuY29tL2JyYXNpbC9qb3JuYWxpc3RhLWUtbW9ydG8tZW0tbWFyaWNhLXJqLXNlZ3VuZG8tY2Fzby1lbS1tZW5vcy1kZS11bS1tZXPSAQA?hl=pt-BR&gl=BR&ceid=BR%3Apt-419
"Sem freios, 18 viaturas do Corpo de Bombeiros estão encostadas no DF",Metrópoles,19 de jun. de 2019,https://news.google.com/articles/CBMib2h0dHBzOi8vd3d3Lm1ldHJvcG9sZXMuY29tL2Rpc3RyaXRvLWZlZGVyYWwvc2VtLWZyZWlvcy0xOC12aWF0dXJhcy1kby1jb3Jwby1kZS1ib21iZWlyb3MtZXN0YW8tZW5jb3N0YWRhcy1uby1kZtIBAA?hl=pt-BR&gl=BR&ceid=BR%3Apt-419
Aprenda receitas caseiras para aliviar a tosse,Metrópoles,17 de jan. de 2019,https://news.google.com/articles/CBMiT2h0dHBzOi8vd3d3Lm1ldHJvcG9sZXMuY29tL3NhdWRlL2FwcmVuZGEtcmVjZWl0YXMtY2FzZWlyYXMtcGFyYS1hbGl2aWFyLWEtdG9zc2XSAQA?hl=pt-BR&gl=BR&ceid=BR%3Apt-419
Receita contra a acne: máscara de argila verde seca cravos e espinhas,Metrópoles,22 de jan. de 2019,https://news.google.com/articles/CBMiZWh0dHBzOi8vd3d3Lm1ldHJvcG9sZXMuY29tL3NhdWRlL3JlY2VpdGEtY29udHJhLWEtYWNuZS1tYXNjYXJhLWRlLWFyZ2lsYS12ZXJkZS1zZWNhLWNyYXZvcy1lLWVzcGluaGFz0gEA?hl=pt-BR&gl=BR&ceid=BR%3Apt-419
"Filha de ministro do TCU, secretária do GDF chama funcionários de ""orelha seca""",Metrópoles,16 de jul. de 2019,https://news.google.com/articles/CBMifmh0dHBzOi8vd3d3Lm1ldHJvcG9sZXMuY29tL2NvbHVuYXMvZ3JhbmRlLWFuZ3VsYXIvZmlsaGEtZGUtbWluaXN0cm8tZG8tdGN1LXNlY3JldGFyaWEtZG8tZ2RmLWNoYW1hLWZ1bmNpb25hcmlvcy1kZS1vcmVsaGEtc2VjYdIBAA?hl=pt-BR&gl=BR&ceid=BR%3Apt-419
Aprenda a receita de carne de panela com nozes e frutas secas,Metrópoles,20 de dez. de 2019,https://news.google.com/articles/CBMibGh0dHBzOi8vd3d3Lm1ldHJvcG9sZXMuY29tL2dhc3Ryb25vbWlhL3JlY2VpdGEvYXByZW5kYS1hLXJlY2VpdGEtZGUtY2FybmUtZGUtcGFuZWxhLWNvbS1ub3plcy1lLWZydXRhcy1zZWNhc9IBAA?hl=pt-BR&gl=BR&ceid=BR%3Apt-419
Chovemos todos na quarta-feira mágica. Chuvaréu de felicidades,Metrópoles,29 de set. de 2019,https://news.google.com/articles/CBMiamh0dHBzOi8vd3d3Lm1ldHJvcG9sZXMuY29tL2NvbmNlaWNhby1mcmVpdGFzL2Nob3ZlbW9zLXRvZG9zLW5hLXF1YXJ0YS1mZWlyYS1tYWdpY2EtY2h1dmFyZXUtZGUtZmVsaWNpZGFkZXPSAQA?hl=pt-BR&gl=BR&ceid=BR%3Apt-419
Polícia prende três suspeitos de tráfico com 20 tabletes de maconha,Metrópoles,22 de set. de 2019,https://news.google.com/articles/CBMifGh0dHBzOi8vd3d3Lm1ldHJvcG9sZXMuY29tL2Rpc3RyaXRvLWZlZGVyYWwvc2VndXJhbmNhLWRmL3BvbGljaWEtcHJlbmRlLXRyZXMtc3VzcGVpdG9zLWRlLXRyYWZpY28tY29tLTIwLXRhYmxldGVzLWRlLW1hY29uaGHSAQA?hl=pt-BR&gl=BR&ceid=BR%3Apt-419
Reservatório de Santa Maria transborda após atingir 100% da capacidade,Metrópoles,20 de mai. de 2019,https://news.google.com/articles/CBMicWh0dHBzOi8vd3d3Lm1ldHJvcG9sZXMuY29tL2Rpc3RyaXRvLWZlZGVyYWwvcmVzZXJ2YXRvcmlvLWRlLXNhbnRhLW1hcmlhLXRyYW5zYm9yZGEtYXBvcy1hdGluZ2lyLTEwMC1kYS1jYXBhY2lkYWRl0gEA?hl=pt-BR&gl=BR&ceid=BR%3Apt-419
ONU: Coreia do Norte reduz porção alimentar a 300g ao dia por pessoa,Metrópoles,3 de mai. de 2019,https://news.google.com/articles/CBMiZGh0dHBzOi8vd3d3Lm1ldHJvcG9sZXMuY29tL211bmRvL29udS1jb3JlaWEtZG8tbm9ydGUtcmVkdXotcG9yY2FvLWFsaW1lbnRhci1hLTMwMGctYW8tZGlhLXBvci1wZXNzb2HSAQA?hl=pt-BR&gl=BR&ceid=BR%3Apt-419
Chuva em período de estiagem surpreende brasilienses nesta sexta-feira,Metrópoles,5 de jul. de 2019,https://news.google.com/articles/CBMie2h0dHBzOi8vd3d3Lm1ldHJvcG9sZXMuY29tL2Rpc3RyaXRvLWZlZGVyYWwvY2xpbWEtZGYvY2h1dmEtZW0tcGVyaW9kby1kZS1lc3RpYWdlbS1zdXJwcmVlbmRlLWJyYXNpbGllbnNlcy1uZXN0YS1zZXh0YS1mZWlyYdIBAA?hl=pt-BR&gl=BR&ceid=BR%3Apt-419
Brasília 59 anos: dez marcas locais para conhecer em 2019,Metrópoles,20 de abr. de 2019,https://news.google.com/articles/CBMibmh0dHBzOi8vd3d3Lm1ldHJvcG9sZXMuY29tL2NvbHVuYXMvaWxjYS1tYXJpYS1lc3RldmFvL2JyYXNpbGlhLTU5LWFub3MtZGV6LW1hcmNhcy1sb2NhaXMtcGFyYS1jb25oZWNlci1lbS0yMDE50gEA?hl=pt-BR&gl=BR&ceid=BR%3Apt-419
Defesa Civil emite alerta de chuvas intensas no DF,Metrópoles,18 de nov. de 2019,https://news.google.com/articles/CBMiZ2h0dHBzOi8vd3d3Lm1ldHJvcG9sZXMuY29tL2Rpc3RyaXRvLWZlZGVyYWwvY2xpbWEtZGYvZGVmZXNhLWNpdmlsLWVtaXRlLWFsZXJ0YS1kZS1jaHV2YXMtaW50ZW5zYXMtbm8tZGbSAQA?hl=pt-BR&gl=BR&ceid=BR%3Apt-419
Prepare o bolso: contas de luz voltam a ter bandeira amarela em julho,Metrópoles,28 de jun. de 2019,https://news.google.com/articles/CBMicmh0dHBzOi8vd3d3Lm1ldHJvcG9sZXMuY29tL2JyYXNpbC9lY29ub21pYS1ici9wcmVwYXJlLW8tYm9sc28tY29udGFzLWRlLWx1ei12b2x0YW0tYS10ZXItYmFuZGVpcmEtYW1hcmVsYS1lbS1qdWxob9IBAA?hl=pt-BR&gl=BR&ceid=BR%3Apt-419
14 pratos leves e saudáveis para enfrentar o calor seco de Brasília,Metrópoles,23 de set. de 2019,https://news.google.com/articles/CBMicGh0dHBzOi8vd3d3Lm1ldHJvcG9sZXMuY29tL2dhc3Ryb25vbWlhL2NvbWVyLzE0LXByYXRvcy1sZXZlcy1lLXNhdWRhdmVpcy1wYXJhLWVuZnJlbnRhci1vLWNhbG9yLXNlY28tZGUtYnJhc2lsaWHSAQA?hl=pt-BR&gl=BR&ceid=BR%3Apt-419
"De terno, advogado pede emprego no sinal e consegue marcar entrevistas",Metrópoles,5 de jun. de 2019,https://news.google.com/articles/CBMicWh0dHBzOi8vd3d3Lm1ldHJvcG9sZXMuY29tL2Rpc3RyaXRvLWZlZGVyYWwvZGUtdGVybm8tYWR2b2dhZG8tcGVkZS1lbXByZWdvLW5vLXNpbmFsLWUtY29uc2VndWUtbWFyY2FyLWVudHJldmlzdGFz0gEA?hl=pt-BR&gl=BR&ceid=BR%3Apt-419
Enem 2019: confira cinco dicas de ouro para uma redação nota 1.000,Metrópoles,26 de set. de 2019,https://news.google.com/articles/CBMibmh0dHBzOi8vd3d3Lm1ldHJvcG9sZXMuY29tL2NvbnRldWRvLWVzcGVjaWFsL2VuZW0tMjAxOS1jb25maXJhLWNpbmNvLWRpY2FzLWRlLW91cm8tcGFyYS11bWEtcmVkYWNhby1ub3RhLTEtMDAw0gEA?hl=pt-BR&gl=BR&ceid=BR%3Apt-419
Baco 20 anos: pizzaria lança cerveja e convida Alex Atala,Metrópoles,23 de abr. de 2019,https://news.google.com/articles/CBMiX2h0dHBzOi8vd3d3Lm1ldHJvcG9sZXMuY29tL2dhc3Ryb25vbWlhL2JhY28tMjAtYW5vcy1waXp6YXJpYS1sYW5jYS1jZXJ2ZWphLWUtY29udmlkYS1hbGV4LWF0YWxh0gEA?hl=pt-BR&gl=BR&ceid=BR%3Apt-419
"Mayra Cardi posta foto de calcinha e celebra as ""rainhas do popô""",Metrópoles,6 de nov. de 2019,https://news.google.com/articles/CBMibGh0dHBzOi8vd3d3Lm1ldHJvcG9sZXMuY29tL2NvbHVuYXMvcGlwb2NhbmRvL21heXJhLWNhcmRpLXBvc3RhLWZvdG8tZGUtY2FsY2luaGEtZS1jZWxlYnJhLWFzLXJhaW5oYXMtZG8tcG9wb9IBAA?hl=pt-BR&gl=BR&ceid=BR%3Apt-419
