Title,Source,Time,Link
Vídeos. Chuva causa alagamentos e trânsito para em vários pontos do DF,Metrópoles,2 de mai. de 2019,https://news.google.com/articles/CBMieWh0dHBzOi8vd3d3Lm1ldHJvcG9sZXMuY29tL2Rpc3RyaXRvLWZlZGVyYWwvY2xpbWEtZGYvdmlkZW9zLWNodXZhLXByb3ZvY2EtYWxhZ2FtZW50b3MtZS1lbnh1cnJhZGFzLWVtLXZhcmlvcy1wb250b3MtZG8tZGbSAQA?hl=pt-BR&gl=BR&ceid=BR%3Apt-419
Chuva arranca asfalto na marginal da EPTG. DER fará interdição parcial,Metrópoles,2 de mai. de 2019,https://news.google.com/articles/CBMicWh0dHBzOi8vd3d3Lm1ldHJvcG9sZXMuY29tL2Rpc3RyaXRvLWZlZGVyYWwvY2h1dmEtYXJyYW5jYS1hc2ZhbHRvLW5hLW1hcmdpbmFsLWRhLWVwdGctZGVyLWZhcmEtaW50ZXJkaWNhby1wYXJjaWFs0gEA?hl=pt-BR&gl=BR&ceid=BR%3Apt-419
"Vídeos. Chuva causa alagamentos, abre cratera e atola veículos no DF",Metrópoles,16 de mai. de 2019,https://news.google.com/articles/CBMibmh0dHBzOi8vd3d3Lm1ldHJvcG9sZXMuY29tL2Rpc3RyaXRvLWZlZGVyYWwvdmlkZW9zLWNodXZhLWNhdXNhLWFsYWdhbWVudG9zLWFicmUtY3JhdGVyYS1lLWF0b2xhLXZlaWN1bG9zLW5vLWRm0gEA?hl=pt-BR&gl=BR&ceid=BR%3Apt-419
Brasília desaba em chuva forte. Veja fotos e vídeos,Metrópoles,7 de nov. de 2019,https://news.google.com/articles/CBMiXmh0dHBzOi8vd3d3Lm1ldHJvcG9sZXMuY29tL2Rpc3RyaXRvLWZlZGVyYWwvYnJhc2lsaWEtZGVzYWJhLWVtLWNodXZhLWZvcnRlLXZlamEtZm90b3MtZS12aWRlb3PSAQA?hl=pt-BR&gl=BR&ceid=BR%3Apt-419
"Chuva em SP bloqueia pontos da Marginal Tietê, Anhanguera e Tamoios",Metrópoles,5 de jul. de 2019,https://news.google.com/articles/CBMiZGh0dHBzOi8vd3d3Lm1ldHJvcG9sZXMuY29tL2JyYXNpbC9jaHV2YS1lbS1zcC1ibG9xdWVpYS1wb250b3MtZGEtbWFyZ2luYWwtdGlldGUtYW5oYW5ndWVyYS1lLXRhbW9pb3PSAQA?hl=pt-BR&gl=BR&ceid=BR%3Apt-419
"Na Grécia, Luciana Gimemez zoa enchentes no Brasil",Metrópoles,5 de jul. de 2019,https://news.google.com/articles/CBMiWWh0dHBzOi8vd3d3Lm1ldHJvcG9sZXMuY29tL2NlbGVicmlkYWRlcy9uYS1ncmVjaWEtbHVjaWFuYS1naW1lbWV6LXpvYS1lbmNoZW50ZXMtbm8tYnJhc2ls0gEA?hl=pt-BR&gl=BR&ceid=BR%3Apt-419
Mulher trata rapaz como criado em enchente e revolta Ana Maria Braga,Metrópoles,10 de abr. de 2019,https://news.google.com/articles/CBMieGh0dHBzOi8vd3d3Lm1ldHJvcG9sZXMuY29tL2VudHJldGVuaW1lbnRvL3RlbGV2aXNhby9tdWxoZXItdHJhdGEtcmFwYXotY29tby1jcmlhZG8tZW0tZW5jaGVudGUtZS1yZXZvbHRhLWFuYS1tYXJpYS1icmFnYdIBAA?hl=pt-BR&gl=BR&ceid=BR%3Apt-419
Um mês de chuvas em 3 horas: Salvador tem caos e alerta máximo,Metrópoles,26 de nov. de 2019,https://news.google.com/articles/CBMiXWh0dHBzOi8vd3d3Lm1ldHJvcG9sZXMuY29tL2JyYXNpbC9jaHV2YS1mb3J0ZS1lbS1hbGVydGEtbWF4aW1vLXNhbHZhZG9yLXRlbS1kZXN0cnVpY2FvLWUtbWVkb9IBAA?hl=pt-BR&gl=BR&ceid=BR%3Apt-419
"Após dois alagamentos em 24h, parte de hospital do DF é fechada",Metrópoles,14 de out. de 2019,https://news.google.com/articles/CBMic2h0dHBzOi8vd3d3Lm1ldHJvcG9sZXMuY29tL2Rpc3RyaXRvLWZlZGVyYWwvc2F1ZGUtZGYvYXBvcy1kb2lzLWFsYWdhbWVudG9zLWVtLTI0aC1wYXJ0ZS1kZS1ob3NwaXRhbC1kby1kZi1lLWZlY2hhZGHSAQA?hl=pt-BR&gl=BR&ceid=BR%3Apt-419
Nova barragem racha e prefeitura emite alerta de enxurrada na Bahia,Metrópoles,12 de jul. de 2019,https://news.google.com/articles/CBMiZWh0dHBzOi8vd3d3Lm1ldHJvcG9sZXMuY29tL2JyYXNpbC9ub3ZhLWJhcnJhZ2VtLXJhY2hhLWUtcHJlZmVpdHVyYS1lbWl0ZS1hbGVydGEtZGUtZW54dXJyYWRhLW5hLWJhaGlh0gEA?hl=pt-BR&gl=BR&ceid=BR%3Apt-419
Chuva forte atinge o DF nesta quarta: há alerta de temporais,Metrópoles,20 de nov. de 2019,https://news.google.com/articles/CBMic2h0dHBzOi8vd3d3Lm1ldHJvcG9sZXMuY29tL2Rpc3RyaXRvLWZlZGVyYWwvY2xpbWEtZGYvZGYtZXN0YS1lbS1hbGVydGEtcG9yLXJpc2NvLWRlLWNodXZhcy1pbnRlbnNhcy1hdGUtc2V4dGEtZmVpcmHSAQA?hl=pt-BR&gl=BR&ceid=BR%3Apt-419
Chuva forte causa alagamentos e danifica sepulturas no DF,Metrópoles,8 de dez. de 2019,https://news.google.com/articles/CBMiZWh0dHBzOi8vd3d3Lm1ldHJvcG9sZXMuY29tL2Rpc3RyaXRvLWZlZGVyYWwvY2h1dmEtZm9ydGUtY2F1c2EtYWxhZ2FtZW50b3MtZS1kYW5pZmljYS1zZXB1bHR1cmFzLW5vLWRm0gEA?hl=pt-BR&gl=BR&ceid=BR%3Apt-419
"Corpo de mulher é encontrado no Rio Tietê, em São Paulo",Metrópoles,19 de nov. de 2019,https://news.google.com/articles/CBMiWGh0dHBzOi8vd3d3Lm1ldHJvcG9sZXMuY29tL2JyYXNpbC9jb3Jwby1kZS1tdWxoZXItZS1lbmNvbnRyYWRvLW5vLXJpby10aWV0ZS1lbS1zYW8tcGF1bG_SAQA?hl=pt-BR&gl=BR&ceid=BR%3Apt-419
Secretaria de Saúde confirma 1ª morte por leptospirose em 2019 no DF,Metrópoles,2 de abr. de 2019,https://news.google.com/articles/CBMieWh0dHBzOi8vd3d3Lm1ldHJvcG9sZXMuY29tL2Rpc3RyaXRvLWZlZGVyYWwvc2F1ZGUtZGYvc2VjcmV0YXJpYS1kZS1zYXVkZS1jb25maXJtYS0xYS1tb3J0ZS1wb3ItbGVwdG9zcGlyb3NlLWVtLTIwMTktbm8tZGbSAQA?hl=pt-BR&gl=BR&ceid=BR%3Apt-419
"Após alagamento no HRG, GDF exonera superintendente da Região Sul",Metrópoles,26 de nov. de 2019,https://news.google.com/articles/CBMidWh0dHBzOi8vd3d3Lm1ldHJvcG9sZXMuY29tL2Rpc3RyaXRvLWZlZGVyYWwvc2F1ZGUtZGYvYXBvcy1hbGFnYW1lbnRvLW5vLWhyZy1nZGYtZXhvbmVyYS1zdXBlcmludGVuZGVudGUtZGEtcmVnaWFvLXN1bNIBAA?hl=pt-BR&gl=BR&ceid=BR%3Apt-419
"Inundação ""apocalíptica"" faz Veneza declarar estado de emergência",Metrópoles,14 de nov. de 2019,https://news.google.com/articles/CBMidGh0dHBzOi8vd3d3Lm1ldHJvcG9sZXMuY29tL211bmRvL21laW8tYW1iaWVudGUtbXVuZG8vaW51bmRhY2FvLWFwb2NhbGlwdGljYS1mYXotdmVuZXphLWRlY2xhcmFyLWVzdGFkby1kZS1lbWVyZ2VuY2lh0gEA?hl=pt-BR&gl=BR&ceid=BR%3Apt-419
"DF: Inmet alerta para mais chuva, granizo e ventos fortes",Metrópoles,7 de nov. de 2019,https://news.google.com/articles/CBMibGh0dHBzOi8vd3d3Lm1ldHJvcG9sZXMuY29tL2Rpc3RyaXRvLWZlZGVyYWwvY2xpbWEtZGYvZGYtaW5tZXQtYWxlcnRhLXBhcmEtbWFpcy1jaHV2YS1ncmFuaXpvLWUtdmVudG9zLWZvcnRlc9IBAA?hl=pt-BR&gl=BR&ceid=BR%3Apt-419
Seguro de carro pode cobrir danos com chuva? Depende do contrato,Metrópoles,7 de nov. de 2019,https://news.google.com/articles/CBMia2h0dHBzOi8vd3d3Lm1ldHJvcG9sZXMuY29tL2Rpc3RyaXRvLWZlZGVyYWwvc2VndXJvLWRlLWNhcnJvLXBvZGUtY29icmlyLWRhbm9zLWNvbS1jaHV2YS1kZXBlbmRlLWRvLWNvbnRyYXRv0gEA?hl=pt-BR&gl=BR&ceid=BR%3Apt-419
Chuva derruba árvores em SP e causa apagão em Campinas,Metrópoles,15 de nov. de 2019,https://news.google.com/articles/CBMiWGh0dHBzOi8vd3d3Lm1ldHJvcG9sZXMuY29tL2JyYXNpbC9jaHV2YS1kZXJydWJhLWFydm9yZXMtZW0tc3AtZS1jYXVzYS1hcGFnYW8tZW0tY2FtcGluYXPSAQA?hl=pt-BR&gl=BR&ceid=BR%3Apt-419
Furacão Dorian chega às Bahamas e segue rumo à costa leste da Flórida,Metrópoles,1 de set. de 2019,https://news.google.com/articles/CBMiZmh0dHBzOi8vd3d3Lm1ldHJvcG9sZXMuY29tL211bmRvL2Z1cmFjYW8tZG9yaWFuLWNoZWdhLWFzLWJhaGFtYXMtZS1zZWd1ZS1ydW1vLWEtY29zdGEtbGVzdGUtZGEtZmxvcmlkYdIBAA?hl=pt-BR&gl=BR&ceid=BR%3Apt-419
Chuva forte causa transtorno na região central de Brasília,Metrópoles,30 de nov. de 2019,https://news.google.com/articles/CBMiZmh0dHBzOi8vd3d3Lm1ldHJvcG9sZXMuY29tL2Rpc3RyaXRvLWZlZGVyYWwvY2h1dmEtZm9ydGUtY2F1c2EtdHJhbnN0b3Juby1uYS1yZWdpYW8tY2VudHJhbC1kZS1icmFzaWxpYdIBAA?hl=pt-BR&gl=BR&ceid=BR%3Apt-419
Lembre das gafes que dominaram a TV brasileira em 2019,Metrópoles,17 de dez. de 2019,https://news.google.com/articles/CBMiamh0dHBzOi8vd3d3Lm1ldHJvcG9sZXMuY29tL2VudHJldGVuaW1lbnRvL3RlbGV2aXNhby9sZW1icmUtZGFzLWdhZmVzLXF1ZS1kb21pbmFyYW0tYS10di1icmFzaWxlaXJhLWVtLTIwMTnSAQA?hl=pt-BR&gl=BR&ceid=BR%3Apt-419
Chuva: pista principal do Aeroporto de Salvador é interditada,Metrópoles,26 de nov. de 2019,https://news.google.com/articles/CBMiXmh0dHBzOi8vd3d3Lm1ldHJvcG9sZXMuY29tL2JyYXNpbC9jaHV2YS1waXN0YS1wcmluY2lwYWwtZG8tYWVyb3BvcnRvLWRlLXNhbHZhZG9yLWUtaW50ZXJkaXRhZGHSAQA?hl=pt-BR&gl=BR&ceid=BR%3Apt-419
Vídeos. Chuva deixa rastro de destruição no DF. Tem alerta hoje,Metrópoles,23 de dez. de 2019,https://news.google.com/articles/CBMiaWh0dHBzOi8vd3d3Lm1ldHJvcG9sZXMuY29tL2Rpc3RyaXRvLWZlZGVyYWwvdmlkZW9zLWNodXZhLWRlaXhhLXJhc3Ryby1kZS1kZXN0cnVpY2FvLW5vLWRmLXRlbS1hbGVydGEtaG9qZdIBAA?hl=pt-BR&gl=BR&ceid=BR%3Apt-419
"Defesa Civil alerta para temporal, ventos fortes e raios no DF",Metrópoles,8 de nov. de 2019,https://news.google.com/articles/CBMiaWh0dHBzOi8vd3d3Lm1ldHJvcG9sZXMuY29tL2Rpc3RyaXRvLWZlZGVyYWwvZGVmZXNhLWNpdmlsLWFsZXJ0YS1wYXJhLXRlbXBvcmFsLXZlbnRvcy1mb3J0ZXMtZS1yYWlvcy1uby1kZtIBAA?hl=pt-BR&gl=BR&ceid=BR%3Apt-419
"Temporal no Rio deixa 3 mortos, fecha escolas e ciclovia cede de novo",Metrópoles,9 de abr. de 2019,https://news.google.com/articles/CBMiZmh0dHBzOi8vd3d3Lm1ldHJvcG9sZXMuY29tL2JyYXNpbC90ZW1wb3JhbC1uby1yaW8tZGVpeGEtMy1tb3J0b3MtZmVjaGEtZXNjb2xhcy1lLWNpY2xvdmlhLWNlZGUtZGUtbm92b9IBAA?hl=pt-BR&gl=BR&ceid=BR%3Apt-419
Preso do Complexo da Papuda morre com suspeita de leptospirose,Metrópoles,29 de abr. de 2019,https://news.google.com/articles/CBMiamh0dHBzOi8vd3d3Lm1ldHJvcG9sZXMuY29tL2Rpc3RyaXRvLWZlZGVyYWwvcHJlc28tZG8tY29tcGxleG8tZGEtcGFwdWRhLW1vcnJlLWNvbS1zdXNwZWl0YS1kZS1sZXB0b3NwaXJvc2XSAQA?hl=pt-BR&gl=BR&ceid=BR%3Apt-419
"Tigresa tira ""soneca"" em cama de residência após fugir de inundação",Metrópoles,22 de jul. de 2019,https://news.google.com/articles/CBMiYmh0dHBzOi8vd3d3Lm1ldHJvcG9sZXMuY29tL211bmRvL3RpZ3Jlc2EtdGlyYS1zb25lY2EtZW0tY2FtYS1kZS1yZXNpZGVuY2lhLWFwb3MtZnVnaXItZGUtaW51bmRhY2Fv0gEA?hl=pt-BR&gl=BR&ceid=BR%3Apt-419
"Chuva causa estragos, alaga metrô e deixa 2 desaparecidos em SP",Metrópoles,23 de dez. de 2019,https://news.google.com/articles/CBMiYGh0dHBzOi8vd3d3Lm1ldHJvcG9sZXMuY29tL2JyYXNpbC9jaHV2YS1jYXVzYS1lc3RyYWdvcy1hbGFnYS1tZXRyby1lLWRlaXhhLTItZGVzYXBhcmVjaWRvcy1lbS1zcNIBAA?hl=pt-BR&gl=BR&ceid=BR%3Apt-419
Vídeo: moradores registram forte chuva em Planaltina,Metrópoles,21 de out. de 2019,https://news.google.com/articles/CBMiX2h0dHBzOi8vd3d3Lm1ldHJvcG9sZXMuY29tL2Rpc3RyaXRvLWZlZGVyYWwvdmlkZW8tbW9yYWRvcmVzLXJlZ2lzdHJhbS1mb3J0ZS1jaHV2YS1lbS1wbGFuYWx0aW5h0gEA?hl=pt-BR&gl=BR&ceid=BR%3Apt-419
"Em Viçosa (MG), chuvas deixam 1 morto e estragos na universidade",Metrópoles,26 de out. de 2019,https://news.google.com/articles/CBMiX2h0dHBzOi8vd3d3Lm1ldHJvcG9sZXMuY29tL2JyYXNpbC9lbS12aWNvc2EtbWctY2h1dmFzLWRlaXhhbS0xLW1vcnRvLWUtZXN0cmFnb3MtbmEtdW5pdmVyc2lkYWRl0gEA?hl=pt-BR&gl=BR&ceid=BR%3Apt-419
"Após ameaça, feira de livro em SC cancela presença de Miriam Leitão",Metrópoles,17 de jul. de 2019,https://news.google.com/articles/CBMiZGh0dHBzOi8vd3d3Lm1ldHJvcG9sZXMuY29tL2JyYXNpbC9hcG9zLWFtZWFjYS1mZWlyYS1kZS1saXZyby1lbS1zYy1jYW5jZWxhLXByZXNlbmNhLWRlLW1pcmlhbS1sZWl0YW_SAQA?hl=pt-BR&gl=BR&ceid=BR%3Apt-419
"Após 483 dias, viaduto do Eixão é liberado parcialmente",Metrópoles,4 de jun. de 2019,https://news.google.com/articles/CBMiYmh0dHBzOi8vd3d3Lm1ldHJvcG9sZXMuY29tL2Rpc3RyaXRvLWZlZGVyYWwvYXBvcy00ODMtZGlhcy12aWFkdXRvLWRvLWVpeGFvLWUtbGliZXJhZG8tcGFyY2lhbG1lbnRl0gEA?hl=pt-BR&gl=BR&ceid=BR%3Apt-419
Fortes chuvas destelham e inundam colégios do DF,Metrópoles,7 de nov. de 2019,https://news.google.com/articles/CBMiZWh0dHBzOi8vd3d3Lm1ldHJvcG9sZXMuY29tL2Rpc3RyaXRvLWZlZGVyYWwvY2xpbWEtZGYvZm9ydGVzLWNodXZhcy1kZXN0ZWxoYW0tZS1pbnVuZGFtLWNvbGVnaW9zLWRvLWRm0gEA?hl=pt-BR&gl=BR&ceid=BR%3Apt-419
Temporal provoca destruição e deixa um morto no Rio de Janeiro,Metrópoles,9 de abr. de 2019,https://news.google.com/articles/CBMiYGh0dHBzOi8vd3d3Lm1ldHJvcG9sZXMuY29tL2JyYXNpbC90ZW1wb3JhbC1wcm92b2NhLWRlc3RydWljYW8tZS1kZWl4YS11bS1tb3J0by1uby1yaW8tZGUtamFuZWlyb9IBAA?hl=pt-BR&gl=BR&ceid=BR%3Apt-419
Vídeos: delegacia de polícia no DF fica alagada após forte chuva,Metrópoles,3 de nov. de 2019,https://news.google.com/articles/CBMia2h0dHBzOi8vd3d3Lm1ldHJvcG9sZXMuY29tL2Rpc3RyaXRvLWZlZGVyYWwvdmlkZW9zLWRlbGVnYWNpYS1kZS1wb2xpY2lhLW5vLWRmLWZpY2EtYWxhZ2FkYS1hcG9zLWZvcnRlLWNodXZh0gEA?hl=pt-BR&gl=BR&ceid=BR%3Apt-419
Rio de lama na EPTG desceu de obras de Vicente Pires,Metrópoles,26 de fev. de 2019,https://news.google.com/articles/CBMiYGh0dHBzOi8vd3d3Lm1ldHJvcG9sZXMuY29tL2Rpc3RyaXRvLWZlZGVyYWwvcmlvLWRlLWxhbWEtbmEtZXB0Zy1kZXNjZXUtZGUtb2JyYXMtZGUtdmljZW50ZS1waXJlc9IBAA?hl=pt-BR&gl=BR&ceid=BR%3Apt-419
"Brasília 59 anos: embalada por Anitta, festa na Esplanada reúne 6 mil",Metrópoles,22 de abr. de 2019,https://news.google.com/articles/CBMib2h0dHBzOi8vd3d3Lm1ldHJvcG9sZXMuY29tL2Rpc3RyaXRvLWZlZGVyYWwvYnJhc2lsaWEtNTktYW5vcy1lbWJhbGFkYS1wb3ItYW5pdHRhLWZlc3RhLW5hLWVzcGxhbmFkYS1yZXVuZS02LW1pbNIBAA?hl=pt-BR&gl=BR&ceid=BR%3Apt-419
Deslizamento de terra deixa um morto e seis desaparecidos em Recife,Metrópoles,13 de jun. de 2019,https://news.google.com/articles/CBMiZWh0dHBzOi8vd3d3Lm1ldHJvcG9sZXMuY29tL2JyYXNpbC9kZXNsaXphbWVudG8tZGUtdGVycmEtZGVpeGEtdW0tbW9ydG8tZS1zZWlzLWRlc2FwYXJlY2lkb3MtZW0tcmVjaWZl0gEA?hl=pt-BR&gl=BR&ceid=BR%3Apt-419
Temporal adia início do desfile das escolas de samba do Rio,Metrópoles,1 de mar. de 2019,https://news.google.com/articles/CBMiXWh0dHBzOi8vd3d3Lm1ldHJvcG9sZXMuY29tL2JyYXNpbC90ZW1wb3JhbC1hZGlhLWluaWNpby1kby1kZXNmaWxlLWRhcy1lc2NvbGFzLWRlLXNhbWJhLWRvLXJpb9IBAA?hl=pt-BR&gl=BR&ceid=BR%3Apt-419
Meta para conclusão de obras de Vicente Pires passa para o fim de 2020,Metrópoles,23 de mar. de 2019,https://news.google.com/articles/CBMicmh0dHBzOi8vd3d3Lm1ldHJvcG9sZXMuY29tL2Rpc3RyaXRvLWZlZGVyYWwvbWV0YS1wYXJhLWNvbmNsdXNhby1kZS1vYnJhcy1kZS12aWNlbnRlLXBpcmVzLXBhc3NhLXBhcmEtby1maW0tZGUtMjAyMNIBAA?hl=pt-BR&gl=BR&ceid=BR%3Apt-419
Bombeiros já vasculharam 25km de rio em busca de jovem na Chapada,Metrópoles,15 de dez. de 2019,https://news.google.com/articles/CBMibWh0dHBzOi8vd3d3Lm1ldHJvcG9sZXMuY29tL2Rpc3RyaXRvLWZlZGVyYWwvYm9tYmVpcm9zLWphLXZhc2N1bGhhcmFtLTI1a20tZGUtcmlvLWVtLWJ1c2NhLWRlLWpvdmVtLW5hLWNoYXBhZGHSAQA?hl=pt-BR&gl=BR&ceid=BR%3Apt-419
Chuva em período de estiagem surpreende brasilienses nesta sexta-feira,Metrópoles,5 de jul. de 2019,https://news.google.com/articles/CBMie2h0dHBzOi8vd3d3Lm1ldHJvcG9sZXMuY29tL2Rpc3RyaXRvLWZlZGVyYWwvY2xpbWEtZGYvY2h1dmEtZW0tcGVyaW9kby1kZS1lc3RpYWdlbS1zdXJwcmVlbmRlLWJyYXNpbGllbnNlcy1uZXN0YS1zZXh0YS1mZWlyYdIBAA?hl=pt-BR&gl=BR&ceid=BR%3Apt-419
GDF fará novo projeto de drenagem pluvial para Brasília,Metrópoles,24 de abr. de 2019,https://news.google.com/articles/CBMiY2h0dHBzOi8vd3d3Lm1ldHJvcG9sZXMuY29tL2Rpc3RyaXRvLWZlZGVyYWwvZ2RmLWZhcmEtbm92by1wcm9qZXRvLWRlLWRyZW5hZ2VtLXBsdXZpYWwtcGFyYS1icmFzaWxpYdIBAA?hl=pt-BR&gl=BR&ceid=BR%3Apt-419
Mano Walter revela as rotinas de beleza no Hora do Faro,Metrópoles,17 de nov. de 2019,https://news.google.com/articles/CBMia2h0dHBzOi8vd3d3Lm1ldHJvcG9sZXMuY29tL2VudHJldGVuaW1lbnRvL3RlbGV2aXNhby9tYW5vLXdhbHRlci1yZXZlbGEtYXMtcm90aW5hcy1kZS1iZWxlemEtbm8taG9yYS1kby1mYXJv0gEA?hl=pt-BR&gl=BR&ceid=BR%3Apt-419
"Vídeos. Após chuva forte, sobra lama em ruas de Vicente Pires",Metrópoles,22 de out. de 2019,https://news.google.com/articles/CBMiZ2h0dHBzOi8vd3d3Lm1ldHJvcG9sZXMuY29tL2Rpc3RyaXRvLWZlZGVyYWwvdmlkZW9zLWFwb3MtY2h1dmEtZm9ydGUtc29icmEtbGFtYS1lbS1ydWFzLWRlLXZpY2VudGUtcGlyZXPSAQA?hl=pt-BR&gl=BR&ceid=BR%3Apt-419
GDF prepara licitação de R$ 30 milhões para reforma na Ponte JK,Metrópoles,10 de ago. de 2019,https://news.google.com/articles/CBMiamh0dHBzOi8vd3d3Lm1ldHJvcG9sZXMuY29tL2Rpc3RyaXRvLWZlZGVyYWwvZ2RmLXByZXBhcmEtbGljaXRhY2FvLWRlLXItMzAtbWlsaG9lcy1wYXJhLXJlZm9ybWEtbmEtcG9udGUtamvSAQA?hl=pt-BR&gl=BR&ceid=BR%3Apt-419
Rio segue em estágio de alerta após fortes rajadas de vento,Metrópoles,29 de abr. de 2019,https://news.google.com/articles/CBMiXWh0dHBzOi8vd3d3Lm1ldHJvcG9sZXMuY29tL2JyYXNpbC9yaW8tc2VndWUtZW0tZXN0YWdpby1kZS1hbGVydGEtYXBvcy1mb3J0ZXMtcmFqYWRhcy1kZS12ZW50b9IBAA?hl=pt-BR&gl=BR&ceid=BR%3Apt-419
"Em reencontro, idosa agradece homem que a ajudou a atravessar enchente",Metrópoles,10 de abr. de 2019,https://news.google.com/articles/CBMiZ2h0dHBzOi8vd3d3Lm1ldHJvcG9sZXMuY29tL2JyYXNpbC9lbS1yZWVuY29udHJvLWlkb3NhLWFncmFkZWNlLWhvbWVtLXF1ZS1hLWFqdWRvdS1hLWF0cmF2ZXNzYXItZW5jaGVudGXSAQA?hl=pt-BR&gl=BR&ceid=BR%3Apt-419
Enchente no Rio Tietê cobre de lixo atrações turísticas de Salto (SP),Metrópoles,18 de fev. de 2019,https://news.google.com/articles/CBMiZWh0dHBzOi8vd3d3Lm1ldHJvcG9sZXMuY29tL2JyYXNpbC9lbmNoZW50ZS1uby1yaW8tdGlldGUtY29icmUtZGUtbGl4by1hdHJhY29lcy10dXJpc3RpY2FzLWRlLXNhbHRvLXNw0gEA?hl=pt-BR&gl=BR&ceid=BR%3Apt-419
Chuvas colocam em risco mais de 5 mil residências no Distrito Federal,Metrópoles,16 de fev. de 2019,https://news.google.com/articles/CBMicWh0dHBzOi8vd3d3Lm1ldHJvcG9sZXMuY29tL2Rpc3RyaXRvLWZlZGVyYWwvY2h1dmFzLWNvbG9jYW0tZW0tcmlzY28tbWFpcy1kZS01LW1pbC1yZXNpZGVuY2lhcy1uby1kaXN0cml0by1mZWRlcmFs0gEA?hl=pt-BR&gl=BR&ceid=BR%3Apt-419
"Trocadas na maternidade há 40 anos, mulheres recebem indenização",Metrópoles,5 de mai. de 2019,https://news.google.com/articles/CBMiYWh0dHBzOi8vd3d3Lm1ldHJvcG9sZXMuY29tL2JyYXNpbC90cm9jYWRhcy1uYS1tYXRlcm5pZGFkZS1oYS00MC1hbm9zLW11bGhlcmVzLXJlY2ViZW0taW5kZW5pemFjYW_SAQA?hl=pt-BR&gl=BR&ceid=BR%3Apt-419
Israelenses e brasileiros não se entendem sobre resgate em Brumadinho,Metrópoles,29 de jan. de 2019,https://news.google.com/articles/CBMiZ2h0dHBzOi8vd3d3Lm1ldHJvcG9sZXMuY29tL2JyYXNpbC9pc3JhZWxlbnNlcy1lLWJyYXNpbGVpcm9zLW5hby1zZS1lbnRlbmRlbS1zb2JyZS1yZXNnYXRlLWVtLWJydW1hZGluaG_SAQA?hl=pt-BR&gl=BR&ceid=BR%3Apt-419
Temporal no Rio de Janeiro deixa mortos e desaparecidos,Metrópoles,7 de fev. de 2019,https://news.google.com/articles/CBMiWWh0dHBzOi8vd3d3Lm1ldHJvcG9sZXMuY29tL2JyYXNpbC90ZW1wb3JhbC1uby1yaW8tZGUtamFuZWlyby1kZWl4YS1tb3J0b3MtZS1kZXNhcGFyZWNpZG9z0gEA?hl=pt-BR&gl=BR&ceid=BR%3Apt-419
"Temporal: após alagamento, UnB suspende parte das aulas",Metrópoles,21 de abr. de 2019,https://news.google.com/articles/CBMiYWh0dHBzOi8vd3d3Lm1ldHJvcG9sZXMuY29tL2Rpc3RyaXRvLWZlZGVyYWwvdGVtcG9yYWwtYXBvcy1hbGFnYW1lbnRvLXVuYi1zdXNwZW5kZS1wYXJ0ZS1kYXMtYXVsYXPSAQA?hl=pt-BR&gl=BR&ceid=BR%3Apt-419
"Uma casa torta, pobre, silenciosa, sem móveis. A casa da minha vida",Metrópoles,23 de abr. de 2019,https://news.google.com/articles/CBMibGh0dHBzOi8vd3d3Lm1ldHJvcG9sZXMuY29tL2NvbmNlaWNhby1mcmVpdGFzL3VtYS1jYXNhLXRvcnRhLXBvYnJlLXNpbGVuY2lvc2Etc2VtLW1vdmVpcy1hLWNhc2EtZGEtbWluaGEtdmlkYdIBAA?hl=pt-BR&gl=BR&ceid=BR%3Apt-419
"Vídeos. Chuva causa alagamentos, abre cratera e atola veículos no DF",Metrópoles,16 de mai. de 2019,https://news.google.com/articles/CBMidmh0dHBzOi8vd3d3Lm1ldHJvcG9sZXMuY29tL2Rpc3RyaXRvLWZlZGVyYWwvdmlkZW9zLWNodXZhLWNhdXNhLWFsYWdhbWVudG9zLWFicmUtY3JhdGVyYS1lLWF0b2xhLXZlaWN1bG9zLW5vLWRmL2FtcD9hbXDSAQA?hl=pt-BR&gl=BR&ceid=BR%3Apt-419
Entenda a conexão do Escritório do Crime com a morte de Marielle,Metrópoles,23 de jan. de 2019,https://news.google.com/articles/CBMiamh0dHBzOi8vd3d3Lm1ldHJvcG9sZXMuY29tL2JyYXNpbC9qdXN0aWNhL2VudGVuZGEtYS1jb25leGFvLWRvLWVzY3JpdG9yaW8tZG8tY3JpbWUtY29tLWEtbW9ydGUtZGUtbWFyaWVsbGXSAQA?hl=pt-BR&gl=BR&ceid=BR%3Apt-419
Vídeos: chuva causa alagamentos e transtornos em vários pontos do DF,Metrópoles,12 de abr. de 2019,https://news.google.com/articles/CBMibmh0dHBzOi8vd3d3Lm1ldHJvcG9sZXMuY29tL2Rpc3RyaXRvLWZlZGVyYWwvdmlkZW9zLXRlbXBvcmFsLWNhdXNhLWFsYWdhbWVudG9zLWUtY29tcGxpY2Etdm9sdGEtcGFyYS1jYXNhLW5vLWRm0gEA?hl=pt-BR&gl=BR&ceid=BR%3Apt-419
"Rio Tietê transborda, invade casas e enche parque de lixo no interior",Metrópoles,18 de fev. de 2019,https://news.google.com/articles/CBMiZmh0dHBzOi8vd3d3Lm1ldHJvcG9sZXMuY29tL2JyYXNpbC9yaW8tdGlldGUtdHJhbnNib3JkYS1pbnZhZGUtY2FzYXMtZS1lbmNoZS1wYXJxdWUtZGUtbGl4by1uby1pbnRlcmlvctIBAA?hl=pt-BR&gl=BR&ceid=BR%3Apt-419
