Title,Source,Time,Link
Ciclone Fani atinge costa leste da Índia e deixa três mortos,Metrópoles,3 de mai. de 2019,https://news.google.com/articles/CBMiXWh0dHBzOi8vd3d3Lm1ldHJvcG9sZXMuY29tL211bmRvL2NpY2xvbmUtZmFuaS1hdGluZ2UtY29zdGEtbGVzdGUtZGEtaW5kaWEtZS1kZWl4YS10cmVzLW1vcnRvc9IBAA?hl=pt-BR&gl=BR&ceid=BR%3Apt-419
Governo de Moçambique confirma 281 mortes por Ciclone Idai,Metrópoles,22 de mar. de 2019,https://news.google.com/articles/CBMiW2h0dHBzOi8vd3d3Lm1ldHJvcG9sZXMuY29tL211bmRvL2dvdmVybm8tZGUtbW9jYW1iaXF1ZS1jb25maXJtYS0yODEtbW9ydGVzLXBvci1jaWNsb25lLWlkYWnSAQA?hl=pt-BR&gl=BR&ceid=BR%3Apt-419
Enem 2019: “Dia D” está chegando. Não jogue fora a preparação,Metrópoles,29 de out. de 2019,https://news.google.com/articles/CBMiZWh0dHBzOi8vd3d3Lm1ldHJvcG9sZXMuY29tL3J1bW8tYS1hcHJvdmFjYW8vZW5lbS0yMDE5LWRpYS1kLWVzdGEtY2hlZ2FuZG8tbmFvLWpvZ3VlLWZvcmEtYS1wcmVwYXJhY2Fv0gEA?hl=pt-BR&gl=BR&ceid=BR%3Apt-419
Seletivas do Porão do Rock terão shows de Autoramas e Matanza,Metrópoles,7 de ago. de 2019,https://news.google.com/articles/CBMibmh0dHBzOi8vd3d3Lm1ldHJvcG9sZXMuY29tL2VudHJldGVuaW1lbnRvL211c2ljYS9zZWxldGl2YXMtZG8tcG9yYW8tZG8tcm9jay10ZXJhby1zaG93cy1kZS1hdXRvcmFtYXMtZS1tYXRhbnph0gEA?hl=pt-BR&gl=BR&ceid=BR%3Apt-419
"De Brumadinho a Moçambique, seis meses de dor e sofrimento pelo mundo",Metrópoles,4 de jul. de 2019,https://news.google.com/articles/CBMiZmh0dHBzOi8vd3d3Lm1ldHJvcG9sZXMuY29tL2JyYXNpbC9kZS1icnVtYWRpbmhvLWEtbW9jYW1iaXF1ZS1zZWlzLW1lc2VzLWRlLWRvci1lLXNvZnJpbWVudG8tcGVsby1tdW5kb9IBAA?hl=pt-BR&gl=BR&ceid=BR%3Apt-419
Sasha Meneghel parte para viagem missionária na Angola com amigos,Metrópoles,13 de ago. de 2019,https://news.google.com/articles/CBMibmh0dHBzOi8vd3d3Lm1ldHJvcG9sZXMuY29tL2NvbHVuYXMvcGlwb2NhbmRvL3Nhc2hhLW1lbmVnaGVsLXBhcnRlLXBhcmEtdmlhZ2VtLW1pc3Npb25hcmlhLW5hLWFuZ29sYS1jb20tYW1pZ29z0gEA?hl=pt-BR&gl=BR&ceid=BR%3Apt-419
"Clima também causou morte de Fernanda Vogel no litoral de SP, em 2001",Metrópoles,29 de abr. de 2019,https://news.google.com/articles/CBMibGh0dHBzOi8vd3d3Lm1ldHJvcG9sZXMuY29tL2NlbGVicmlkYWRlcy9jbGltYS10YW1iZW0tY2F1c291LW1vcnRlLWRlLWZlcm5hbmRhLXZvZ2VsLW5vLWxpdG9yYWwtZGUtc3AtZW0tMjAwMdIBAA?hl=pt-BR&gl=BR&ceid=BR%3Apt-419
Bruna Marquezine revela desejo em adotar criança após viagem à África,Metrópoles,13 de jun. de 2019,https://news.google.com/articles/CBMibWh0dHBzOi8vd3d3Lm1ldHJvcG9sZXMuY29tL2NlbGVicmlkYWRlcy9icnVuYS1tYXJxdWV6aW5lLXJldmVsYS1kZXNlam8tZW0tYWRvdGFyLWNyaWFuY2EtYXBvcy12aWFnZW0tYS1hZnJpY2HSAQA?hl=pt-BR&gl=BR&ceid=BR%3Apt-419
Bruna Marquezine arrecada mais de R$ 150 mil para crianças africanas,Metrópoles,1 de abr. de 2019,https://news.google.com/articles/CBMia2h0dHBzOi8vd3d3Lm1ldHJvcG9sZXMuY29tL2NlbGVicmlkYWRlcy9icnVuYS1tYXJxdWV6aW5lLWFycmVjYWRhLW1haXMtZGUtci0xNTAtbWlsLXBhcmEtY3JpYW5jYXMtYWZyaWNhbmFz0gEA?hl=pt-BR&gl=BR&ceid=BR%3Apt-419
"Xuxa repudia críticas a Sasha após viagem à África: ""Não vou admitir""",Metrópoles,19 de ago. de 2019,https://news.google.com/articles/CBMib2h0dHBzOi8vd3d3Lm1ldHJvcG9sZXMuY29tL2NvbHVuYXMvcGlwb2NhbmRvL3h1eGEtcmVwdWRpYS1jcml0aWNhcy1hLXNhc2hhLWFwb3MtdmlhZ2VtLWEtYWZyaWNhLW5hby12b3UtYWRtaXRpctIBAA?hl=pt-BR&gl=BR&ceid=BR%3Apt-419
De safáris a praias paradisíacas: conheça os encantos da África,Metrópoles,2 de dez. de 2019,https://news.google.com/articles/CBMib2h0dHBzOi8vd3d3Lm1ldHJvcG9sZXMuY29tL3ZpZGEtZS1lc3RpbG8vdHVyaXNtby9kZS1zYWZhcmlzLWEtcHJhaWFzLXBhcmFkaXNpYWNhcy1jb25oZWNhLW9zLWVuY2FudG9zLWRhLWFmcmljYdIBAA?hl=pt-BR&gl=BR&ceid=BR%3Apt-419
Bruna Marquezine se diverte com crianças em aldeia Angolana,Metrópoles,26 de mar. de 2019,https://news.google.com/articles/CBMiY2h0dHBzOi8vd3d3Lm1ldHJvcG9sZXMuY29tL2NlbGVicmlkYWRlcy9icnVuYS1tYXJxdWV6aW5lLXNlLWRpdmVydGUtY29tLWNyaWFuY2FzLWVtLWFsZGVpYS1hbmdvbGFuYdIBAA?hl=pt-BR&gl=BR&ceid=BR%3Apt-419
Vórtex polar faz sensação térmica chegar a -45°C em cidades dos EUA,Metrópoles,29 de jan. de 2019,https://news.google.com/articles/CBMiYmh0dHBzOi8vd3d3Lm1ldHJvcG9sZXMuY29tL211bmRvL3ZvcnRleC1wb2xhci1mYXotc2Vuc2FjYW8tdGVybWljYS1jaGVnYXItYS00NWMtZW0tY2lkYWRlcy1kb3MtZXVh0gEA?hl=pt-BR&gl=BR&ceid=BR%3Apt-419
Nasa faz novo registro de Júpiter,Metrópoles,10 de ago. de 2019,https://news.google.com/articles/CBMiQmh0dHBzOi8vd3d3Lm1ldHJvcG9sZXMuY29tL211bmRvL25hc2EtZmF6LW5vdm8tcmVnaXN0cm8tZGUtanVwaXRlctIBAA?hl=pt-BR&gl=BR&ceid=BR%3Apt-419
"Veja os livros que inspiram a trama de Bom Sucesso, novo hit da Globo",Metrópoles,22 de set. de 2019,https://news.google.com/articles/CBMieGh0dHBzOi8vd3d3Lm1ldHJvcG9sZXMuY29tL2VudHJldGVuaW1lbnRvL3RlbGV2aXNhby92ZWphLW9zLWxpdnJvcy1xdWUtaW5zcGlyYW0tYS10cmFtYS1kZS1ib20tc3VjZXNzby1ub3ZvLWhpdC1kYS1nbG9ib9IBAA?hl=pt-BR&gl=BR&ceid=BR%3Apt-419
Bruna Marquezine manda recado a quem critica sua viagem à África,Metrópoles,28 de mar. de 2019,https://news.google.com/articles/CBMiaGh0dHBzOi8vd3d3Lm1ldHJvcG9sZXMuY29tL2NlbGVicmlkYWRlcy9icnVuYS1tYXJxdWV6aW5lLW1hbmRhLXJlY2Fkby1hLXF1ZW0tY3JpdGljYS1zdWEtdmlhZ2VtLWEtYWZyaWNh0gEA?hl=pt-BR&gl=BR&ceid=BR%3Apt-419
Fome extrema atinge mais de 113 milhões de pessoas no mundo,Metrópoles,2 de abr. de 2019,https://news.google.com/articles/CBMiXGh0dHBzOi8vd3d3Lm1ldHJvcG9sZXMuY29tL211bmRvL2ZvbWUtZXh0cmVtYS1hdGluZ2UtbWFpcy1kZS0xMTMtbWlsaG9lcy1kZS1wZXNzb2FzLW5vLW11bmRv0gEA?hl=pt-BR&gl=BR&ceid=BR%3Apt-419
