query,csv
"site:globo.com enchente ""2019""'",globoenchente2019.csv
"site:noticias.uol.com.br enchente ""2019""'",uolenchente2019.csv
"site:terra.com.br enchente ""2019""'",terraenchente2019.csv
"site:metropoles.com enchente ""2019""'",metropolesenchente2019.csv
"site:globo.com onda de calor ""2019""'",globoheatwave2019.csv
"site:noticias.uol.com.br onda de calor ""2019""'",uolheatwave2019.csv
"site:terra.com.br onda de calor ""2019""'",terraheatwave2019.csv
"site:metropoles.com onda de calor""2019""'",metropolesheatwave2019.csv
"site:globo.com ciclone ""2019""'",globociclone2019.csv
"site:noticias.uol.com.br ciclone ""2019""'",uolciclone2019.csv
"site:terra.com.br ciclone ""2019""'",terraciclone2019.csv
"site:metropoles.com ciclone ""2019""'",metropolesciclone2019.csv
"site:globo.com tempestade ""2019""'",globotempestade2019.csv
"site:noticias.uol.com.br tempestade ""2019""'",uoltempestade2019.csv
"site:terra.com.br tempestade ""2019""'",terratempestade2019.csv
"site:metropoles.com tempestade ""2019""'",metropolestempestade2019.csv
"site:globo.com chuvas ""2019""'",globochuvas2019.csv
"site:noticias.uol.com.br chuvas ""2019""'",uolchuvas2019.csv
"site:terra.com.br chuvas ""2019""'",terrachuvas2019.csv
"site:metropoles.com chuvas ""2019""'",metropoleschuvas2019.csv
"site:globo.com seca ""2019""'",globoseca2019.csv
"site:noticias.uol.com.br seca ""2019""'",uolseca2019.csv
"site:terra.com.br seca ""2019""'",terraseca2019.csv
"site:metropoles.com seca ""2019""'",metropolesseca2019.csv
"site:globo.com mudanças climátcas ""2019""'",globochange2019.csv
"site:noticias.uol.com.br mudanças climátcas ""2019""'",uolchange2019.csv
"site:terra.com.br mudanças climátcas ""2019""'",terrachange2019.csv
"site:metropoles.com mudanças climátcas""2019""'",metropoleschange2019.csv
"site:globo.com extremos climáticos ""2019""'",globoextreme2019.csv
"site:noticias.uol.com.br extremos climáticos ""2019""'",uolextreme2019.csv
"site:terra.com.br extremos climáticos ""2019""'",terraextreme2019.csv
"site:metropoles.com extremos climáticos ""2019""'",metropolesextreme2019.csv