"","date","views"
"1",2015-10-01,5977
"2",2015-10-02,4584
"3",2015-10-03,2283
"4",2015-10-04,2868
"5",2015-10-05,5492
"6",2015-10-06,6191
"7",2015-10-07,5666
"8",2015-10-08,5296
"9",2015-10-09,3687
"10",2015-10-10,1728
"11",2015-10-11,1701
"12",2015-10-12,2912
"13",2015-10-13,4566
"14",2015-10-14,4831
"15",2015-10-15,4319
"16",2015-10-16,3443
"17",2015-10-17,2437
"18",2015-10-18,3096
"19",2015-10-19,6719
"20",2015-10-20,7126
"21",2015-10-21,7298
"22",2015-10-22,6893
"23",2015-10-23,5228
"24",2015-10-24,3492
"25",2015-10-25,4329
"26",2015-10-26,7103
"27",2015-10-27,7302
"28",2015-10-28,7591
"29",2015-10-29,5873
"30",2015-10-30,3711
"31",2015-10-31,2144
"32",2015-11-01,2217
"33",2015-11-02,4775
"34",2015-11-03,7499
"35",2015-11-04,8075
"36",2015-11-05,7830
"37",2015-11-06,5210
"38",2015-11-07,3243
"39",2015-11-08,4621
"40",2015-11-09,8416
"41",2015-11-10,8923
"42",2015-11-11,8502
"43",2015-11-12,8166
"44",2015-11-13,5557
"45",2015-11-14,3107
"46",2015-11-15,4431
"47",2015-11-16,8238
"48",2015-11-17,9936
"49",2015-11-18,8023
"50",2015-11-19,6717
"51",2015-11-20,4284
"52",2015-11-21,2866
"53",2015-11-22,4201
"54",2015-11-23,7662
"55",2015-11-24,8248
"56",2015-11-25,7616
"57",2015-11-26,7310
"58",2015-11-27,4553
"59",2015-11-28,2482
"60",2015-11-29,3677
"61",2015-11-30,7127
"62",2015-12-01,7070
"63",2015-12-02,6544
"64",2015-12-03,6336
"65",2015-12-04,4459
"66",2015-12-05,2153
"67",2015-12-06,2641
"68",2015-12-07,4675
"69",2015-12-08,4394
"70",2015-12-09,5156
"71",2015-12-10,4880
"72",2015-12-11,3464
"73",2015-12-12,2155
"74",2015-12-13,3033
"75",2015-12-14,4902
"76",2015-12-15,4076
"77",2015-12-16,3649
"78",2015-12-17,2925
"79",2015-12-18,1887
"80",2015-12-19,981
"81",2015-12-20,1001
"82",2015-12-21,1516
"83",2015-12-22,1213
"84",2015-12-23,873
"85",2015-12-24,466
"86",2015-12-25,520
"87",2015-12-26,674
"88",2015-12-27,794
"89",2015-12-28,1082
"90",2015-12-29,1004
"91",2015-12-30,863
"92",2015-12-31,506
"93",2016-01-01,531
"94",2016-01-02,728
"95",2016-01-03,1157
"96",2016-01-04,1289
"97",2016-01-05,1606
"98",2016-01-06,1364
"99",2016-01-07,1374
"100",2016-01-08,1415
"101",2016-01-09,1127
"102",2016-01-10,1145
"103",2016-01-11,1670
"104",2016-01-12,1736
"105",2016-01-13,1776
"106",2016-01-14,1994
"107",2016-01-15,1757
"108",2016-01-16,1713
"109",2016-01-17,1238
"110",2016-01-18,1567
"111",2016-01-19,1497
"112",2016-01-20,1563
"113",2016-01-21,1700
"114",2016-01-22,1858
"115",2016-01-23,4685
"116",2016-01-24,996
"117",2016-01-25,1567
"118",2016-01-26,1633
"119",2016-01-27,1846
"120",2016-01-28,1581
"121",2016-01-29,1294
"122",2016-01-30,870
"123",2016-01-31,1063
"124",2016-02-01,2815
"125",2016-02-02,2126
"126",2016-02-03,2199
"127",2016-02-04,1815
"128",2016-02-05,1330
"129",2016-02-06,621
"130",2016-02-07,587
"131",2016-02-08,901
"132",2016-02-09,1064
"133",2016-02-10,1755
"134",2016-02-11,2082
"135",2016-02-12,1671
"136",2016-02-13,1199
"137",2016-02-14,1815
"138",2016-02-15,2727
"139",2016-02-16,3139
"140",2016-02-17,3332
"141",2016-02-18,3169
"142",2016-02-19,2439
"143",2016-02-20,1797
"144",2016-02-21,20723
"145",2016-02-22,3397
"146",2016-02-23,4034
"147",2016-02-24,4555
"148",2016-02-25,4260
"149",2016-02-26,3215
"150",2016-02-27,2452
"151",2016-02-28,3356
"152",2016-02-29,4716
"153",2016-03-01,5293
"154",2016-03-02,5572
"155",2016-03-03,5091
"156",2016-03-04,4093
"157",2016-03-05,3062
"158",2016-03-06,4616
"159",2016-03-07,5910
"160",2016-03-08,5643
"161",2016-03-09,6100
"162",2016-03-10,5625
"163",2016-03-11,4215
"164",2016-03-12,2758
"165",2016-03-13,3924
"166",2016-03-14,5858
"167",2016-03-15,6232
"168",2016-03-16,6336
"169",2016-03-17,5946
"170",2016-03-18,4437
"171",2016-03-19,3529
"172",2016-03-20,4081
"173",2016-03-21,6219
"174",2016-03-22,5921
"175",2016-03-23,4930
"176",2016-03-24,2980
"177",2016-03-25,2294
"178",2016-03-26,2899
"179",2016-03-27,3654
"180",2016-03-28,6128
"181",2016-03-29,6927
"182",2016-03-30,6679
"183",2016-03-31,5732
"184",2016-04-01,4528
"185",2016-04-02,2890
"186",2016-04-03,4240
"187",2016-04-04,6223
"188",2016-04-05,6623
"189",2016-04-06,6436
"190",2016-04-07,6330
"191",2016-04-08,4428
"192",2016-04-09,2937
"193",2016-04-10,4000
"194",2016-04-11,7137
"195",2016-04-12,7102
"196",2016-04-13,7007
"197",2016-04-14,6769
"198",2016-04-15,4383
"199",2016-04-16,2564
"200",2016-04-17,3754
"201",2016-04-18,5723
"202",2016-04-19,5844
"203",2016-04-20,4798
"204",2016-04-21,3196
"205",2016-04-22,3954
"206",2016-04-23,2622
"207",2016-04-24,3167
"208",2016-04-25,7617
"209",2016-04-26,7551
"210",2016-04-27,6540
"211",2016-04-28,6117
"212",2016-04-29,4514
"213",2016-04-30,2513
"214",2016-05-01,3463
"215",2016-05-02,5786
"216",2016-05-03,6141
"217",2016-05-04,6079
"218",2016-05-05,5980
"219",2016-05-06,4280
"220",2016-05-07,2618
"221",2016-05-08,2956
"222",2016-05-09,6011
"223",2016-05-10,6414
"224",2016-05-11,6729
"225",2016-05-12,6330
"226",2016-05-13,5321
"227",2016-05-14,8361
"228",2016-05-15,8112
"229",2016-05-16,8466
"230",2016-05-17,7933
"231",2016-05-18,8393
"232",2016-05-19,7740
"233",2016-05-20,5668
"234",2016-05-21,3862
"235",2016-05-22,4724
"236",2016-05-23,8405
"237",2016-05-24,8394
"238",2016-05-25,6118
"239",2016-05-26,4383
"240",2016-05-27,4500
"241",2016-05-28,3741
"242",2016-05-29,5443
"243",2016-05-30,10498
"244",2016-05-31,9351
"245",2016-06-01,9363
"246",2016-06-02,21957
"247",2016-06-03,6742
"248",2016-06-04,3992
"249",2016-06-05,5476
"250",2016-06-06,9049
"251",2016-06-07,8235
"252",2016-06-08,8429
"253",2016-06-09,11120
"254",2016-06-10,4956
"255",2016-06-11,2780
"256",2016-06-12,3868
"257",2016-06-13,7306
"258",2016-06-14,8094
"259",2016-06-15,8512
"260",2016-06-16,7393
"261",2016-06-17,5295
"262",2016-06-18,2873
"263",2016-06-19,3864
"264",2016-06-20,6717
"265",2016-06-21,6378
"266",2016-06-22,5823
"267",2016-06-23,5521
"268",2016-06-24,3717
"269",2016-06-25,2123
"270",2016-06-26,3031
"271",2016-06-27,5057
"272",2016-06-28,5117
"273",2016-06-29,4598
"274",2016-06-30,4246
"275",2016-07-01,4083
"276",2016-07-02,1513
"277",2016-07-03,2239
"278",2016-07-04,3739
"279",2016-07-05,3912
"280",2016-07-06,3999
"281",2016-07-07,3853
"282",2016-07-08,2771
"283",2016-07-09,1474
"284",2016-07-10,2024
"285",2016-07-11,3574
"286",2016-07-12,3698
"287",2016-07-13,3430
"288",2016-07-14,3327
"289",2016-07-15,2330
"290",2016-07-16,1281
"291",2016-07-17,1868
"292",2016-07-18,2801
"293",2016-07-19,3070
"294",2016-07-20,2849
"295",2016-07-21,2736
"296",2016-07-22,1994
"297",2016-07-23,1310
"298",2016-07-24,1560
"299",2016-07-25,2720
"300",2016-07-26,2960
"301",2016-07-27,2990
"302",2016-07-28,2853
"303",2016-07-29,2292
"304",2016-07-30,1449
"305",2016-07-31,1841
"306",2016-08-01,3344
"307",2016-08-02,3970
"308",2016-08-03,4477
"309",2016-08-04,3976
"310",2016-08-05,3261
"311",2016-08-06,2126
"312",2016-08-07,2673
"313",2016-08-08,4712
"314",2016-08-09,5397
"315",2016-08-10,5602
"316",2016-08-11,5062
"317",2016-08-12,3428
"318",2016-08-13,2159
"319",2016-08-14,2746
"320",2016-08-15,5397
"321",2016-08-16,6371
"322",2016-08-17,6274
"323",2016-08-18,6102
"324",2016-08-19,4447
"325",2016-08-20,2782
"326",2016-08-21,3655
"327",2016-08-22,6460
"328",2016-08-23,7313
"329",2016-08-24,7164
"330",2016-08-25,6653
"331",2016-08-26,4726
"332",2016-08-27,3005
"333",2016-08-28,4086
"334",2016-08-29,7722
"335",2016-08-30,8754
"336",2016-08-31,8171
"337",2016-09-01,7513
"338",2016-09-02,5277
"339",2016-09-03,3091
"340",2016-09-04,4113
"341",2016-09-05,7012
"342",2016-09-06,5775
"343",2016-09-07,4978
"344",2016-09-08,6677
"345",2016-09-09,5273
"346",2016-09-10,3150
"347",2016-09-11,4288
"348",2016-09-12,8715
"349",2016-09-13,8857
"350",2016-09-14,9140
"351",2016-09-15,8388
"352",2016-09-16,6040
"353",2016-09-17,4279
"354",2016-09-18,4451
"355",2016-09-19,8375
"356",2016-09-20,9082
"357",2016-09-21,8593
"358",2016-09-22,7483
"359",2016-09-23,5780
"360",2016-09-24,2941
"361",2016-09-25,3793
"362",2016-09-26,7543
"363",2016-09-27,8327
"364",2016-09-28,7763
"365",2016-09-29,6566
"366",2016-09-30,4107
"367",2016-10-01,2411
"368",2016-10-02,2727
"369",2016-10-03,5652
"370",2016-10-04,6688
"371",2016-10-05,6692
"372",2016-10-06,6651
"373",2016-10-07,4869
"374",2016-10-08,2786
"375",2016-10-09,3098
"376",2016-10-10,5586
"377",2016-10-11,4983
"378",2016-10-12,3729
"379",2016-10-13,5489
"380",2016-10-14,4306
"381",2016-10-15,2695
"382",2016-10-16,3432
"383",2016-10-17,7157
"384",2016-10-18,8044
"385",2016-10-19,8477
"386",2016-10-20,7993
"387",2016-10-21,5613
"388",2016-10-22,3767
"389",2016-10-23,4705
"390",2016-10-24,8130
"391",2016-10-25,9318
"392",2016-10-26,9201
"393",2016-10-27,7453
"394",2016-10-28,5286
"395",2016-10-29,3401
"396",2016-10-30,4461
"397",2016-10-31,7976
"398",2016-11-01,7140
"399",2016-11-02,7508
"400",2016-11-03,9932
"401",2016-11-04,8272
"402",2016-11-05,4823
"403",2016-11-06,6999
"404",2016-11-07,10072
"405",2016-11-08,11262
"406",2016-11-09,10645
"407",2016-11-10,9612
"408",2016-11-11,6135
"409",2016-11-12,3638
"410",2016-11-13,4366
"411",2016-11-14,6013
"412",2016-11-15,7818
"413",2016-11-16,10686
"414",2016-11-17,10785
"415",2016-11-18,7215
"416",2016-11-19,4158
"417",2016-11-20,5907
"418",2016-11-21,10295
"419",2016-11-22,10731
"420",2016-11-23,10865
"421",2016-11-24,18396
"422",2016-11-25,6623
"423",2016-11-26,3137
"424",2016-11-27,4737
"425",2016-11-28,8553
"426",2016-11-29,8521
"427",2016-11-30,8338
"428",2016-12-01,7253
"429",2016-12-02,4996
"430",2016-12-03,2393
"431",2016-12-04,3607
"432",2016-12-05,5889
"433",2016-12-06,5947
"434",2016-12-07,5195
"435",2016-12-08,4285
"436",2016-12-09,3373
"437",2016-12-10,1772
"438",2016-12-11,2578
"439",2016-12-12,4198
"440",2016-12-13,4072
"441",2016-12-14,3974
"442",2016-12-15,3561
"443",2016-12-16,2362
"444",2016-12-17,1255
"445",2016-12-18,1595
"446",2016-12-19,2509
"447",2016-12-20,2534
"448",2016-12-21,2332
"449",2016-12-22,1734
"450",2016-12-23,1102
"451",2016-12-24,729
"452",2016-12-25,944
"453",2016-12-26,1180
"454",2016-12-27,1429
"455",2016-12-28,1687
"456",2016-12-29,1376
"457",2016-12-30,2675
"458",2016-12-31,2121
"459",2017-01-01,2061
"460",2017-01-02,2101
"461",2017-01-03,1596
"462",2017-01-04,1753
"463",2017-01-05,1968
"464",2017-01-06,2029
"465",2017-01-07,1360
"466",2017-01-08,1342
"467",2017-01-09,2041
"468",2017-01-10,2240
"469",2017-01-11,2283
"470",2017-01-12,2152
"471",2017-01-13,2139
"472",2017-01-14,1679
"473",2017-01-15,1974
"474",2017-01-16,2453
"475",2017-01-17,2656
"476",2017-01-18,2620
"477",2017-01-19,2110
"478",2017-01-20,1992
"479",2017-01-21,1413
"480",2017-01-22,1450
"481",2017-01-23,2111
"482",2017-01-24,2273
"483",2017-01-25,2125
"484",2017-01-26,2001
"485",2017-01-27,1698
"486",2017-01-28,1145
"487",2017-01-29,2018
"488",2017-01-30,2324
"489",2017-01-31,2746
"490",2017-02-01,2392
"491",2017-02-02,2542
"492",2017-02-03,1878
"493",2017-02-04,1383
"494",2017-02-05,1865
"495",2017-02-06,2775
"496",2017-02-07,2976
"497",2017-02-08,3328
"498",2017-02-09,3449
"499",2017-02-10,2623
"500",2017-02-11,1744
"501",2017-02-12,2789
"502",2017-02-13,3633
"503",2017-02-14,3988
"504",2017-02-15,4151
"505",2017-02-16,4205
"506",2017-02-17,2950
"507",2017-02-18,2212
"508",2017-02-19,3104
"509",2017-02-20,4675
"510",2017-02-21,4812
"511",2017-02-22,4872
"512",2017-02-23,4809
"513",2017-02-24,3068
"514",2017-02-25,1762
"515",2017-02-26,2027
"516",2017-02-27,2600
"517",2017-02-28,2804
"518",2017-03-01,4358
"519",2017-03-02,4950
"520",2017-03-03,3878
"521",2017-03-04,2919
"522",2017-03-05,4020
"523",2017-03-06,5801
"524",2017-03-07,5970
"525",2017-03-08,6068
"526",2017-03-09,5979
"527",2017-03-10,4426
"528",2017-03-11,2998
"529",2017-03-12,4264
"530",2017-03-13,6524
"531",2017-03-14,6497
"532",2017-03-15,6467
"533",2017-03-16,6341
"534",2017-03-17,4645
"535",2017-03-18,3073
"536",2017-03-19,4406
"537",2017-03-20,6155
"538",2017-03-21,6868
"539",2017-03-22,7145
"540",2017-03-23,6754
"541",2017-03-24,5074
"542",2017-03-25,3800
"543",2017-03-26,4645
"544",2017-03-27,6707
"545",2017-03-28,7988
"546",2017-03-29,7612
"547",2017-03-30,6746
"548",2017-03-31,4993
"549",2017-04-01,3000
"550",2017-04-02,4607
"551",2017-04-03,7060
"552",2017-04-04,7380
"553",2017-04-05,6902
"554",2017-04-06,6065
"555",2017-04-07,4241
"556",2017-04-08,2672
"557",2017-04-09,3467
"558",2017-04-10,5672
"559",2017-04-11,5924
"560",2017-04-12,4508
"561",2017-04-13,2593
"562",2017-04-14,1877
"563",2017-04-15,2074
"564",2017-04-16,2730
"565",2017-04-17,5679
"566",2017-04-18,6312
"567",2017-04-19,6128
"568",2017-04-20,4770
"569",2017-04-21,3103
"570",2017-04-22,2790
"571",2017-04-23,3863
"572",2017-04-24,6157
"573",2017-04-25,6656
"574",2017-04-26,6414
"575",2017-04-27,5356
"576",2017-04-28,3288
"577",2017-04-29,2161
"578",2017-04-30,2174
"579",2017-05-01,4335
"580",2017-05-02,5783
"581",2017-05-03,6699
"582",2017-05-04,6486
"583",2017-05-05,4659
"584",2017-05-06,2867
"585",2017-05-07,3895
"586",2017-05-08,6751
"587",2017-05-09,7471
"588",2017-05-10,7313
"589",2017-05-11,6849
"590",2017-05-12,4731
"591",2017-05-13,3048
"592",2017-05-14,3859
"593",2017-05-15,7216
"594",2017-05-16,8063
"595",2017-05-17,8218
"596",2017-05-18,7984
"597",2017-05-19,5582
"598",2017-05-20,3804
"599",2017-05-21,5379
"600",2017-05-22,8468
"601",2017-05-23,8690
"602",2017-05-24,8550
"603",2017-05-25,8294
"604",2017-05-26,5856
"605",2017-05-27,4035
"606",2017-05-28,5369
"607",2017-05-29,8780
"608",2017-05-30,9520
"609",2017-05-31,11308
"610",2017-06-01,15145
"611",2017-06-02,16685
"612",2017-06-03,7665
"613",2017-06-04,8064
"614",2017-06-05,11990
"615",2017-06-06,11132
"616",2017-06-07,10687
"617",2017-06-08,10161
"618",2017-06-09,7212
"619",2017-06-10,3858
"620",2017-06-11,5417
"621",2017-06-12,8757
"622",2017-06-13,8897
"623",2017-06-14,6899
"624",2017-06-15,4060
"625",2017-06-16,4037
"626",2017-06-17,3545
"627",2017-06-18,4999
"628",2017-06-19,8489
"629",2017-06-20,8980
"630",2017-06-21,8221
"631",2017-06-22,7401
"632",2017-06-23,4976
"633",2017-06-24,2824
"634",2017-06-25,4072
"635",2017-06-26,7142
"636",2017-06-27,6773
"637",2017-06-28,6218
"638",2017-06-29,5451
"639",2017-06-30,3745
"640",2017-07-01,2222
"641",2017-07-02,3081
"642",2017-07-03,5034
"643",2017-07-04,5911
"644",2017-07-05,4915
"645",2017-07-06,4707
"646",2017-07-07,3534
"647",2017-07-08,2088
"648",2017-07-09,2510
"649",2017-07-10,3841
"650",2017-07-11,4428
"651",2017-07-12,4057
"652",2017-07-13,3575
"653",2017-07-14,2532
"654",2017-07-15,1365
"655",2017-07-16,1671
"656",2017-07-17,3002
"657",2017-07-18,3260
"658",2017-07-19,3282
"659",2017-07-20,2830
"660",2017-07-21,2275
"661",2017-07-22,1640
"662",2017-07-23,1671
"663",2017-07-24,2647
"664",2017-07-25,3068
"665",2017-07-26,3061
"666",2017-07-27,2922
"667",2017-07-28,2485
"668",2017-07-29,1731
"669",2017-07-30,2024
"670",2017-07-31,3644
"671",2017-08-01,4684
"672",2017-08-02,5176
"673",2017-08-03,4709
"674",2017-08-04,3619
"675",2017-08-05,2308
"676",2017-08-06,3059
"677",2017-08-07,4943
"678",2017-08-08,6111
"679",2017-08-09,6054
"680",2017-08-10,5618
"681",2017-08-11,3787
"682",2017-08-12,2481
"683",2017-08-13,2762
"684",2017-08-14,5917
"685",2017-08-15,6799
"686",2017-08-16,7011
"687",2017-08-17,6849
"688",2017-08-18,4860
"689",2017-08-19,3030
"690",2017-08-20,4501
"691",2017-08-21,7113
"692",2017-08-22,7623
"693",2017-08-23,7795
"694",2017-08-24,7137
"695",2017-08-25,5028
"696",2017-08-26,3268
"697",2017-08-27,4346
"698",2017-08-28,7357
"699",2017-08-29,8496
"700",2017-08-30,8270
"701",2017-08-31,6974
"702",2017-09-01,4848
"703",2017-09-02,3128
"704",2017-09-03,4145
"705",2017-09-04,7309
"706",2017-09-05,7645
"707",2017-09-06,5363
"708",2017-09-07,2888
"709",2017-09-08,3488
"710",2017-09-09,3118
"711",2017-09-10,4749
"712",2017-09-11,8551
"713",2017-09-12,9510
"714",2017-09-13,9104
"715",2017-09-14,8562
"716",2017-09-15,6295
"717",2017-09-16,3423
"718",2017-09-17,5266
"719",2017-09-18,9393
"720",2017-09-19,9694
"721",2017-09-20,10089
"722",2017-09-21,9346
"723",2017-09-22,6787
"724",2017-09-23,3427
"725",2017-09-24,4610
"726",2017-09-25,8300
"727",2017-09-26,8559
"728",2017-09-27,8455
"729",2017-09-28,7809
"730",2017-09-29,5569
"731",2017-09-30,2944
"732",2017-10-01,3751
"733",2017-10-02,6726
"734",2017-10-03,7601
"735",2017-10-04,7596
"736",2017-10-05,7242
"737",2017-10-06,5143
"738",2017-10-07,2985
"739",2017-10-08,3534
"740",2017-10-09,6110
"741",2017-10-10,6495
"742",2017-10-11,4945
"743",2017-10-12,3095
"744",2017-10-13,3227
"745",2017-10-14,2868
"746",2017-10-15,4032
"747",2017-10-16,7567
"748",2017-10-17,7753
"749",2017-10-18,8157
"750",2017-10-19,8067
"751",2017-10-20,5847
"752",2017-10-21,3623
"753",2017-10-22,4988
"754",2017-10-23,8719
"755",2017-10-24,9384
"756",2017-10-25,9322
"757",2017-10-26,9122
"758",2017-10-27,6577
"759",2017-10-28,4243
"760",2017-10-29,5861
"761",2017-10-30,9933
"762",2017-10-31,9423
"763",2017-11-01,6713
"764",2017-11-02,4861
"765",2017-11-03,5339
"766",2017-11-04,4969
"767",2017-11-05,6615
"768",2017-11-06,10763
"769",2017-11-07,11418
"770",2017-11-08,11121
"771",2017-11-09,10485
"772",2017-11-10,6769
"773",2017-11-11,4435
"774",2017-11-12,6072
"775",2017-11-13,10592
"776",2017-11-14,8390
"777",2017-11-15,7805
"778",2017-11-16,10374
"779",2017-11-17,7289
"780",2017-11-18,4100
"781",2017-11-19,5253
"782",2017-11-20,9864
"783",2017-11-21,10827
"784",2017-11-22,11652
"785",2017-11-23,10562
"786",2017-11-24,6622
"787",2017-11-25,3855
"788",2017-11-26,11013
"789",2017-11-27,9452
"790",2017-11-28,10142
"791",2017-11-29,9326
"792",2017-11-30,8060
"793",2017-12-01,5108
"794",2017-12-02,2982
"795",2017-12-03,3792
"796",2017-12-04,6753
"797",2017-12-05,6706
"798",2017-12-06,6376
"799",2017-12-07,5388
"800",2017-12-08,3353
"801",2017-12-09,2194
"802",2017-12-10,2837
"803",2017-12-11,4854
"804",2017-12-12,4693
"805",2017-12-13,4365
"806",2017-12-14,3859
"807",2017-12-15,2782
"808",2017-12-16,1576
"809",2017-12-17,1884
"810",2017-12-18,2589
"811",2017-12-19,2426
"812",2017-12-20,1836
"813",2017-12-21,1516
"814",2017-12-22,1028
"815",2017-12-23,673
"816",2017-12-24,598
"817",2017-12-25,531
"818",2017-12-26,1041
"819",2017-12-27,1218
"820",2017-12-28,1182
"821",2017-12-29,1059
"822",2017-12-30,836
"823",2017-12-31,680
"824",2018-01-01,751
"825",2018-01-02,1397
"826",2018-01-03,1684
"827",2018-01-04,1666
"828",2018-01-05,1357
"829",2018-01-06,1049
"830",2018-01-07,1355
"831",2018-01-08,1884
"832",2018-01-09,2452
"833",2018-01-10,2012
"834",2018-01-11,2173
"835",2018-01-12,1707
"836",2018-01-13,1194
"837",2018-01-14,1313
"838",2018-01-15,1836
"839",2018-01-16,1959
"840",2018-01-17,1925
"841",2018-01-18,1686
"842",2018-01-19,1535
"843",2018-01-20,1302
"844",2018-01-21,1387
"845",2018-01-22,1679
"846",2018-01-23,2166
"847",2018-01-24,1839
"848",2018-01-25,2023
"849",2018-01-26,1476
"850",2018-01-27,1060
"851",2018-01-28,1257
"852",2018-01-29,1932
"853",2018-01-30,2188
"854",2018-01-31,2048
"855",2018-02-01,2033
"856",2018-02-02,1694
"857",2018-02-03,1361
"858",2018-02-04,1401
"859",2018-02-05,2265
"860",2018-02-06,2630
"861",2018-02-07,2841
"862",2018-02-08,2532
"863",2018-02-09,1928
"864",2018-02-10,1183
"865",2018-02-11,940
"866",2018-02-12,1399
"867",2018-02-13,1694
"868",2018-02-14,2286
"869",2018-02-15,3128
"870",2018-02-16,2423
"871",2018-02-17,1854
"872",2018-02-18,2517
"873",2018-02-19,3581
"874",2018-02-20,10034
"875",2018-02-21,4692
"876",2018-02-22,4982
"877",2018-02-23,3785
"878",2018-02-24,2713
"879",2018-02-25,3730
"880",2018-02-26,5530
"881",2018-02-27,5962
"882",2018-02-28,5869
"883",2018-03-01,5800
"884",2018-03-02,4399
"885",2018-03-03,3208
"886",2018-03-04,4497
"887",2018-03-05,6145
"888",2018-03-06,6610
"889",2018-03-07,6419
"890",2018-03-08,6312
"891",2018-03-09,4716
"892",2018-03-10,3249
"893",2018-03-11,4746
"894",2018-03-12,6718
"895",2018-03-13,7571
"896",2018-03-14,7874
"897",2018-03-15,7435
"898",2018-03-16,5404
"899",2018-03-17,3621
"900",2018-03-18,4674
"901",2018-03-19,6981
"902",2018-03-20,7545
"903",2018-03-21,7449
"904",2018-03-22,7035
"905",2018-03-23,5057
"906",2018-03-24,3650
"907",2018-03-25,4425
"908",2018-03-26,6928
"909",2018-03-27,7374
"910",2018-03-28,5558
"911",2018-03-29,3328
"912",2018-03-30,2383
"913",2018-03-31,2829
"914",2018-04-01,3571
"915",2018-04-02,6747
"916",2018-04-03,7570
"917",2018-04-04,7298
"918",2018-04-05,7518
"919",2018-04-06,5276
"920",2018-04-07,2861
"921",2018-04-08,4266
"922",2018-04-09,6925
"923",2018-04-10,7442
"924",2018-04-11,7174
"925",2018-04-12,7239
"926",2018-04-13,5227
"927",2018-04-14,3103
"928",2018-04-15,4355
"929",2018-04-16,7167
"930",2018-04-17,7522
"931",2018-04-18,7861
"932",2018-04-19,7719
"933",2018-04-20,4878
"934",2018-04-21,2783
"935",2018-04-22,4277
"936",2018-04-23,6373
"937",2018-04-24,7055
"938",2018-04-25,7170
"939",2018-04-26,6453
"940",2018-04-27,4312
"941",2018-04-28,2137
"942",2018-04-29,2409
"943",2018-04-30,3631
"944",2018-05-01,4137
"945",2018-05-02,6128
"946",2018-05-03,6170
"947",2018-05-04,4719
"948",2018-05-05,2529
"949",2018-05-06,3737
"950",2018-05-07,6594
"951",2018-05-08,7085
"952",2018-05-09,6927
"953",2018-05-10,6580
"954",2018-05-11,4752
"955",2018-05-12,3006
"956",2018-05-13,3566
"957",2018-05-14,6869
"958",2018-05-15,7565
"959",2018-05-16,7812
"960",2018-05-17,8008
"961",2018-05-18,5472
"962",2018-05-19,3724
"963",2018-05-20,4776
"964",2018-05-21,7529
"965",2018-05-22,7872
"966",2018-05-23,8276
"967",2018-05-24,7499
"968",2018-05-25,5186
"969",2018-05-26,3330
"970",2018-05-27,4627
"971",2018-05-28,6523
"972",2018-05-29,6216
"973",2018-05-30,4674
"974",2018-05-31,3185
"975",2018-06-01,3238
"976",2018-06-02,3302
"977",2018-06-03,4934
"978",2018-06-04,7878
"979",2018-06-05,8931
"980",2018-06-06,8689
"981",2018-06-07,8172
"982",2018-06-08,5711
"983",2018-06-09,3269
"984",2018-06-10,4768
"985",2018-06-11,7521
"986",2018-06-12,7891
"987",2018-06-13,7712
"988",2018-06-14,7449
"989",2018-06-15,5036
"990",2018-06-16,2649
"991",2018-06-17,3450
"992",2018-06-18,6427
"993",2018-06-19,6981
"994",2018-06-20,14330
"995",2018-06-21,4935
"996",2018-06-22,2766
"997",2018-06-23,1932
"998",2018-06-24,2929
"999",2018-06-25,4673
"1000",2018-06-26,5438
"1001",2018-06-27,4160
"1002",2018-06-28,4594
"1003",2018-06-29,2786
"1004",2018-06-30,1623
"1005",2018-07-01,1898
"1006",2018-07-02,3009
"1007",2018-07-03,3720
"1008",2018-07-04,3916
"1009",2018-07-05,3595
"1010",2018-07-06,2107
"1011",2018-07-07,1328
"1012",2018-07-08,1813
"1013",2018-07-09,3373
"1014",2018-07-10,3692
"1015",2018-07-11,3449
"1016",2018-07-12,3060
"1017",2018-07-13,2034
"1018",2018-07-14,1222
"1019",2018-07-15,1396
"1020",2018-07-16,2174
"1021",2018-07-17,2599
"1022",2018-07-18,2674
"1023",2018-07-19,2263
"1024",2018-07-20,1717
"1025",2018-07-21,1216
"1026",2018-07-22,1386
"1027",2018-07-23,2373
"1028",2018-07-24,2470
"1029",2018-07-25,2539
"1030",2018-07-26,2674
"1031",2018-07-27,1954
"1032",2018-07-28,1355
"1033",2018-07-29,1919
"1034",2018-07-30,3321
"1035",2018-07-31,3600
"1036",2018-08-01,4228
"1037",2018-08-02,4244
"1038",2018-08-03,3614
"1039",2018-08-04,2691
"1040",2018-08-05,3169
"1041",2018-08-06,4785
"1042",2018-08-07,5924
"1043",2018-08-08,5721
"1044",2018-08-09,5403
"1045",2018-08-10,3913
"1046",2018-08-11,2428
"1047",2018-08-12,2707
"1048",2018-08-13,5746
"1049",2018-08-14,6159
"1050",2018-08-15,6216
"1051",2018-08-16,6384
"1052",2018-08-17,4778
"1053",2018-08-18,2820
"1054",2018-08-19,3829
"1055",2018-08-20,6767
"1056",2018-08-21,7760
"1057",2018-08-22,7744
"1058",2018-08-23,7236
"1059",2018-08-24,5014
"1060",2018-08-25,3164
"1061",2018-08-26,4062
"1062",2018-08-27,6942
"1063",2018-08-28,7366
"1064",2018-08-29,7406
"1065",2018-08-30,6998
"1066",2018-08-31,4656
"1067",2018-09-01,2918
"1068",2018-09-02,3895
"1069",2018-09-03,6799
"1070",2018-09-04,7338
"1071",2018-09-05,6459
"1072",2018-09-06,4460
"1073",2018-09-07,2199
"1074",2018-09-08,2282
"1075",2018-09-09,3354
"1076",2018-09-10,6490
"1077",2018-09-11,6951
"1078",2018-09-12,6649
"1079",2018-09-13,6516
"1080",2018-09-14,4708
"1081",2018-09-15,2603
"1082",2018-09-16,3968
"1083",2018-09-17,6424
"1084",2018-09-18,7187
"1085",2018-09-19,7056
"1086",2018-09-20,6693
"1087",2018-09-21,4568
"1088",2018-09-22,2532
"1089",2018-09-23,3306
"1090",2018-09-24,5929
"1091",2018-09-25,6747
"1092",2018-09-26,6122
"1093",2018-09-27,5846
"1094",2018-09-28,4054
"1095",2018-09-29,2014
"1096",2018-09-30,2959
"1097",2018-10-01,5057
"1098",2018-10-02,5337
"1099",2018-10-03,5377
"1100",2018-10-04,4551
"1101",2018-10-05,3489
"1102",2018-10-06,1999
"1103",2018-10-07,2375
"1104",2018-10-08,5465
"1105",2018-10-09,6457
"1106",2018-10-10,5524
"1107",2018-10-11,4037
"1108",2018-10-12,2297
"1109",2018-10-13,2324
"1110",2018-10-14,2774
"1111",2018-10-15,5044
"1112",2018-10-16,6055
"1113",2018-10-17,6671
"1114",2018-10-18,6510
"1115",2018-10-19,5183
"1116",2018-10-20,2965
"1117",2018-10-21,3918
"1118",2018-10-22,6537
"1119",2018-10-23,7423
"1120",2018-10-24,7895
"1121",2018-10-25,7796
"1122",2018-10-26,5277
"1123",2018-10-27,3435
"1124",2018-10-28,3764
"1125",2018-10-29,7346
"1126",2018-10-30,8249
"1127",2018-10-31,8369
"1128",2018-11-01,6003
"1129",2018-11-02,4201
"1130",2018-11-03,3881
"1131",2018-11-04,5619
"1132",2018-11-05,9036
"1133",2018-11-06,9765
"1134",2018-11-07,9107
"1135",2018-11-08,8492
"1136",2018-11-09,6411
"1137",2018-11-10,4321
"1138",2018-11-11,5433
"1139",2018-11-12,9478
"1140",2018-11-13,9094
"1141",2018-11-14,11185
"1142",2018-11-15,8327
"1143",2018-11-16,5601
"1144",2018-11-17,3473
"1145",2018-11-18,4704
"1146",2018-11-19,7553
"1147",2018-11-20,8337
"1148",2018-11-21,8922
"1149",2018-11-22,9013
"1150",2018-11-23,5984
"1151",2018-11-24,3300
"1152",2018-11-25,5018
"1153",2018-11-26,8051
"1154",2018-11-27,8411
"1155",2018-11-28,8059
"1156",2018-11-29,8296
"1157",2018-11-30,6225
"1158",2018-12-01,3444
"1159",2018-12-02,4416
"1160",2018-12-03,7171
"1161",2018-12-04,6988
"1162",2018-12-05,6337
"1163",2018-12-06,6217
"1164",2018-12-07,4148
"1165",2018-12-08,2134
"1166",2018-12-09,2978
"1167",2018-12-10,4934
"1168",2018-12-11,5231
"1169",2018-12-12,4391
"1170",2018-12-13,4213
"1171",2018-12-14,2982
"1172",2018-12-15,1622
"1173",2018-12-16,2080
"1174",2018-12-17,2836
"1175",2018-12-18,2553
"1176",2018-12-19,2213
"1177",2018-12-20,1817
"1178",2018-12-21,1406
"1179",2018-12-22,976
"1180",2018-12-23,857
"1181",2018-12-24,776
"1182",2018-12-25,705
"1183",2018-12-26,994
"1184",2018-12-27,1227
"1185",2018-12-28,1058
"1186",2018-12-29,828
"1187",2018-12-30,804
"1188",2018-12-31,698
"1189",2019-01-01,767
"1190",2019-01-02,2165
"1191",2019-01-03,1914
"1192",2019-01-04,1613
"1193",2019-01-05,1320
"1194",2019-01-06,1516
"1195",2019-01-07,1797
"1196",2019-01-08,1771
"1197",2019-01-09,2056
"1198",2019-01-10,1957
"1199",2019-01-11,1789
"1200",2019-01-12,1600
"1201",2019-01-13,1472
"1202",2019-01-14,2336
"1203",2019-01-15,2668
"1204",2019-01-16,2401
"1205",2019-01-17,2313
"1206",2019-01-18,1973
"1207",2019-01-19,1458
"1208",2019-01-20,1463
"1209",2019-01-21,1891
"1210",2019-01-22,1959
"1211",2019-01-23,2148
"1212",2019-01-24,1839
"1213",2019-01-25,1567
"1214",2019-01-26,1372
"1215",2019-01-27,1639
"1216",2019-01-28,1964
"1217",2019-01-29,2338
"1218",2019-01-30,2565
"1219",2019-01-31,2918
"1220",2019-02-01,2020
"1221",2019-02-02,1451
"1222",2019-02-03,1658
"1223",2019-02-04,2199
"1224",2019-02-05,2481
"1225",2019-02-06,2594
"1226",2019-02-07,2997
"1227",2019-02-08,2186
"1228",2019-02-09,1674
"1229",2019-02-10,2100
"1230",2019-02-11,3620
"1231",2019-02-12,3959
"1232",2019-02-13,4161
"1233",2019-02-14,3634
"1234",2019-02-15,2842
"1235",2019-02-16,2062
"1236",2019-02-17,2886
"1237",2019-02-18,4325
"1238",2019-02-19,4658
"1239",2019-02-20,4674
"1240",2019-02-21,4857
"1241",2019-02-22,3617
"1242",2019-02-23,2617
"1243",2019-02-24,3438
"1244",2019-02-25,5161
"1245",2019-02-26,5564
"1246",2019-02-27,5120
"1247",2019-02-28,4635
"1248",2019-03-01,4355
"1249",2019-03-02,1808
"1250",2019-03-03,1839
"1251",2019-03-04,2654
"1252",2019-03-05,2836
"1253",2019-03-06,3967
"1254",2019-03-07,4645
"1255",2019-03-08,3561
"1256",2019-03-09,2879
"1257",2019-03-10,3961
"1258",2019-03-11,6281
"1259",2019-03-12,6669
"1260",2019-03-13,6873
"1261",2019-03-14,6225
"1262",2019-03-15,4722
"1263",2019-03-16,3172
"1264",2019-03-17,4492
"1265",2019-03-18,6680
"1266",2019-03-19,7125
"1267",2019-03-20,7311
"1268",2019-03-21,6500
"1269",2019-03-22,4734
"1270",2019-03-23,3353
"1271",2019-03-24,4506
"1272",2019-03-25,7698
"1273",2019-03-26,7958
"1274",2019-03-27,7779
"1275",2019-03-28,7581
"1276",2019-03-29,5693
"1277",2019-03-30,4172
"1278",2019-03-31,5177
"1279",2019-04-01,7237
"1280",2019-04-02,8403
"1281",2019-04-03,7748
"1282",2019-04-04,7376
"1283",2019-04-05,5483
"1284",2019-04-06,3073
"1285",2019-04-07,4326
"1286",2019-04-08,6838
"1287",2019-04-09,7441
"1288",2019-04-10,7336
"1289",2019-04-11,6797
"1290",2019-04-12,4659
"1291",2019-04-13,2789
"1292",2019-04-14,4068
"1293",2019-04-15,6379
"1294",2019-04-16,6451
"1295",2019-04-17,5105
"1296",2019-04-18,3184
"1297",2019-04-19,2074
"1298",2019-04-20,2463
"1299",2019-04-21,3032
"1300",2019-04-22,6343
"1301",2019-04-23,7170
"1302",2019-04-24,6516
"1303",2019-04-25,6479
"1304",2019-04-26,4830
"1305",2019-04-27,2579
"1306",2019-04-28,3543
"1307",2019-04-29,6332
"1308",2019-04-30,4999
"1309",2019-05-01,4286
"1310",2019-05-02,6274
"1311",2019-05-03,4940
"1312",2019-05-04,3122
"1313",2019-05-05,3978
"1314",2019-05-06,6846
"1315",2019-05-07,7850
"1316",2019-05-08,8080
"1317",2019-05-09,7373
"1318",2019-05-10,5196
"1319",2019-05-11,3036
"1320",2019-05-12,3888
"1321",2019-05-13,8348
"1322",2019-05-14,8486
"1323",2019-05-15,8827
"1324",2019-05-16,9077
"1325",2019-05-17,6771
"1326",2019-05-18,4059
"1327",2019-05-19,5918
"1328",2019-05-20,8518
"1329",2019-05-21,9362
"1330",2019-05-22,9544
"1331",2019-05-23,9742
"1332",2019-05-24,6964
"1333",2019-05-25,4172
"1334",2019-05-26,5607
"1335",2019-05-27,9532
"1336",2019-05-28,10336
"1337",2019-05-29,10378
"1338",2019-05-30,9604
"1339",2019-05-31,6827
"1340",2019-06-01,4275
"1341",2019-06-02,6560
"1342",2019-06-03,10186
"1343",2019-06-04,10786
"1344",2019-06-05,10917
"1345",2019-06-06,10429
"1346",2019-06-07,7033
"1347",2019-06-08,3549
"1348",2019-06-09,5085
"1349",2019-06-10,8739
"1350",2019-06-11,9088
"1351",2019-06-12,8459
"1352",2019-06-13,6994
"1353",2019-06-14,4609
"1354",2019-06-15,2924
"1355",2019-06-16,4358
"1356",2019-06-17,7022
"1357",2019-06-18,7151
"1358",2019-06-19,4923
"1359",2019-06-20,3068
"1360",2019-06-21,3022
"1361",2019-06-22,2445
"1362",2019-06-23,3279
"1363",2019-06-24,5489
"1364",2019-06-25,5581
"1365",2019-06-26,5636
"1366",2019-06-27,5224
"1367",2019-06-28,5420
"1368",2019-06-29,3179
"1369",2019-06-30,3133
"1370",2019-07-01,4504
"1371",2019-07-02,4837
"1372",2019-07-03,4266
"1373",2019-07-04,4360
"1374",2019-07-05,2949
"1375",2019-07-06,1759
"1376",2019-07-07,2896
"1377",2019-07-08,4405
"1378",2019-07-09,4122
"1379",2019-07-10,4435
"1380",2019-07-11,3750
"1381",2019-07-12,2786
"1382",2019-07-13,1444
"1383",2019-07-14,2174
"1384",2019-07-15,3207
"1385",2019-07-16,3321
"1386",2019-07-17,3321
"1387",2019-07-18,2939
"1388",2019-07-19,2324
"1389",2019-07-20,1564
"1390",2019-07-21,1883
"1391",2019-07-22,3364
"1392",2019-07-23,3435
"1393",2019-07-24,3639
"1394",2019-07-25,3436
"1395",2019-07-26,2980
"1396",2019-07-27,2200
"1397",2019-07-28,2626
"1398",2019-07-29,4214
"1399",2019-07-30,4997
"1400",2019-07-31,5481
"1401",2019-08-01,6169
"1402",2019-08-02,5046
"1403",2019-08-03,4468
"1404",2019-08-04,4426
"1405",2019-08-05,7489
"1406",2019-08-06,9208
"1407",2019-08-07,12303
"1408",2019-08-08,10722
"1409",2019-08-09,6867
"1410",2019-08-10,4180
"1411",2019-08-11,4982
"1412",2019-08-12,10778
"1413",2019-08-13,11823
"1414",2019-08-14,11954
"1415",2019-08-15,10787
"1416",2019-08-16,8146
"1417",2019-08-17,4389
"1418",2019-08-18,5683
"1419",2019-08-19,11135
"1420",2019-08-20,14044
"1421",2019-08-21,15784
"1422",2019-08-22,14153
"1423",2019-08-23,10705
"1424",2019-08-24,7055
"1425",2019-08-25,7440
"1426",2019-08-26,11707
"1427",2019-08-27,12596
"1428",2019-08-28,11674
"1429",2019-08-29,11229
"1430",2019-08-30,7524
"1431",2019-08-31,4418
"1432",2019-09-01,6122
"1433",2019-09-02,9454
"1434",2019-09-03,10704
"1435",2019-09-04,10231
"1436",2019-09-05,9107
"1437",2019-09-06,5958
"1438",2019-09-07,3452
"1439",2019-09-08,5125
"1440",2019-09-09,9558
"1441",2019-09-10,9888
"1442",2019-09-11,10547
"1443",2019-09-12,9470
"1444",2019-09-13,7202
"1445",2019-09-14,3950
"1446",2019-09-15,5486
"1447",2019-09-16,9867
"1448",2019-09-17,10683
"1449",2019-09-18,11171
"1450",2019-09-19,10735
"1451",2019-09-20,9301
"1452",2019-09-21,5392
"1453",2019-09-22,6997
"1454",2019-09-23,11276
"1455",2019-09-24,12743
"1456",2019-09-25,12903
"1457",2019-09-26,11430
"1458",2019-09-27,8993
"1459",2019-09-28,4912
"1460",2019-09-29,6114
"1461",2019-09-30,9342
"1462",2019-10-01,9529
"1463",2019-10-02,9447
"1464",2019-10-03,8916
"1465",2019-10-04,6333
"1466",2019-10-05,3588
"1467",2019-10-06,4868
"1468",2019-10-07,8484
"1469",2019-10-08,8745
"1470",2019-10-09,8656
"1471",2019-10-10,7753
"1472",2019-10-11,5358
"1473",2019-10-12,2511
"1474",2019-10-13,3324
"1475",2019-10-14,5063
"1476",2019-10-15,5886
"1477",2019-10-16,7653
"1478",2019-10-17,7861
"1479",2019-10-18,6150
"1480",2019-10-19,3919
"1481",2019-10-20,5292
"1482",2019-10-21,8853
"1483",2019-10-22,9942
"1484",2019-10-23,9584
"1485",2019-10-24,8806
"1486",2019-10-25,6563
"1487",2019-10-26,3679
"1488",2019-10-27,4540
"1489",2019-10-28,8898
"1490",2019-10-29,12184
"1491",2019-10-30,10447
"1492",2019-10-31,9216
"1493",2019-11-01,6733
"1494",2019-11-02,4627
"1495",2019-11-03,6921
"1496",2019-11-04,10953
"1497",2019-11-05,11752
"1498",2019-11-06,11077
"1499",2019-11-07,10197
"1500",2019-11-08,7400
"1501",2019-11-09,4083
"1502",2019-11-10,6288
"1503",2019-11-11,12255
"1504",2019-11-12,18378
"1505",2019-11-13,18867
"1506",2019-11-14,10040
"1507",2019-11-15,3779
"1508",2019-11-16,3606
"1509",2019-11-17,5962
"1510",2019-11-18,10863
"1511",2019-11-19,10435
"1512",2019-11-20,9977
"1513",2019-11-21,10983
"1514",2019-11-22,7812
"1515",2019-11-23,3588
"1516",2019-11-24,5399
"1517",2019-11-25,10120
"1518",2019-11-26,10541
"1519",2019-11-27,9510
"1520",2019-11-28,8771
"1521",2019-11-29,5990
"1522",2019-11-30,2796
"1523",2019-12-01,3897
"1524",2019-12-02,7320
"1525",2019-12-03,8424
"1526",2019-12-04,8000
"1527",2019-12-05,7082
"1528",2019-12-06,5361
"1529",2019-12-07,2535
"1530",2019-12-08,3257
"1531",2019-12-09,5634
"1532",2019-12-10,5870
"1533",2019-12-11,5982
"1534",2019-12-12,5300
"1535",2019-12-13,3667
"1536",2019-12-14,2221
"1537",2019-12-15,2607
"1538",2019-12-16,3581
"1539",2019-12-17,4736
"1540",2019-12-18,4379
"1541",2019-12-19,2593
"1542",2019-12-20,1544
"1543",2019-12-21,943
"1544",2019-12-22,1015
"1545",2019-12-23,1223
"1546",2019-12-24,750
"1547",2019-12-25,844
"1548",2019-12-26,1271
"1549",2019-12-27,1213
"1550",2019-12-28,1170
"1551",2019-12-29,1034
"1552",2019-12-30,1165
"1553",2019-12-31,975
"1554",2020-01-01,950
"1555",2020-01-02,1608
"1556",2020-01-03,1907
"1557",2020-01-04,1750
"1558",2020-01-05,1780
"1559",2020-01-06,2507
"1560",2020-01-07,2477
"1561",2020-01-08,2487
"1562",2020-01-09,2539
"1563",2020-01-10,1963
"1564",2020-01-11,1703
"1565",2020-01-12,1810
"1566",2020-01-13,2785
"1567",2020-01-14,2611
"1568",2020-01-15,2667
"1569",2020-01-16,2749
"1570",2020-01-17,2068
"1571",2020-01-18,1444
"1572",2020-01-19,1902
"1573",2020-01-20,2361
"1574",2020-01-21,2911
"1575",2020-01-22,2602
"1576",2020-01-23,2881
"1577",2020-01-24,2316
"1578",2020-01-25,1482
"1579",2020-01-26,1576
"1580",2020-01-27,2565
"1581",2020-01-28,2693
"1582",2020-01-29,2662
"1583",2020-01-30,2627
"1584",2020-01-31,1981
"1585",2020-02-01,1346
"1586",2020-02-02,1657
"1587",2020-02-03,2427
"1588",2020-02-04,2916
"1589",2020-02-05,3175
"1590",2020-02-06,3181
"1591",2020-02-07,2603
"1592",2020-02-08,1945
"1593",2020-02-09,2451
"1594",2020-02-10,3804
"1595",2020-02-11,4501
"1596",2020-02-12,4847
"1597",2020-02-13,5166
"1598",2020-02-14,4138
"1599",2020-02-15,2407
"1600",2020-02-16,3382
"1601",2020-02-17,5254
"1602",2020-02-18,5643
"1603",2020-02-19,5633
"1604",2020-02-20,4999
"1605",2020-02-21,3446
"1606",2020-02-22,2093
"1607",2020-02-23,1875
"1608",2020-02-24,2626
"1609",2020-02-25,3004
"1610",2020-02-26,4324
"1611",2020-02-27,5073
"1612",2020-02-28,3936
"1613",2020-02-29,3025
"1614",2020-03-01,4566
"1615",2020-03-02,6283
"1616",2020-03-03,6676
"1617",2020-03-04,7477
"1618",2020-03-05,6736
"1619",2020-03-06,4883
"1620",2020-03-07,3300
"1621",2020-03-08,4944
"1622",2020-03-09,7373
"1623",2020-03-10,8237
"1624",2020-03-11,8050
"1625",2020-03-12,7797
"1626",2020-03-13,5352
"1627",2020-03-14,3640
"1628",2020-03-15,4663
"1629",2020-03-16,6349
"1630",2020-03-17,5738
"1631",2020-03-18,5605
"1632",2020-03-19,5922
"1633",2020-03-20,5105
"1634",2020-03-21,3200
"1635",2020-03-22,3044
"1636",2020-03-23,4790
"1637",2020-03-24,5450
"1638",2020-03-25,5442
"1639",2020-03-26,5681
"1640",2020-03-27,4979
"1641",2020-03-28,3869
"1642",2020-03-29,3245
"1643",2020-03-30,4486
"1644",2020-03-31,4453
"1645",2020-04-01,4072
"1646",2020-04-02,4112
"1647",2020-04-03,3560
"1648",2020-04-04,2335
"1649",2020-04-05,2274
"1650",2020-04-06,3856
"1651",2020-04-07,3704
"1652",2020-04-08,3800
"1653",2020-04-09,4721
"1654",2020-04-10,2518
"1655",2020-04-11,2516
"1656",2020-04-12,2203
"1657",2020-04-13,3942
"1658",2020-04-14,4677
"1659",2020-04-15,5033
"1660",2020-04-16,5166
"1661",2020-04-17,4667
"1662",2020-04-18,2740
"1663",2020-04-19,2957
"1664",2020-04-20,4799
"1665",2020-04-21,4526
"1666",2020-04-22,5573
"1667",2020-04-23,5912
"1668",2020-04-24,4689
"1669",2020-04-25,2883
"1670",2020-04-26,3100
"1671",2020-04-27,5960
"1672",2020-04-28,6027
"1673",2020-04-29,6084
"1674",2020-04-30,5489
"1675",2020-05-01,3101
"1676",2020-05-02,2539
"1677",2020-05-03,2897
"1678",2020-05-04,5810
"1679",2020-05-05,6116
"1680",2020-05-06,6513
"1681",2020-05-07,6724
"1682",2020-05-08,5590
"1683",2020-05-09,2948
"1684",2020-05-10,3014
"1685",2020-05-11,6327
"1686",2020-05-12,6970
"1687",2020-05-13,7143
"1688",2020-05-14,7055
"1689",2020-05-15,6227
"1690",2020-05-16,3159
"1691",2020-05-17,3189
"1692",2020-05-18,6427
"1693",2020-05-19,7035
"1694",2020-05-20,7321
"1695",2020-05-21,8033
"1696",2020-05-22,6106
"1697",2020-05-23,3132
"1698",2020-05-24,3340
"1699",2020-05-25,6525
"1700",2020-05-26,6708
"1701",2020-05-27,7094
"1702",2020-05-28,7058
"1703",2020-05-29,5978
"1704",2020-05-30,2826
"1705",2020-05-31,2893
"1706",2020-06-01,5977
"1707",2020-06-02,6804
"1708",2020-06-03,6925
"1709",2020-06-04,7629
"1710",2020-06-05,6890
"1711",2020-06-06,3138
"1712",2020-06-07,3113
"1713",2020-06-08,6673
"1714",2020-06-09,7418
"1715",2020-06-10,5617
"1716",2020-06-11,4948
"1717",2020-06-12,5443
"1718",2020-06-13,2899
"1719",2020-06-14,3295
"1720",2020-06-15,6699
"1721",2020-06-16,7080
"1722",2020-06-17,7570
"1723",2020-06-18,6972
"1724",2020-06-19,5874
"1725",2020-06-20,2855
"1726",2020-06-21,3156
"1727",2020-06-22,6230
"1728",2020-06-23,5774
"1729",2020-06-24,5627
"1730",2020-06-25,5757
"1731",2020-06-26,4563
"1732",2020-06-27,2357
"1733",2020-06-28,2282
"1734",2020-06-29,4266
"1735",2020-06-30,4209
"1736",2020-07-01,4263
"1737",2020-07-02,3968
"1738",2020-07-03,3479
"1739",2020-07-04,1715
"1740",2020-07-05,1990
"1741",2020-07-06,3876
"1742",2020-07-07,4005
"1743",2020-07-08,4073
"1744",2020-07-09,4026
"1745",2020-07-10,3282
"1746",2020-07-11,1823
"1747",2020-07-12,1683
"1748",2020-07-13,3574
"1749",2020-07-14,3873
"1750",2020-07-15,3607
"1751",2020-07-16,3551
"1752",2020-07-17,3585
"1753",2020-07-18,1658
"1754",2020-07-19,1978
"1755",2020-07-20,3524
"1756",2020-07-21,3855
"1757",2020-07-22,3654
"1758",2020-07-23,3556
"1759",2020-07-24,3020
"1760",2020-07-25,1788
"1761",2020-07-26,1712
"1762",2020-07-27,3271
"1763",2020-07-28,3517
"1764",2020-07-29,3772
"1765",2020-07-30,3425
"1766",2020-07-31,2880
"1767",2020-08-01,1560
"1768",2020-08-02,1428
"1769",2020-08-03,3148
"1770",2020-08-04,3356
"1771",2020-08-05,3628
"1772",2020-08-06,3465
"1773",2020-08-07,3061
"1774",2020-08-08,1455
"1775",2020-08-09,1248
"1776",2020-08-10,3354
"1777",2020-08-11,3747
"1778",2020-08-12,4409
"1779",2020-08-13,3883
"1780",2020-08-14,3544
"1781",2020-08-15,1837
"1782",2020-08-16,1703
"1783",2020-08-17,3779
"1784",2020-08-18,4127
"1785",2020-08-19,4225
"1786",2020-08-20,4292
"1787",2020-08-21,3751
"1788",2020-08-22,1981
"1789",2020-08-23,1852
"1790",2020-08-24,4323
"1791",2020-08-25,4320
"1792",2020-08-26,4189
"1793",2020-08-27,4287
"1794",2020-08-28,3481
"1795",2020-08-29,1888
"1796",2020-08-30,1840
"1797",2020-08-31,4219
"1798",2020-09-01,4337
"1799",2020-09-02,4539
"1800",2020-09-03,4155
"1801",2020-09-04,3391
"1802",2020-09-05,1721
"1803",2020-09-06,1433
"1804",2020-09-07,2340
"1805",2020-09-08,3854
"1806",2020-09-09,4123
"1807",2020-09-10,4060
"1808",2020-09-11,3646
"1809",2020-09-12,1989
"1810",2020-09-13,2010
"1811",2020-09-14,4309
"1812",2020-09-15,4754
"1813",2020-09-16,4691
"1814",2020-09-17,4648
"1815",2020-09-18,4139
"1816",2020-09-19,2240
"1817",2020-09-20,2520
"1818",2020-09-21,5014
"1819",2020-09-22,5735
"1820",2020-09-23,5266
"1821",2020-09-24,5142
"1822",2020-09-25,4194
"1823",2020-09-26,2289
"1824",2020-09-27,2218
"1825",2020-09-28,5011
"1826",2020-09-29,5544
"1827",2020-09-30,6240
"1828",2020-10-01,5231
"1829",2020-10-02,4317
"1830",2020-10-03,2611
"1831",2020-10-04,2538
"1832",2020-10-05,5008
"1833",2020-10-06,5762
"1834",2020-10-07,6629
"1835",2020-10-08,5970
"1836",2020-10-09,4608
"1837",2020-10-10,2353
"1838",2020-10-11,1992
"1839",2020-10-12,2646
"1840",2020-10-13,4405
"1841",2020-10-14,4611
"1842",2020-10-15,4513
"1843",2020-10-16,3786
"1844",2020-10-17,2186
"1845",2020-10-18,2459
"1846",2020-10-19,4899
"1847",2020-10-20,5442
"1848",2020-10-21,5425
"1849",2020-10-22,5430
"1850",2020-10-23,4628
"1851",2020-10-24,2636
"1852",2020-10-25,2830
"1853",2020-10-26,5544
"1854",2020-10-27,5872
"1855",2020-10-28,5633
"1856",2020-10-29,5845
"1857",2020-10-30,4496
"1858",2020-10-31,2669
"1859",2020-11-01,2737
"1860",2020-11-02,3634
"1861",2020-11-03,5503
"1862",2020-11-04,7306
"1863",2020-11-05,8303
"1864",2020-11-06,6194
"1865",2020-11-07,4080
"1866",2020-11-08,3960
"1867",2020-11-09,6066
"1868",2020-11-10,6053
"1869",2020-11-11,5760
"1870",2020-11-12,5882
"1871",2020-11-13,4672
"1872",2020-11-14,2674
"1873",2020-11-15,2536
"1874",2020-11-16,5463
"1875",2020-11-17,6027
"1876",2020-11-18,6318
"1877",2020-11-19,6302
"1878",2020-11-20,4691
"1879",2020-11-21,2689
"1880",2020-11-22,3022
"1881",2020-11-23,6330
"1882",2020-11-24,6566
"1883",2020-11-25,6669
"1884",2020-11-26,6410
"1885",2020-11-27,5471
"1886",2020-11-28,2986
"1887",2020-11-29,2738
"1888",2020-11-30,6344
"1889",2020-12-01,5473
"1890",2020-12-02,5482
"1891",2020-12-03,5653
"1892",2020-12-04,3886
"1893",2020-12-05,2293
"1894",2020-12-06,2563
"1895",2020-12-07,4364
"1896",2020-12-08,4383
"1897",2020-12-09,4575
"1898",2020-12-10,4491
"1899",2020-12-11,3555
"1900",2020-12-12,2481
"1901",2020-12-13,2725
"1902",2020-12-14,3922
"1903",2020-12-15,3951
"1904",2020-12-16,3429
"1905",2020-12-17,3121
"1906",2020-12-18,2455
"1907",2020-12-19,1360
"1908",2020-12-20,1327
"1909",2020-12-21,1895
"1910",2020-12-22,1720
"1911",2020-12-23,1316
"1912",2020-12-24,704
"1913",2020-12-25,588
"1914",2020-12-26,845
"1915",2020-12-27,1028
"1916",2020-12-28,1424
"1917",2020-12-29,1373
"1918",2020-12-30,1162
"1919",2020-12-31,670
"1920",2021-01-01,640
"1921",2021-01-02,1040
"1922",2021-01-03,1268
"1923",2021-01-04,1770
"1924",2021-01-05,1907
"1925",2021-01-06,2042
"1926",2021-01-07,1942
"1927",2021-01-08,1741
"1928",2021-01-09,1514
"1929",2021-01-10,1627
"1930",2021-01-11,2105
"1931",2021-01-12,2124
"1932",2021-01-13,2179
"1933",2021-01-14,2102
"1934",2021-01-15,1680
"1935",2021-01-16,1375
"1936",2021-01-17,1415
"1937",2021-01-18,1845
"1938",2021-01-19,2045
"1939",2021-01-20,3076
"1940",2021-01-21,4026
"1941",2021-01-22,2000
"1942",2021-01-23,1461
"1943",2021-01-24,1751
"1944",2021-01-25,2071
"1945",2021-01-26,2145
"1946",2021-01-27,2081
"1947",2021-01-28,1923
"1948",2021-01-29,1752
"1949",2021-01-30,1233
"1950",2021-01-31,1357
"1951",2021-02-01,1954
"1952",2021-02-02,1874
"1953",2021-02-03,2025
"1954",2021-02-04,1822
"1955",2021-02-05,1626
"1956",2021-02-06,1231
"1957",2021-02-07,1365
"1958",2021-02-08,2429
"1959",2021-02-09,2798
"1960",2021-02-10,3236
"1961",2021-02-11,3080
"1962",2021-02-12,2560
"1963",2021-02-13,1436
"1964",2021-02-14,1350
"1965",2021-02-15,2730
"1966",2021-02-16,2802
"1967",2021-02-17,3051
"1968",2021-02-18,3473
"1969",2021-02-19,3161
"1970",2021-02-20,2078
"1971",2021-02-21,2158
"1972",2021-02-22,3563
"1973",2021-02-23,3592
"1974",2021-02-24,3845
"1975",2021-02-25,3699
"1976",2021-02-26,3511
"1977",2021-02-27,1976
"1978",2021-02-28,1963
"1979",2021-03-01,3688
"1980",2021-03-02,3613
"1981",2021-03-03,3563
"1982",2021-03-04,3629
"1983",2021-03-05,3329
"1984",2021-03-06,1819
"1985",2021-03-07,2008
"1986",2021-03-08,3693
"1987",2021-03-09,4036
"1988",2021-03-10,4095
"1989",2021-03-11,4186
"1990",2021-03-12,3804
"1991",2021-03-13,2028
"1992",2021-03-14,2270
"1993",2021-03-15,4250
"1994",2021-03-16,4250
"1995",2021-03-17,4316
"1996",2021-03-18,4481
"1997",2021-03-19,3624
"1998",2021-03-20,2006
"1999",2021-03-21,2256
"2000",2021-03-22,4026
"2001",2021-03-23,4046
"2002",2021-03-24,3966
"2003",2021-03-25,3836
"2004",2021-03-26,3264
"2005",2021-03-27,3421
"2006",2021-03-28,1959
"2007",2021-03-29,2950
"2008",2021-03-30,3144
"2009",2021-03-31,2622
"2010",2021-04-01,2204
"2011",2021-04-02,1267
"2012",2021-04-03,1527
"2013",2021-04-04,1578
"2014",2021-04-05,3367
"2015",2021-04-06,3655
"2016",2021-04-07,3775
"2017",2021-04-08,3900
"2018",2021-04-09,3449
"2019",2021-04-10,1909
"2020",2021-04-11,2024
"2021",2021-04-12,4247
"2022",2021-04-13,4373
"2023",2021-04-14,4682
"2024",2021-04-15,4320
"2025",2021-04-16,3403
"2026",2021-04-17,1875
"2027",2021-04-18,2040
"2028",2021-04-19,3960
"2029",2021-04-20,4484
"2030",2021-04-21,3624
"2031",2021-04-22,5256
"2032",2021-04-23,4459
"2033",2021-04-24,2509
"2034",2021-04-25,2540
"2035",2021-04-26,4643
"2036",2021-04-27,4602
"2037",2021-04-28,4946
"2038",2021-04-29,4754
"2039",2021-04-30,3893
"2040",2021-05-01,1855
"2041",2021-05-02,2300
"2042",2021-05-03,4298
"2043",2021-05-04,4504
"2044",2021-05-05,4157
"2045",2021-05-06,4160
"2046",2021-05-07,3511
"2047",2021-05-08,1937
"2048",2021-05-09,1962
"2049",2021-05-10,4086
"2050",2021-05-11,4395
"2051",2021-05-12,4367
"2052",2021-05-13,4383
"2053",2021-05-14,3649
"2054",2021-05-15,2342
"2055",2021-05-16,2411
"2056",2021-05-17,4260
"2057",2021-05-18,4645
"2058",2021-05-19,4739
"2059",2021-05-20,4601
"2060",2021-05-21,3751
"2061",2021-05-22,2233
"2062",2021-05-23,2334
"2063",2021-05-24,4194
"2064",2021-05-25,4538
"2065",2021-05-26,4658
"2066",2021-05-27,4410
"2067",2021-05-28,3852
"2068",2021-05-29,2391
"2069",2021-05-30,2595
"2070",2021-05-31,4755
"2071",2021-06-01,4555
"2072",2021-06-02,4120
"2073",2021-06-03,3029
"2074",2021-06-04,3484
"2075",2021-06-05,2047
"2076",2021-06-06,2319
"2077",2021-06-07,4424
"2078",2021-06-08,4667
"2079",2021-06-09,4160
"2080",2021-06-10,3908
"2081",2021-06-11,3547
"2082",2021-06-12,2252
"2083",2021-06-13,2289
"2084",2021-06-14,4005
"2085",2021-06-15,4000
"2086",2021-06-16,3760
"2087",2021-06-17,3731
"2088",2021-06-18,2942
"2089",2021-06-19,1689
"2090",2021-06-20,1689
"2091",2021-06-21,3019
"2092",2021-06-22,3004
"2093",2021-06-23,2673
"2094",2021-06-24,2642
"2095",2021-06-25,2271
"2096",2021-06-26,1233
"2097",2021-06-27,1200
"2098",2021-06-28,2563
"2099",2021-06-29,2699
"2100",2021-06-30,3110
"2101",2021-07-01,3132
"2102",2021-07-02,2634
"2103",2021-07-03,1599
"2104",2021-07-04,1589
"2105",2021-07-05,2964
"2106",2021-07-06,2699
"2107",2021-07-07,2764
"2108",2021-07-08,2497
"2109",2021-07-09,2096
"2110",2021-07-10,1215
"2111",2021-07-11,1396
"2112",2021-07-12,2312
"2113",2021-07-13,2187
"2114",2021-07-14,2149
"2115",2021-07-15,2087
"2116",2021-07-16,1832
"2117",2021-07-17,1412
"2118",2021-07-18,1372
"2119",2021-07-19,2274
"2120",2021-07-20,2381
"2121",2021-07-21,2315
"2122",2021-07-22,2330
"2123",2021-07-23,1893
"2124",2021-07-24,1449
"2125",2021-07-25,1453
"2126",2021-07-26,2074
"2127",2021-07-27,2292
"2128",2021-07-28,3000
"2129",2021-07-29,3172
"2130",2021-07-30,2644
"2131",2021-07-31,1711
"2132",2021-08-01,2206
"2133",2021-08-02,2693
"2134",2021-08-03,2793
"2135",2021-08-04,3081
"2136",2021-08-05,2882
"2137",2021-08-06,2686
"2138",2021-08-07,1667
"2139",2021-08-08,1637
"2140",2021-08-09,4572
"2141",2021-08-10,5464
"2142",2021-08-11,4190
"2143",2021-08-12,4363
"2144",2021-08-13,3706
"2145",2021-08-14,2409
"2146",2021-08-15,2299
"2147",2021-08-16,3833
"2148",2021-08-17,4119
"2149",2021-08-18,5128
"2150",2021-08-19,4011
"2151",2021-08-20,3128
"2152",2021-08-21,2004
"2153",2021-08-22,2366
"2154",2021-08-23,3866
"2155",2021-08-24,3897
"2156",2021-08-25,3758
"2157",2021-08-26,3829
"2158",2021-08-27,3401
"2159",2021-08-28,2003
"2160",2021-08-29,2015
"2161",2021-08-30,3678
"2162",2021-08-31,3924
"2163",2021-09-01,4102
"2164",2021-09-02,3586
"2165",2021-09-03,3257
"2166",2021-09-04,1903
"2167",2021-09-05,1733
"2168",2021-09-06,2442
"2169",2021-09-07,2256
"2170",2021-09-08,3298
"2171",2021-09-09,3513
"2172",2021-09-10,2713
"2173",2021-09-11,2133
"2174",2021-09-12,1990
"2175",2021-09-13,3647
"2176",2021-09-14,3757
"2177",2021-09-15,3628
"2178",2021-09-16,3691
"2179",2021-09-17,3157
"2180",2021-09-18,1888
"2181",2021-09-19,1908
"2182",2021-09-20,3862
"2183",2021-09-21,4097
"2184",2021-09-22,5130
"2185",2021-09-23,4460
"2186",2021-09-24,3748
"2187",2021-09-25,2490
"2188",2021-09-26,2651
"2189",2021-09-27,4034
"2190",2021-09-28,4397
"2191",2021-09-29,4645
"2192",2021-09-30,4379
"2193",2021-10-01,3327
"2194",2021-10-02,2355
"2195",2021-10-03,2712
"2196",2021-10-04,3639
"2197",2021-10-05,4114
"2198",2021-10-06,4127
"2199",2021-10-07,3797
"2200",2021-10-08,2737
"2201",2021-10-09,1832
"2202",2021-10-10,1991
"2203",2021-10-11,2576
"2204",2021-10-12,2638
"2205",2021-10-13,3337
"2206",2021-10-14,3162
"2207",2021-10-15,2625
"2208",2021-10-16,1922
"2209",2021-10-17,2618
"2210",2021-10-18,4096
"2211",2021-10-19,4390
"2212",2021-10-20,4144
"2213",2021-10-21,3798
"2214",2021-10-22,3382
"2215",2021-10-23,3572
"2216",2021-10-24,3332
"2217",2021-10-25,4104
"2218",2021-10-26,4222
"2219",2021-10-27,4329
"2220",2021-10-28,4176
"2221",2021-10-29,3992
"2222",2021-10-30,3223
"2223",2021-10-31,3026
"2224",2021-11-01,5743
"2225",2021-11-02,4455
"2226",2021-11-03,4325
"2227",2021-11-04,4414
"2228",2021-11-05,3595
"2229",2021-11-06,2064
"2230",2021-11-07,2514
"2231",2021-11-08,4583
"2232",2021-11-09,4544
"2233",2021-11-10,4511
"2234",2021-11-11,4240
"2235",2021-11-12,3253
"2236",2021-11-13,1901
"2237",2021-11-14,2247
"2238",2021-11-15,3450
"2239",2021-11-16,4384
"2240",2021-11-17,4461
"2241",2021-11-18,4533
"2242",2021-11-19,3519
"2243",2021-11-20,2085
"2244",2021-11-21,2547
"2245",2021-11-22,4367
"2246",2021-11-23,5063
"2247",2021-11-24,4751
"2248",2021-11-25,4052
"2249",2021-11-26,3263
"2250",2021-11-27,1636
"2251",2021-11-28,2227
"2252",2021-11-29,3643
"2253",2021-11-30,3820
"2254",2021-12-01,3659
"2255",2021-12-02,3434
"2256",2021-12-03,2824
"2257",2021-12-04,1508
"2258",2021-12-05,1906
"2259",2021-12-06,2638
"2260",2021-12-07,2539
"2261",2021-12-08,2413
"2262",2021-12-09,2253
"2263",2021-12-10,1962
"2264",2021-12-11,987
"2265",2021-12-12,1289
"2266",2021-12-13,1939
"2267",2021-12-14,1918
"2268",2021-12-15,1799
"2269",2021-12-16,1603
"2270",2021-12-17,1105
"2271",2021-12-18,663
"2272",2021-12-19,697
"2273",2021-12-20,1004
"2274",2021-12-21,951
"2275",2021-12-22,909
"2276",2021-12-23,631
"2277",2021-12-24,391
"2278",2021-12-25,341
"2279",2021-12-26,546
"2280",2021-12-27,770
"2281",2021-12-28,923
"2282",2021-12-29,814
"2283",2021-12-30,636
"2284",2021-12-31,494
"2285",2022-01-01,416
"2286",2022-01-02,716
"2287",2022-01-03,830
"2288",2022-01-04,1050
"2289",2022-01-05,1012
"2290",2022-01-06,940
"2291",2022-01-07,925
"2292",2022-01-08,770
"2293",2022-01-09,1409
"2294",2022-01-10,1214
"2295",2022-01-11,1156
"2296",2022-01-12,1191
"2297",2022-01-13,1186
"2298",2022-01-14,1150
"2299",2022-01-15,810
"2300",2022-01-16,996
"2301",2022-01-17,1267
"2302",2022-01-18,1217
"2303",2022-01-19,1453
"2304",2022-01-20,1273
"2305",2022-01-21,1132
"2306",2022-01-22,778
"2307",2022-01-23,1099
"2308",2022-01-24,1287
"2309",2022-01-25,1539
"2310",2022-01-26,1462
"2311",2022-01-27,1661
"2312",2022-01-28,1486
"2313",2022-01-29,1076
"2314",2022-01-30,1319
"2315",2022-01-31,1519
"2316",2022-02-01,1608
"2317",2022-02-02,1553
"2318",2022-02-03,1578
"2319",2022-02-04,1307
"2320",2022-02-05,822
"2321",2022-02-06,1004
"2322",2022-02-07,1618
"2323",2022-02-08,1716
"2324",2022-02-09,2197
"2325",2022-02-10,2003
"2326",2022-02-11,1517
"2327",2022-02-12,962
"2328",2022-02-13,1244
"2329",2022-02-14,2022
"2330",2022-02-15,2155
"2331",2022-02-16,2341
"2332",2022-02-17,2270
"2333",2022-02-18,1893
"2334",2022-02-19,1096
"2335",2022-02-20,1409
"2336",2022-02-21,2280
"2337",2022-02-22,2414
"2338",2022-02-23,2451
"2339",2022-02-24,2160
"2340",2022-02-25,1711
"2341",2022-02-26,918
"2342",2022-02-27,942
"2343",2022-02-28,1348
"2344",2022-03-01,1519
"2345",2022-03-02,1963
"2346",2022-03-03,2192
"2347",2022-03-04,1783
"2348",2022-03-05,1290
"2349",2022-03-06,1540
"2350",2022-03-07,2363
"2351",2022-03-08,2264
"2352",2022-03-09,2558
"2353",2022-03-10,2680
"2354",2022-03-11,2081
"2355",2022-03-12,1510
"2356",2022-03-13,1908
"2357",2022-03-14,2969
"2358",2022-03-15,3222
"2359",2022-03-16,3248
"2360",2022-03-17,3135
"2361",2022-03-18,2291
"2362",2022-03-19,1564
"2363",2022-03-20,2145
"2364",2022-03-21,3050
"2365",2022-03-22,3219
"2366",2022-03-23,3248
"2367",2022-03-24,3260
"2368",2022-03-25,2564
"2369",2022-03-26,2033
"2370",2022-03-27,2132
"2371",2022-03-28,2889
"2372",2022-03-29,3200
"2373",2022-03-30,3116
"2374",2022-03-31,2821
"2375",2022-04-01,2298
"2376",2022-04-02,1535
"2377",2022-04-03,1972
"2378",2022-04-04,2838
"2379",2022-04-05,2989
"2380",2022-04-06,2892
"2381",2022-04-07,2902
"2382",2022-04-08,2272
"2383",2022-04-09,1234
"2384",2022-04-10,1625
"2385",2022-04-11,2303
"2386",2022-04-12,2274
"2387",2022-04-13,1838
"2388",2022-04-14,1393
"2389",2022-04-15,1067
"2390",2022-04-16,1327
"2391",2022-04-17,1768
"2392",2022-04-18,2541
"2393",2022-04-19,2786
"2394",2022-04-20,2355
"2395",2022-04-21,2109
"2396",2022-04-22,11916
"2397",2022-04-23,1634
"2398",2022-04-24,1346
"2399",2022-04-25,2485
"2400",2022-04-26,2918
"2401",2022-04-27,2819
"2402",2022-04-28,2831
"2403",2022-04-29,2055
"2404",2022-04-30,1253
"2405",2022-05-01,1457
"2406",2022-05-02,2586
"2407",2022-05-03,2814
"2408",2022-05-04,2787
"2409",2022-05-05,2834
"2410",2022-05-06,2412
"2411",2022-05-07,1316
"2412",2022-05-08,1615
"2413",2022-05-09,3020
"2414",2022-05-10,3125
"2415",2022-05-11,3301
"2416",2022-05-12,3446
"2417",2022-05-13,2816
"2418",2022-05-14,1729
"2419",2022-05-15,2133
"2420",2022-05-16,3397
"2421",2022-05-17,3538
"2422",2022-05-18,3577
"2423",2022-05-19,3291
"2424",2022-05-20,2731
"2425",2022-05-21,1581
"2426",2022-05-22,2135
"2427",2022-05-23,3454
"2428",2022-05-24,3803
"2429",2022-05-25,3701
"2430",2022-05-26,3550
"2431",2022-05-27,2564
"2432",2022-05-28,1676
"2433",2022-05-29,2390
"2434",2022-05-30,3815
"2435",2022-05-31,3792
"2436",2022-06-01,3860
"2437",2022-06-02,3603
"2438",2022-06-03,2719
"2439",2022-06-04,1804
"2440",2022-06-05,2201
"2441",2022-06-06,3508
"2442",2022-06-07,3309
"2443",2022-06-08,3577
"2444",2022-06-09,3186
"2445",2022-06-10,2243
"2446",2022-06-11,1265
"2447",2022-06-12,1652
"2448",2022-06-13,2979
"2449",2022-06-14,3108
"2450",2022-06-15,2302
"2451",2022-06-16,1482
"2452",2022-06-17,1359
"2453",2022-06-18,1074
"2454",2022-06-19,1430
"2455",2022-06-20,2646
"2456",2022-06-21,2572
"2457",2022-06-22,2585
"2458",2022-06-23,2469
"2459",2022-06-24,1798
"2460",2022-06-25,1039
"2461",2022-06-26,1456
"2462",2022-06-27,2185
"2463",2022-06-28,2064
"2464",2022-06-29,1839
"2465",2022-06-30,1766
"2466",2022-07-01,1269
"2467",2022-07-02,770
"2468",2022-07-03,889
"2469",2022-07-04,1605
"2470",2022-07-05,1604
"2471",2022-07-06,1484
"2472",2022-07-07,1498
"2473",2022-07-08,1104
"2474",2022-07-09,912
"2475",2022-07-10,899
"2476",2022-07-11,1186
"2477",2022-07-12,1333
"2478",2022-07-13,1467
"2479",2022-07-14,1207
"2480",2022-07-15,987
"2481",2022-07-16,769
"2482",2022-07-17,772
"2483",2022-07-18,1356
"2484",2022-07-19,1834
"2485",2022-07-20,1444
"2486",2022-07-21,1225
"2487",2022-07-22,1057
"2488",2022-07-23,743
"2489",2022-07-24,774
"2490",2022-07-25,1237
"2491",2022-07-26,1251
"2492",2022-07-27,1220
"2493",2022-07-28,1209
"2494",2022-07-29,840
"2495",2022-07-30,675
"2496",2022-07-31,720
"2497",2022-08-01,1335
"2498",2022-08-02,1475
"2499",2022-08-03,1545
"2500",2022-08-04,1467
"2501",2022-08-05,1344
"2502",2022-08-06,708
"2503",2022-08-07,823
"2504",2022-08-08,1572
"2505",2022-08-09,1762
"2506",2022-08-10,1636
"2507",2022-08-11,1529
"2508",2022-08-12,1278
"2509",2022-08-13,740
"2510",2022-08-14,889
"2511",2022-08-15,1468
"2512",2022-08-16,1950
"2513",2022-08-17,2072
"2514",2022-08-18,1856
"2515",2022-08-19,1496
"2516",2022-08-20,945
"2517",2022-08-21,1117
"2518",2022-08-22,1847
"2519",2022-08-23,1851
"2520",2022-08-24,1934
"2521",2022-08-25,1775
"2522",2022-08-26,1395
"2523",2022-08-27,1014
"2524",2022-08-28,1195
"2525",2022-08-29,2156
"2526",2022-08-30,2244
"2527",2022-08-31,2333
"2528",2022-09-01,2074
"2529",2022-09-02,1564
"2530",2022-09-03,954
"2531",2022-09-04,1151
"2532",2022-09-05,1671
"2533",2022-09-06,1568
"2534",2022-09-07,1332
"2535",2022-09-08,1878
"2536",2022-09-09,1557
"2537",2022-09-10,963
"2538",2022-09-11,1150
"2539",2022-09-12,1963
"2540",2022-09-13,2282
"2541",2022-09-14,2111
"2542",2022-09-15,2020
"2543",2022-09-16,1804
"2544",2022-09-17,1071
"2545",2022-09-18,1250
"2546",2022-09-19,2066
"2547",2022-09-20,2248
"2548",2022-09-21,2459
"2549",2022-09-22,2196
"2550",2022-09-23,1596
"2551",2022-09-24,962
"2552",2022-09-25,1210
"2553",2022-09-26,2038
"2554",2022-09-27,2054
"2555",2022-09-28,2288
"2556",2022-09-29,2227
"2557",2022-09-30,1770
"2558",2022-10-01,834
"2559",2022-10-02,962
"2560",2022-10-03,1787
"2561",2022-10-04,2155
"2562",2022-10-05,1970
"2563",2022-10-06,2143
"2564",2022-10-07,1519
"2565",2022-10-08,895
"2566",2022-10-09,1091
"2567",2022-10-10,1803
"2568",2022-10-11,1696
"2569",2022-10-12,1408
"2570",2022-10-13,1682
"2571",2022-10-14,1448
"2572",2022-10-15,974
"2573",2022-10-16,1206
"2574",2022-10-17,2293
"2575",2022-10-18,2195
"2576",2022-10-19,2122
"2577",2022-10-20,2312
"2578",2022-10-21,1670
"2579",2022-10-22,1116
"2580",2022-10-23,1397
"2581",2022-10-24,2475
"2582",2022-10-25,2823
"2583",2022-10-26,2978
"2584",2022-10-27,2395
"2585",2022-10-28,1633
"2586",2022-10-29,1022
"2587",2022-10-30,1177
"2588",2022-10-31,2094
"2589",2022-11-01,2062
"2590",2022-11-02,2101
"2591",2022-11-03,3159
"2592",2022-11-04,2597
"2593",2022-11-05,1404
"2594",2022-11-06,2096
"2595",2022-11-07,3194
"2596",2022-11-08,3751
"2597",2022-11-09,3637
"2598",2022-11-10,3223
"2599",2022-11-11,2393
"2600",2022-11-12,1364
"2601",2022-11-13,1571
"2602",2022-11-14,2273
"2603",2022-11-15,2508
"2604",2022-11-16,3353
"2605",2022-11-17,3243
"2606",2022-11-18,2344
"2607",2022-11-19,1470
"2608",2022-11-20,1869
"2609",2022-11-21,2957
"2610",2022-11-22,3157
"2611",2022-11-23,3007
"2612",2022-11-24,2206
"2613",2022-11-25,2159
"2614",2022-11-26,1202
"2615",2022-11-27,1535
"2616",2022-11-28,2124
"2617",2022-11-29,2834
"2618",2022-11-30,2481
"2619",2022-12-01,2166
"2620",2022-12-02,1469
"2621",2022-12-03,1098
"2622",2022-12-04,1258
"2623",2022-12-05,1729
"2624",2022-12-06,2289
"2625",2022-12-07,2190
"2626",2022-12-08,1444
"2627",2022-12-09,1116
"2628",2022-12-10,800
"2629",2022-12-11,1125
"2630",2022-12-12,1942
"2631",2022-12-13,1894
"2632",2022-12-14,1700
"2633",2022-12-15,1323
"2634",2022-12-16,1010
"2635",2022-12-17,563
"2636",2022-12-18,598
"2637",2022-12-19,1004
"2638",2022-12-20,1011
"2639",2022-12-21,782
"2640",2022-12-22,764
"2641",2022-12-23,565
"2642",2022-12-24,419
"2643",2022-12-25,419
"2644",2022-12-26,825
"2645",2022-12-27,878
"2646",2022-12-28,834
"2647",2022-12-29,776
"2648",2022-12-30,625
"2649",2022-12-31,422
"2650",2023-01-01,365
"2651",2023-01-02,744
"2652",2023-01-03,947
"2653",2023-01-04,942
"2654",2023-01-05,1034
"2655",2023-01-06,1924
"2656",2023-01-07,1436
"2657",2023-01-08,1079
"2658",2023-01-09,1172
"2659",2023-01-10,1236
"2660",2023-01-11,1170
"2661",2023-01-12,1070
"2662",2023-01-13,865
"2663",2023-01-14,810
"2664",2023-01-15,845
"2665",2023-01-16,1129
"2666",2023-01-17,1555
"2667",2023-01-18,1491
"2668",2023-01-19,1386
"2669",2023-01-20,1032
"2670",2023-01-21,795
"2671",2023-01-22,699
"2672",2023-01-23,981
"2673",2023-01-24,1235
"2674",2023-01-25,1110
"2675",2023-01-26,1113
"2676",2023-01-27,950
"2677",2023-01-28,628
"2678",2023-01-29,667
"2679",2023-01-30,1033
"2680",2023-01-31,974
"2681",2023-02-01,1052
"2682",2023-02-02,1040
"2683",2023-02-03,891
"2684",2023-02-04,743
"2685",2023-02-05,847
"2686",2023-02-06,1509
"2687",2023-02-07,1458
"2688",2023-02-08,1480
"2689",2023-02-09,1404
"2690",2023-02-10,1160
"2691",2023-02-11,760
"2692",2023-02-12,1036
"2693",2023-02-13,1445
"2694",2023-02-14,1681
"2695",2023-02-15,1665
"2696",2023-02-16,1543
"2697",2023-02-17,1043
"2698",2023-02-18,642
"2699",2023-02-19,621
"2700",2023-02-20,894
"2701",2023-02-21,1092
"2702",2023-02-22,1550
"2703",2023-02-23,1700
"2704",2023-02-24,1504
"2705",2023-02-25,1033
"2706",2023-02-26,1321
"2707",2023-02-27,1868
"2708",2023-02-28,1928
"2709",2023-03-01,1882
"2710",2023-03-02,1851
"2711",2023-03-03,1623
"2712",2023-03-04,1124
"2713",2023-03-05,1484
"2714",2023-03-06,2053
"2715",2023-03-07,2214
"2716",2023-03-08,2157
"2717",2023-03-09,2049
"2718",2023-03-10,1865
"2719",2023-03-11,1251
"2720",2023-03-12,1636
"2721",2023-03-13,2306
"2722",2023-03-14,2324
"2723",2023-03-15,2489
"2724",2023-03-16,2246
"2725",2023-03-17,1818
"2726",2023-03-18,1154
"2727",2023-03-19,1469
"2728",2023-03-20,2556
"2729",2023-03-21,2314
"2730",2023-03-22,2283
"2731",2023-03-23,2421
"2732",2023-03-24,1980
"2733",2023-03-25,1521
"2734",2023-03-26,1478
"2735",2023-03-27,2250
"2736",2023-03-28,2309
"2737",2023-03-29,2337
"2738",2023-03-30,1985
"2739",2023-03-31,1575
"2740",2023-04-01,997
"2741",2023-04-02,1253
"2742",2023-04-03,1781
"2743",2023-04-04,1746
"2744",2023-04-05,1375
"2745",2023-04-06,1048
"2746",2023-04-07,953
"2747",2023-04-08,938
"2748",2023-04-09,946
"2749",2023-04-10,1593
"2750",2023-04-11,1705
"2751",2023-04-12,1788
"2752",2023-04-13,1783
"2753",2023-04-14,1416
"2754",2023-04-15,956
"2755",2023-04-16,1067
"2756",2023-04-17,1822
"2757",2023-04-18,2133
"2758",2023-04-19,1912
"2759",2023-04-20,1687
"2760",2023-04-21,1726
"2761",2023-04-22,15262
"2762",2023-04-23,1957
"2763",2023-04-24,2118
"2764",2023-04-25,2050
"2765",2023-04-26,2230
"2766",2023-04-27,2268
"2767",2023-04-28,1534
"2768",2023-04-29,956
"2769",2023-04-30,909
"2770",2023-05-01,1445
"2771",2023-05-02,2248
"2772",2023-05-03,2513
"2773",2023-05-04,2411
"2774",2023-05-05,1859
"2775",2023-05-06,1016
"2776",2023-05-07,1291
"2777",2023-05-08,2270
"2778",2023-05-09,2495
"2779",2023-05-10,2528
"2780",2023-05-11,2526
"2781",2023-05-12,1958
"2782",2023-05-13,1332
"2783",2023-05-14,1293
"2784",2023-05-15,2581
"2785",2023-05-16,2999
"2786",2023-05-17,2746
"2787",2023-05-18,2646
"2788",2023-05-19,2241
"2789",2023-05-20,1423
"2790",2023-05-21,1650
"2791",2023-05-22,2742
"2792",2023-05-23,2932
"2793",2023-05-24,2825
"2794",2023-05-25,2693
"2795",2023-05-26,2264
"2796",2023-05-27,1180
"2797",2023-05-28,1646
"2798",2023-05-29,2709
"2799",2023-05-30,2704
"2800",2023-05-31,2685
"2801",2023-06-01,2443
"2802",2023-06-02,1947
"2803",2023-06-03,1092
"2804",2023-06-04,1531
"2805",2023-06-05,2552
"2806",2023-06-06,2481
"2807",2023-06-07,1886
"2808",2023-06-08,1438
"2809",2023-06-09,1389
"2810",2023-06-10,1001
"2811",2023-06-11,1346
"2812",2023-06-12,2097
"2813",2023-06-13,2169
"2814",2023-06-14,2201
"2815",2023-06-15,2035
"2816",2023-06-16,1432
"2817",2023-06-17,902
"2818",2023-06-18,1130
"2819",2023-06-19,1701
"2820",2023-06-20,1862
"2821",2023-06-21,1922
"2822",2023-06-22,1633
"2823",2023-06-23,1453
"2824",2023-06-24,772
"2825",2023-06-25,903
"2826",2023-06-26,1349
"2827",2023-06-27,1500
"2828",2023-06-28,1341
"2829",2023-06-29,1183
"2830",2023-06-30,867
"2831",2023-07-01,624
"2832",2023-07-02,745
"2833",2023-07-03,1115
"2834",2023-07-04,1143
"2835",2023-07-05,1102
"2836",2023-07-06,1095
"2837",2023-07-07,860
"2838",2023-07-08,613
"2839",2023-07-09,677
"2840",2023-07-10,1215
"2841",2023-07-11,1642
"2842",2023-07-12,2136
"2843",2023-07-13,1793
"2844",2023-07-14,1646
"2845",2023-07-15,1110
"2846",2023-07-16,1133
"2847",2023-07-17,1423
"2848",2023-07-18,1375
"2849",2023-07-19,1304
"2850",2023-07-20,1062
"2851",2023-07-21,822
"2852",2023-07-22,568
"2853",2023-07-23,765
"2854",2023-07-24,1062
"2855",2023-07-25,1309
"2856",2023-07-26,1448
"2857",2023-07-27,1499
"2858",2023-07-28,1229
"2859",2023-07-29,800
"2860",2023-07-30,885
"2861",2023-07-31,1295
"2862",2023-08-01,1347
"2863",2023-08-02,1177
"2864",2023-08-03,1249
"2865",2023-08-04,1116
"2866",2023-08-05,713
"2867",2023-08-06,816
"2868",2023-08-07,1338
"2869",2023-08-08,1542
"2870",2023-08-09,1584
"2871",2023-08-10,1630
"2872",2023-08-11,1175
"2873",2023-08-12,685
"2874",2023-08-13,839
"2875",2023-08-14,1301
"2876",2023-08-15,1573
"2877",2023-08-16,1461
"2878",2023-08-17,1500
"2879",2023-08-18,1245
"2880",2023-08-19,933
"2881",2023-08-20,985
"2882",2023-08-21,1461
"2883",2023-08-22,1738
"2884",2023-08-23,1635
"2885",2023-08-24,1519
"2886",2023-08-25,1433
"2887",2023-08-26,901
"2888",2023-08-27,1033
"2889",2023-08-28,1622
"2890",2023-08-29,1565
"2891",2023-08-30,1692
"2892",2023-08-31,1723
"2893",2023-09-01,1149
"2894",2023-09-02,808
"2895",2023-09-03,945
"2896",2023-09-04,1370
"2897",2023-09-05,1451
"2898",2023-09-06,1339
"2899",2023-09-07,904
"2900",2023-09-08,1203
"2901",2023-09-09,885
"2902",2023-09-10,1025
"2903",2023-09-11,1542
"2904",2023-09-12,1774
"2905",2023-09-13,1658
"2906",2023-09-14,1679
"2907",2023-09-15,1403
"2908",2023-09-16,943
"2909",2023-09-17,1095
"2910",2023-09-18,2327
"2911",2023-09-19,2494
"2912",2023-09-20,2606
"2913",2023-09-21,2429
"2914",2023-09-22,1818
"2915",2023-09-23,1088
"2916",2023-09-24,1388
"2917",2023-09-25,2246
"2918",2023-09-26,2509
"2919",2023-09-27,2163
"2920",2023-09-28,2100
"2921",2023-09-29,1639
"2922",2023-09-30,1002
"2923",2023-10-01,1276
"2924",2023-10-02,1927
"2925",2023-10-03,1835
"2926",2023-10-04,1897
"2927",2023-10-05,1781
"2928",2023-10-06,1451
"2929",2023-10-07,934
"2930",2023-10-08,1018
"2931",2023-10-09,1827
"2932",2023-10-10,1853
"2933",2023-10-11,1590
"2934",2023-10-12,1093
"2935",2023-10-13,1145
"2936",2023-10-14,1071
"2937",2023-10-15,1115
"2938",2023-10-16,1968
"2939",2023-10-17,2072
"2940",2023-10-18,2147
"2941",2023-10-19,1950
"2942",2023-10-20,1631
"2943",2023-10-21,1012
"2944",2023-10-22,1415
"2945",2023-10-23,2087
"2946",2023-10-24,2474
"2947",2023-10-25,2374
"2948",2023-10-26,1984
"2949",2023-10-27,1654
"2950",2023-10-28,1146
"2951",2023-10-29,1189
"2952",2023-10-30,1776
"2953",2023-10-31,1771
"2954",2023-11-01,1567
"2955",2023-11-02,1127
"2956",2023-11-03,1245
"2957",2023-11-04,1058
"2958",2023-11-05,1169
"2959",2023-11-06,1804
"2960",2023-11-07,2106
"2961",2023-11-08,2305
"2962",2023-11-09,2282
"2963",2023-11-10,1759
"2964",2023-11-11,1037
"2965",2023-11-12,1404
"2966",2023-11-13,2405
"2967",2023-11-14,2390
"2968",2023-11-15,2032
"2969",2023-11-16,2345
"2970",2023-11-17,1871
"2971",2023-11-18,1531
"2972",2023-11-19,1725
"2973",2023-11-20,2368
"2974",2023-11-21,2501
"2975",2023-11-22,2604
"2976",2023-11-23,2246
"2977",2023-11-24,1740
"2978",2023-11-25,1121
"2979",2023-11-26,1355
"2980",2023-11-27,2224
"2981",2023-11-28,2091
"2982",2023-11-29,2143
"2983",2023-11-30,2545
"2984",2023-12-01,1945
"2985",2023-12-02,1086
"2986",2023-12-03,1071
"2987",2023-12-04,1685
"2988",2023-12-05,1691
"2989",2023-12-06,1730
"2990",2023-12-07,1559
"2991",2023-12-08,1003
"2992",2023-12-09,863
"2993",2023-12-10,924
"2994",2023-12-11,1631
"2995",2023-12-12,1641
"2996",2023-12-13,1637
"2997",2023-12-14,1314
"2998",2023-12-15,1122
"2999",2023-12-16,944
"3000",2023-12-17,1055
"3001",2023-12-18,1514
"3002",2023-12-19,1223
"3003",2023-12-20,848
"3004",2023-12-21,774
"3005",2023-12-22,572
"3006",2023-12-23,440
"3007",2023-12-24,494
"3008",2023-12-25,440
"3009",2023-12-26,592
"3010",2023-12-27,650
"3011",2023-12-28,648
"3012",2023-12-29,682
"3013",2023-12-30,591
"3014",2023-12-31,475
"3015",2024-01-01,550
"3016",2024-01-02,785
"3017",2024-01-03,1025
"3018",2024-01-04,1209
"3019",2024-01-05,950
"3020",2024-01-06,679
"3021",2024-01-07,759
"3022",2024-01-08,1104
"3023",2024-01-09,1074
"3024",2024-01-10,1481
"3025",2024-01-11,1369
"3026",2024-01-12,1026
"3027",2024-01-13,789
"3028",2024-01-14,831
"3029",2024-01-15,1304
"3030",2024-01-16,1492
"3031",2024-01-17,1300
"3032",2024-01-18,1368
"3033",2024-01-19,990
"3034",2024-01-20,751
"3035",2024-01-21,924
"3036",2024-01-22,1133
"3037",2024-01-23,1177
"3038",2024-01-24,1211
"3039",2024-01-25,1220
"3040",2024-01-26,934
"3041",2024-01-27,571
"3042",2024-01-28,813
"3043",2024-01-29,1069
"3044",2024-01-30,986
"3045",2024-01-31,1006
"3046",2024-02-01,967
"3047",2024-02-02,878
"3048",2024-02-03,674
"3049",2024-02-04,819
"3050",2024-02-05,1128
"3051",2024-02-06,1169
"3052",2024-02-07,1204
"3053",2024-02-08,1085
"3054",2024-02-09,907
"3055",2024-02-10,698
"3056",2024-02-11,752
"3057",2024-02-12,862
"3058",2024-02-13,910
"3059",2024-02-14,1137
"3060",2024-02-15,1437
"3061",2024-02-16,1300
"3062",2024-02-17,796
"3063",2024-02-18,866
"3064",2024-02-19,1371
"3065",2024-02-20,1482
"3066",2024-02-21,1601
"3067",2024-02-22,1496
"3068",2024-02-23,1217
"3069",2024-02-24,796
"3070",2024-02-25,1012
"3071",2024-02-26,1588
"3072",2024-02-27,1718
"3073",2024-02-28,1719
"3074",2024-02-29,1824
"3075",2024-03-01,1434
"3076",2024-03-02,882
"3077",2024-03-03,1213
"3078",2024-03-04,1818
"3079",2024-03-05,2134
"3080",2024-03-06,2161
"3081",2024-03-07,2125
"3082",2024-03-08,1523
"3083",2024-03-09,1088
"3084",2024-03-10,1309
"3085",2024-03-11,1935
"3086",2024-03-12,2077
"3087",2024-03-13,1999
"3088",2024-03-14,2164
"3089",2024-03-15,1825
"3090",2024-03-16,1152
"3091",2024-03-17,1564
"3092",2024-03-18,2078
"3093",2024-03-19,2435
"3094",2024-03-20,2110
"3095",2024-03-21,2036
"3096",2024-03-22,1655
"3097",2024-03-23,1312
"3098",2024-03-24,1447
"3099",2024-03-25,2211
"3100",2024-03-26,2056
"3101",2024-03-27,1831
"3102",2024-03-28,1301
"3103",2024-03-29,1220
"3104",2024-03-30,940
"3105",2024-03-31,1257
"3106",2024-04-01,2280
"3107",2024-04-02,2675
"3108",2024-04-03,2698
"3109",2024-04-04,2644
"3110",2024-04-05,2215
"3111",2024-04-06,1203
"3112",2024-04-07,1527
"3113",2024-04-08,2578
"3114",2024-04-09,2929
"3115",2024-04-10,2790
"3116",2024-04-11,2557
"3117",2024-04-12,2126
"3118",2024-04-13,1115
"3119",2024-04-14,1331
"3120",2024-04-15,2676
"3121",2024-04-16,2691
"3122",2024-04-17,2950
"3123",2024-04-18,2515
"3124",2024-04-19,1990
"3125",2024-04-20,1097
"3126",2024-04-21,1296
"3127",2024-04-22,2736
"3128",2024-04-23,2697
"3129",2024-04-24,2889
"3130",2024-04-25,2374
"3131",2024-04-26,2169
"3132",2024-04-27,1188
"3133",2024-04-28,1459
"3134",2024-04-29,2872
"3135",2024-04-30,2346
"3136",2024-05-01,1659
"3137",2024-05-02,2458
"3138",2024-05-03,2227
"3139",2024-05-04,1319
"3140",2024-05-05,1634
"3141",2024-05-06,3270
"3142",2024-05-07,3733
"3143",2024-05-08,3778
"3144",2024-05-09,3741
"3145",2024-05-10,3023
"3146",2024-05-11,1934
"3147",2024-05-12,1910
