"","Title","Source","Time","Link"
"16","Seca mata 25 mil toneladas de peixes em cidade do interior do Amazonas","G1",2015-11-26,"https://news.google.com/articles/CBMifGh0dHBzOi8vZzEuZ2xvYm8uY29tL2FtL2FtYXpvbmFzL25vdGljaWEvMjAxNS8xMS9zZWNhLW1hdGEtMjUtbWlsLXRvbmVsYWRhcy1kZS1wZWl4ZXMtZW0tY2lkYWRlLWRvLWludGVyaW9yLWRvLWFtYXpvbmFzLmh0bWzSAQA?hl=en-US&gl=US&ceid=US%3Aen"
"20","Por causa da seca, 15 cidades têm situação de emergência decretada","G1",2015-11-12,"https://news.google.com/articles/CBMicWh0dHBzOi8vZzEuZ2xvYm8uY29tL2JhaGlhL25vdGljaWEvMjAxNS8xMS9wb3ItY2F1c2EtZGEtc2VjYS0xNS1jaWRhZGVzLXRlbS1zaXR1YWNhby1kZS1lbWVyZ2VuY2lhLWRlY3JldGFkYS5odG1s0gEA?hl=en-US&gl=US&ceid=US%3Aen"
"29","Em 2015, Maranhão teve mês mais seco em 14 anos, diz estudo na Nasa","G1",2015-11-03,"https://news.google.com/articles/CBMid2h0dHBzOi8vZzEuZ2xvYm8uY29tL21hL21hcmFuaGFvL25vdGljaWEvMjAxNS8xMS9lbS0yMDE1LW1hcmFuaGFvLXRldmUtbWVzLW1haXMtc2Vjby1lbS0xNC1hbm9zLWRpei1lc3R1ZG8tbmEtbmFzYS5odG1s0gEA?hl=en-US&gl=US&ceid=US%3Aen"
"37","Seca em rio de Roraima obriga índios Wai-Wai a carregar canoas nas costas","G1",2015-11-12,"https://news.google.com/articles/CBMifGh0dHBzOi8vZzEuZ2xvYm8uY29tL3JyL3JvcmFpbWEvbm90aWNpYS8yMDE1LzExL3NlY2EtZW0tcmlvLWRlLXJvcmFpbWEtb2JyaWdhLWluZGlvcy13YWktd2FpLWNhcnJlZ2FyLWNhbm9hcy1uYXMtY29zdGFzLmh0bWzSAQA?hl=en-US&gl=US&ceid=US%3Aen"
"49","Nível do Rio Negro em Manaus volta a subir após secar mais de 7 metros","G1",2015-11-03,"https://news.google.com/articles/CBMiemh0dHBzOi8vZzEuZ2xvYm8uY29tL2FtL2FtYXpvbmFzL25vdGljaWEvMjAxNS8xMS9uaXZlbC1kby1yaW8tbmVncm8tZW0tbWFuYXVzLXZvbHRhLXN1YmlyLWFwb3Mtc2VjYXItbWFpcy1kZS03LW1ldHJvcy5odG1s0gEA?hl=en-US&gl=US&ceid=US%3Aen"
"51","Seca dos rios em Manaus revela lixo e degradação ambiental em marina","G1",2015-11-03,"https://news.google.com/articles/CBMiemh0dHBzOi8vZzEuZ2xvYm8uY29tL2FtL2FtYXpvbmFzL25vdGljaWEvMjAxNS8xMS9zZWNhLWRvcy1yaW9zLWVtLW1hbmF1cy1yZXZlbGEtbGl4by1lLWRlZ3JhZGFjYW8tYW1iaWVudGFsLWVtLW1hcmluYS5odG1s0gEA?hl=en-US&gl=US&ceid=US%3Aen"
"53","Ponte Seca é fechada durante o dia para testes no trânsito de Vitória","G1",2015-11-24,"https://news.google.com/articles/CBMifmh0dHBzOi8vZzEuZ2xvYm8uY29tL2VzcGlyaXRvLXNhbnRvL25vdGljaWEvMjAxNS8xMS9wb250ZS1zZWNhLWUtZmVjaGFkYS1kdXJhbnRlLW8tZGlhLXBhcmEtdGVzdGVzLW5vLXRyYW5zaXRvLWRlLXZpdG9yaWEuaHRtbNIBAA?hl=en-US&gl=US&ceid=US%3Aen"
"68","Lagoa seca e peixes morrem em distrito de Linhares, ES","G1",2015-11-07,"https://news.google.com/articles/CBMibmh0dHBzOi8vZzEuZ2xvYm8uY29tL2VzcGlyaXRvLXNhbnRvL25vdGljaWEvMjAxNS8xMS9sYWdvYS1zZWNhLWUtcGVpeGVzLW1vcnJlbS1lbS1kaXN0cml0by1kZS1saW5oYXJlcy1lcy5odG1s0gEA?hl=en-US&gl=US&ceid=US%3Aen"
"79","Medeiros, MG, decreta emergência após seca prejudicar produtores","G1",2015-11-13,"https://news.google.com/articles/CBMieGh0dHBzOi8vZzEuZ2xvYm8uY29tL21nL2NlbnRyby1vZXN0ZS9ub3RpY2lhLzIwMTUvMTEvbWVkZWlyb3MtbWctZGVjcmV0YS1lbWVyZ2VuY2lhLWFwb3Mtc2VjYS1wcmVqdWRpY2FyLXByb2R1dG9yZXMuaHRtbNIBAA?hl=en-US&gl=US&ceid=US%3Aen"
"90","Um ano após crise hídrica, cidades traçam 'guerra' à falta de água em MG","G1",2015-11-01,"https://news.google.com/articles/CBMifWh0dHBzOi8vZzEuZ2xvYm8uY29tL21nL2NlbnRyby1vZXN0ZS9ub3RpY2lhLzIwMTUvMTEvdW0tYW5vLWFwb3MtY3Jpc2UtaGlkcmljYS1jaWRhZGVzLXRyYWNhbS1ndWVycmEtZmFsdGEtZGUtYWd1YS1lbS1tZy5odG1s0gEA?hl=en-US&gl=US&ceid=US%3Aen"
