Title,Source,Time,Link
"As cascas de árvore, a passagem do tempo e a obra de Ludmilla Alves",Metrópoles,23 de jun. de 2018,https://news.google.com/articles/CBMiZmh0dHBzOi8vd3d3Lm1ldHJvcG9sZXMuY29tL3BsYXN0aWNhL2FzLWNhc2Nhcy1kZS1hcnZvcmUtYS1wYXNzYWdlbS1kby10ZW1wby1lLWEtb2JyYS1kZS1sdWRtaWxsYS1hbHZlc9IBAA?hl=pt-BR&gl=BR&ceid=BR%3Apt-419
"""Tempestade de poeira"" assusta moradores de Itumbiara, em Goiás",Metrópoles,15 de set. de 2018,https://news.google.com/articles/CBMiXmh0dHBzOi8vd3d3Lm1ldHJvcG9sZXMuY29tL2JyYXNpbC90ZW1wZXN0YWRlLWRlLXBvZWlyYS1hc3N1c3RhLW1vcmFkb3Jlcy1kZS1pdHVtYmlhcmEtZW0tZ29pYXPSAQA?hl=pt-BR&gl=BR&ceid=BR%3Apt-419
Três turistas morrem após barco virar em tempestade em Itanhaém (SP),Metrópoles,4 de nov. de 2018,https://news.google.com/articles/CBMiZGh0dHBzOi8vd3d3Lm1ldHJvcG9sZXMuY29tL2JyYXNpbC90cmVzLXR1cmlzdGFzLW1vcnJlbS1hcG9zLWJhcmNvLXZpcmFyLWVtLXRlbXBlc3RhZGUtZW0taXRhbmhhZW0tc3DSAQA?hl=pt-BR&gl=BR&ceid=BR%3Apt-419
"Tempestade de neve atinge EUA, promove caos em NY e deixa 8 mortos",Metrópoles,17 de nov. de 2018,https://news.google.com/articles/CBMiaGh0dHBzOi8vd3d3Lm1ldHJvcG9sZXMuY29tL211bmRvL2NsaW1hL3RlbXBlc3RhZGUtZGUtbmV2ZS1hdGluZ2UtZXVhLXByb21vdmUtY2Fvcy1lbS1ueS1lLWRlaXhhLTgtbW9ydG9z0gEA?hl=pt-BR&gl=BR&ceid=BR%3Apt-419
Chuva forte com granizo e vento faz Inmet emitir alerta,Metrópoles,17 de set. de 2018,https://news.google.com/articles/CBMibGh0dHBzOi8vd3d3Lm1ldHJvcG9sZXMuY29tL2Rpc3RyaXRvLWZlZGVyYWwvY2xpbWEtZGYvY2h1dmEtZm9ydGUtY29tLWdyYW5pem8tZS12ZW50by1mYXotaW5tZXQtZW1pdGlyLWFsZXJ0YdIBAA?hl=pt-BR&gl=BR&ceid=BR%3Apt-419
"Após tempestade, árvores atingem quatro carros no Taguacenter",Metrópoles,24 de fev. de 2018,https://news.google.com/articles/CBMiaGh0dHBzOi8vd3d3Lm1ldHJvcG9sZXMuY29tL2Rpc3RyaXRvLWZlZGVyYWwvYXBvcy10ZW1wZXN0YWRlLWFydm9yZXMtYXRpbmdlbS1xdWF0cm8tY2Fycm9zLW5vLXRhZ3VhY2VudGVy0gEA?hl=pt-BR&gl=BR&ceid=BR%3Apt-419
"Rodrigo Alves, o Ken Humano, estará no Big Brother Celebridades",Metrópoles,14 de ago. de 2018,https://news.google.com/articles/CBMicWh0dHBzOi8vd3d3Lm1ldHJvcG9sZXMuY29tL2VudHJldGVuaW1lbnRvL3RlbGV2aXNhby9yb2RyaWdvLWFsdmVzLW8ta2VuLWh1bWFuby1lc3RhcmEtbm8tYmlnLWJyb3RoZXItY2VsZWJyaWRhZGVz0gEA?hl=pt-BR&gl=BR&ceid=BR%3Apt-419
Fomos ao Saara no Rio procurar as tendências do Carnaval 2018,Metrópoles,13 de jan. de 2018,https://news.google.com/articles/CBMiaGh0dHBzOi8vd3d3Lm1ldHJvcG9sZXMuY29tL2Nhcm5hdmFsLTIwMTgvZm9tb3MtYW8tc2FhcmEtbm8tcmlvLXBhcmEtYWNoYXItYXMtdGVuZGVuY2lhcy1kby1jYXJuYXZhbC0yMDE40gEA?hl=pt-BR&gl=BR&ceid=BR%3Apt-419
"Mourão critica fala de filho de Bolsonaro, mas diz que PT fez o mesmo",Metrópoles,22 de out. de 2018,https://news.google.com/articles/CBMidGh0dHBzOi8vd3d3Lm1ldHJvcG9sZXMuY29tL2JyYXNpbC9lbGVpY29lcy0yMDE4L21vdXJhby1jcml0aWNhLWZhbGEtZGUtZmlsaG8tZGUtYm9sc29uYXJvLW1hcy1kaXotcXVlLXB0LWZlei1vLW1lc21v0gEA?hl=pt-BR&gl=BR&ceid=BR%3Apt-419
Raio cai em fazenda no interior de São Paulo e mata 84 bois,Metrópoles,5 de jan. de 2018,https://news.google.com/articles/CBMiXWh0dHBzOi8vd3d3Lm1ldHJvcG9sZXMuY29tL2JyYXNpbC9yYWlvLWNhaS1lbS1mYXplbmRhLW5vLWludGVyaW9yLWRlLXNhby1wYXVsby1lLW1hdGEtODQtYm9pc9IBAA?hl=pt-BR&gl=BR&ceid=BR%3Apt-419
Crítica: Vidas à Deriva retrata tragédia real com dose certa de drama,Metrópoles,9 de ago. de 2018,https://news.google.com/articles/CBMidWh0dHBzOi8vd3d3Lm1ldHJvcG9sZXMuY29tL2VudHJldGVuaW1lbnRvL2NpbmVtYS9jcml0aWNhLXZpZGFzLWEtZGVyaXZhLXJldHJhdGEtdHJhZ2VkaWEtcmVhbC1jb20tZG9zZS1jZXJ0YS1kZS1kcmFtYdIBAA?hl=pt-BR&gl=BR&ceid=BR%3Apt-419
Segunda noite de desfiles em São Paulo reúne cinco campeãs,Metrópoles,10 de fev. de 2018,https://news.google.com/articles/CBMiY2h0dHBzOi8vd3d3Lm1ldHJvcG9sZXMuY29tL2Nhcm5hdmFsLTIwMTgvc2VndW5kYS1ub2l0ZS1kZS1kZXNmaWxlcy1lbS1zYW8tcGF1bG8tcmV1bmUtY2luY28tY2FtcGVhc9IBAA?hl=pt-BR&gl=BR&ceid=BR%3Apt-419
Onda de frio avança pelos EUA e deixa 11 mortos em 24 horas,Metrópoles,3 de jan. de 2018,https://news.google.com/articles/CBMiXGh0dHBzOi8vd3d3Lm1ldHJvcG9sZXMuY29tL211bmRvL29uZGEtZGUtZnJpby1hdmFuY2EtcGVsb3MtZXVhLWUtZGVpeGEtMTEtbW9ydG9zLWVtLTI0LWhvcmFz0gEA?hl=pt-BR&gl=BR&ceid=BR%3Apt-419
"Paul Auster fala sobre 4 3 2 1, seu mais ambicioso romance",Metrópoles,9 de jun. de 2018,https://news.google.com/articles/CBMibmh0dHBzOi8vd3d3Lm1ldHJvcG9sZXMuY29tL2VudHJldGVuaW1lbnRvL2xpdGVyYXR1cmEvcGF1bC1hdXN0ZXItZmFsYS1zb2JyZS00LTMtMi0xLXNldS1tYWlzLWFtYmljaW9zby1yb21hbmNl0gEA?hl=pt-BR&gl=BR&ceid=BR%3Apt-419
Pantera Negra e Black Lightning: a hora e a vez de super-heróis negros,Metrópoles,28 de jan. de 2018,https://news.google.com/articles/CBMidmh0dHBzOi8vd3d3Lm1ldHJvcG9sZXMuY29tL2VudHJldGVuaW1lbnRvL2NpbmVtYS9wYW50ZXJhLW5lZ3JhLWUtYmxhY2stbGlnaHRuaW5nLWEtaG9yYS1lLWEtdmV6LWRlLXN1cGVyLWhlcm9pcy1uZWdyb3PSAQA?hl=pt-BR&gl=BR&ceid=BR%3Apt-419
Capital Sonrisal: Brasília se dissolve em meio às chuvas e ao descaso,Metrópoles,26 de nov. de 2018,https://news.google.com/articles/CBMib2h0dHBzOi8vd3d3Lm1ldHJvcG9sZXMuY29tL2Rpc3RyaXRvLWZlZGVyYWwvY2FwaXRhbC1zb25yaXNhbC1icmFzaWxpYS1zZS1kaXNzb2x2ZS1lbS1tZWlvLWFzLWNodXZhcy1lLW8tZGVzY2Fzb9IBAA?hl=pt-BR&gl=BR&ceid=BR%3Apt-419
Furacão Florence se aproxima da costa dos EUA: população em alerta,Metrópoles,10 de set. de 2018,https://news.google.com/articles/CBMiYmh0dHBzOi8vd3d3Lm1ldHJvcG9sZXMuY29tL211bmRvL2Z1cmFjYW8tZmxvcmVuY2Utc2UtYXByb3hpbWEtZGEtY29zdGEtZG9zLWV1YS1wb3B1bGFjYW8tZW0tYWxlcnRh0gEA?hl=pt-BR&gl=BR&ceid=BR%3Apt-419
A Farsa: thriller sobre retiro espiritual tem trama envolvente e ágil,Metrópoles,4 de mai. de 2018,https://news.google.com/articles/CBMieWh0dHBzOi8vd3d3Lm1ldHJvcG9sZXMuY29tL2VudHJldGVuaW1lbnRvL2xpdGVyYXR1cmEvYS1mYXJzYS10aHJpbGxlci1zb2JyZS1yZXRpcm8tZXNwaXJpdHVhbC10ZW0tdHJhbWEtZW52b2x2ZW50ZS1lLWFnaWzSAQA?hl=pt-BR&gl=BR&ceid=BR%3Apt-419
"Após chuva forte, água invade UTI do HRC e interdita quatro leitos",Metrópoles,17 de set. de 2018,https://news.google.com/articles/CBMibWh0dHBzOi8vd3d3Lm1ldHJvcG9sZXMuY29tL2Rpc3RyaXRvLWZlZGVyYWwvYXBvcy1jaHV2YS1mb3J0ZS1hZ3VhLWludmFkZS11dGktZG8taHJjLWUtaW50ZXJkaXRhLXF1YXRyby1sZWl0b3PSAQA?hl=pt-BR&gl=BR&ceid=BR%3Apt-419
Pais caem de moto e bebê continua pilotando. Veja vídeo,Metrópoles,26 de ago. de 2018,https://news.google.com/articles/CBMiV2h0dHBzOi8vd3d3Lm1ldHJvcG9sZXMuY29tL211bmRvL3BhaXMtY2FlbS1kZS1tb3RvLWUtYmViZS1jb250aW51YS1waWxvdGFuZG8tdmVqYS12aWRlb9IBAA?hl=pt-BR&gl=BR&ceid=BR%3Apt-419
Furacão Rosa segue em direção ao noroeste do México e sudoeste dos EUA,Metrópoles,30 de set. de 2018,https://news.google.com/articles/CBMiZ2h0dHBzOi8vd3d3Lm1ldHJvcG9sZXMuY29tL211bmRvL2Z1cmFjYW8tcm9zYS1zZWd1ZS1lbS1kaXJlY2FvLWFvLW5vcm9lc3RlLWRvLW1leGljby1lLXN1ZG9lc3RlLWRvcy1ldWHSAQA?hl=pt-BR&gl=BR&ceid=BR%3Apt-419
"Mano Brown, Karol Conká e Emicida viram heróis nos quadrinhos",Metrópoles,27 de ago. de 2018,https://news.google.com/articles/CBMicWh0dHBzOi8vd3d3Lm1ldHJvcG9sZXMuY29tL2VudHJldGVuaW1lbnRvL3F1YWRyaW5ob3MvbWFuby1icm93bi1rYXJvbC1jb25rYS1lLWVtaWNpZGEtdmlyYW0taGVyb2lzLW5vcy1xdWFkcmluaG9z0gEA?hl=pt-BR&gl=BR&ceid=BR%3Apt-419
Feira dos Importados fica alagada durante temporal. Vídeos,Metrópoles,9 de dez. de 2018,https://news.google.com/articles/CBMiZWh0dHBzOi8vd3d3Lm1ldHJvcG9sZXMuY29tL2Rpc3RyaXRvLWZlZGVyYWwvZmVpcmEtZG9zLWltcG9ydGFkb3MtZmljYS1hbGFnYWRhLWR1cmFudGUtdGVtcG9yYWwtdmlkZW9z0gEA?hl=pt-BR&gl=BR&ceid=BR%3Apt-419
"Veja primeiro teaser de High Life, novo filme de Robert Pattinson",Metrópoles,9 de out. de 2018,https://news.google.com/articles/CBMicWh0dHBzOi8vd3d3Lm1ldHJvcG9sZXMuY29tL2VudHJldGVuaW1lbnRvL2NpbmVtYS92ZWphLXByaW1laXJvLXRlYXNlci1kZS1oaWdoLWxpZmUtbm92by1maWxtZS1kZS1yb2JlcnQtcGF0dGluc29u0gEA?hl=pt-BR&gl=BR&ceid=BR%3Apt-419
"Padre Marcelo Rossi desabafa sobre depressão: ""Não foi fácil""",Metrópoles,22 de nov. de 2018,https://news.google.com/articles/CBMiYmh0dHBzOi8vd3d3Lm1ldHJvcG9sZXMuY29tL2NlbGVicmlkYWRlcy9wYWRyZS1tYXJjZWxvLXJvc3NpLWRlc2FiYWZhLXNvYnJlLWRlcHJlc3Nhby1uYW8tZm9pLWZhY2ls0gEA?hl=pt-BR&gl=BR&ceid=BR%3Apt-419
Neve isola mais de 10 mil turistas em cidade na Suíça,Metrópoles,9 de jan. de 2018,https://news.google.com/articles/CBMiVmh0dHBzOi8vd3d3Lm1ldHJvcG9sZXMuY29tL211bmRvL25ldmUtaXNvbGEtbWFpcy1kZS0xMC1taWwtdHVyaXN0YXMtZW0tY2lkYWRlLW5hLXN1aWNh0gEA?hl=pt-BR&gl=BR&ceid=BR%3Apt-419
Anitta faz festa de aniversário para o marido e se declara. Veja fotos,Metrópoles,26 de jul. de 2018,https://news.google.com/articles/CBMicmh0dHBzOi8vd3d3Lm1ldHJvcG9sZXMuY29tL2NvbHVuYXMvcGlwb2NhbmRvL2FuaXR0YS1mYXotZmVzdGEtZGUtYW5pdmVyc2FyaW8tcGFyYS1vLW1hcmlkby1lLXNlLWRlY2xhcmEtdmVqYS1mb3Rvc9IBAA?hl=pt-BR&gl=BR&ceid=BR%3Apt-419
"Filha de Gerson Brenner homenageia o pai: ""Exemplo de superação""",Metrópoles,18 de ago. de 2018,https://news.google.com/articles/CBMiZWh0dHBzOi8vd3d3Lm1ldHJvcG9sZXMuY29tL2NlbGVicmlkYWRlcy9maWxoYS1kZS1nZXJzb24tYnJlbm5lci1ob21lbmFnZWlhLW8tcGFpLWV4ZW1wbG8tZGUtc3VwZXJhY2Fv0gEA?hl=pt-BR&gl=BR&ceid=BR%3Apt-419
Confira como foi o resgate dos meninos presos em caverna na Tailândia,Metrópoles,11 de jul. de 2018,https://news.google.com/articles/CBMiZmh0dHBzOi8vd3d3Lm1ldHJvcG9sZXMuY29tL211bmRvL2NvbmZpcmEtY29tby1mb2ktby1yZXNnYXRlLWRvcy1tZW5pbm9zLXByZXNvcy1lbS1jYXZlcm5hLW5hLXRhaWxhbmRpYdIBAA?hl=pt-BR&gl=BR&ceid=BR%3Apt-419
"Madagascar? Tigres, leões e onça escapam de zoológico na Alemanha",Metrópoles,1 de jun. de 2018,https://news.google.com/articles/CBMiYGh0dHBzOi8vd3d3Lm1ldHJvcG9sZXMuY29tL211bmRvL21hZGFnYXNjYXItdGlncmVzLWxlb2VzLWUtb25jYS1lc2NhcGFtLWRlLXpvb2xvZ2ljby1uYS1hbGVtYW5oYdIBAA?hl=pt-BR&gl=BR&ceid=BR%3Apt-419
Mãe da atriz Letícia Almeida faz desabafo no Instagram,Metrópoles,10 de ago. de 2018,https://news.google.com/articles/CBMiXmh0dHBzOi8vd3d3Lm1ldHJvcG9sZXMuY29tL2NlbGVicmlkYWRlcy9tYWUtZGEtYXRyaXotbGV0aWNpYS1hbG1laWRhLWZhei1kZXNhYmFmby1uby1pbnN0YWdyYW3SAQA?hl=pt-BR&gl=BR&ceid=BR%3Apt-419
"Após anos de sofrimento, aprendi a vencer o meu pânico de avião",Metrópoles,24 de fev. de 2018,https://news.google.com/articles/CBMibmh0dHBzOi8vd3d3Lm1ldHJvcG9sZXMuY29tL3Zpdmlhbm5lLWxlYW8tcGlxdWV0L2Fwb3MtYW5vcy1kZS1zb2ZyaW1lbnRvLWFwcmVuZGktYS12ZW5jZXItby1tZXUtcGFuaWNvLWRlLWF2aWFv0gEA?hl=pt-BR&gl=BR&ceid=BR%3Apt-419
Jovens presos em caverna na Tailândia são achados vivos,Metrópoles,2 de jul. de 2018,https://news.google.com/articles/CBMiWGh0dHBzOi8vd3d3Lm1ldHJvcG9sZXMuY29tL211bmRvL2pvdmVucy1wcmVzb3MtZW0tY2F2ZXJuYS1uYS10YWlsYW5kaWEtc2FvLWFjaGFkb3Mtdml2b3PSAQA?hl=pt-BR&gl=BR&ceid=BR%3Apt-419
Homem usa a Ponte JK como cenário para pedido de casamento. Veja vídeo,Metrópoles,26 de fev. de 2018,https://news.google.com/articles/CBMieGh0dHBzOi8vd3d3Lm1ldHJvcG9sZXMuY29tL3ZpZGEtZS1lc3RpbG8vY2FzYW1lbnRvL2hvbWVtLXVzYS1hLXBvbnRlLWprLWNvbW8tY2VuYXJpby1wYXJhLXBlZGlkby1kZS1jYXNhbWVudG8tdmVqYS12aWRlb9IBAA?hl=pt-BR&gl=BR&ceid=BR%3Apt-419
"Marina Ruy Barbosa fala ao Metrópoles sobre novela, gatos e cabelo",Metrópoles,17 de nov. de 2018,https://news.google.com/articles/CBMidWh0dHBzOi8vd3d3Lm1ldHJvcG9sZXMuY29tL2VudHJldGVuaW1lbnRvL3RlbGV2aXNhby9tYXJpbmEtcnV5LWJhcmJvc2EtZmFsYS1hby1tZXRyb3BvbGVzLXNvYnJlLW5vdmVsYS1nYXRvcy1lLWNhYmVsb9IBAA?hl=pt-BR&gl=BR&ceid=BR%3Apt-419
O Tempo Não Para: Samuca encontra Marocas congelada e se apaixona,Metrópoles,27 de jul. de 2018,https://news.google.com/articles/CBMidGh0dHBzOi8vd3d3Lm1ldHJvcG9sZXMuY29tL2VudHJldGVuaW1lbnRvL3RlbGV2aXNhby9vLXRlbXBvLW5hby1wYXJhLXNhbXVjYS1lbmNvbnRyYS1tYXJvY2FzLWNvbmdlbGFkYS1lLXNlLWFwYWl4b25h0gEA?hl=pt-BR&gl=BR&ceid=BR%3Apt-419
Trem atropela multidão na Índia e mata pelo menos 50 pessoas,Metrópoles,19 de out. de 2018,https://news.google.com/articles/CBMiR2h0dHBzOi8vd3d3Lm1ldHJvcG9sZXMuY29tL211bmRvL3RyZW0tYXRyb3BlbGEtbXVsdGlkYW8tbmEtaW5kaWEtZS1tYXRh0gEA?hl=pt-BR&gl=BR&ceid=BR%3Apt-419
"Crítica: O Protetor 2 mostra Denzel em grande forma, mas ritmo vacila",Metrópoles,16 de ago. de 2018,https://news.google.com/articles/CBMidGh0dHBzOi8vd3d3Lm1ldHJvcG9sZXMuY29tL2VudHJldGVuaW1lbnRvL2NpbmVtYS9jcml0aWNhLW8tcHJvdGV0b3ItMi1tb3N0cmEtZGVuemVsLWVtLWdyYW5kZS1mb3JtYS1tYXMtcml0bW8tdmFjaWxh0gEA?hl=pt-BR&gl=BR&ceid=BR%3Apt-419
"Adeus, Philip Roth: morre o maior escritor norte-americano",Metrópoles,23 de mai. de 2018,https://news.google.com/articles/CBMiYmh0dHBzOi8vd3d3Lm1ldHJvcG9sZXMuY29tL3BvbnRvLWRlLXZpc3RhL2FkZXVzLXBoaWxpcC1yb3RoLW1vcnJlLW8tbWFpb3ItZXNjcml0b3Itbm9ydGUtYW1lcmljYW5v0gEA?hl=pt-BR&gl=BR&ceid=BR%3Apt-419
Sondas espaciais são lançadas e devem desvendar segredos de Mercúrio,Metrópoles,20 de out. de 2018,https://news.google.com/articles/CBMiZWh0dHBzOi8vd3d3Lm1ldHJvcG9sZXMuY29tL211bmRvL3NvbmRhcy1lc3BhY2lhaXMtc2FvLWxhbmNhZGFzLWUtZGV2ZW0tZGVzdmVuZGFyLXNlZ3JlZG9zLWRlLW1lcmN1cmlv0gEA?hl=pt-BR&gl=BR&ceid=BR%3Apt-419
Furacão em Portugal provoca menos estragos do que a política no Brasil,Metrópoles,18 de out. de 2018,https://news.google.com/articles/CBMib2h0dHBzOi8vd3d3Lm1ldHJvcG9sZXMuY29tL3BvcnR1Z3Vlc2ljZXMvZnVyYWNhby1lbS1wb3J0dWdhbC1wcm92b2NhLW1lbm9zLWVzdHJhZ29zLWRvLXF1ZS1hLXBvbGl0aWNhLW5vLWJyYXNpbNIBAA?hl=pt-BR&gl=BR&ceid=BR%3Apt-419
Redução do oxigênio em caverna da Tailândia preocupa equipe de resgate,Metrópoles,6 de jul. de 2018,https://news.google.com/articles/CBMiZ2h0dHBzOi8vd3d3Lm1ldHJvcG9sZXMuY29tL211bmRvL3JlZHVjYW8tZG8tb3hpZ2VuaW8tZW0tY2F2ZXJuYS1kYS10YWlsYW5kaWEtcHJlb2N1cGEtZXF1aXBlLWRlLXJlc2dhdGXSAQA?hl=pt-BR&gl=BR&ceid=BR%3Apt-419
