Title,Source,Time,Link
Inmet emite alerta laranja para tempestade e ventos de até 100km/h,Metrópoles,6 de dez. de 2021,https://news.google.com/articles/CBMibmh0dHBzOi8vd3d3Lm1ldHJvcG9sZXMuY29tL2Rpc3RyaXRvLWZlZGVyYWwvaW5tZXQtZW1pdGUtYWxlcnRhLWxhcmFuamEtcGFyYS10ZW1wZXN0YWRlLWUtdmVudG9zLWRlLWF0ZS0xMDBrbS1o0gEA?hl=pt-BR&gl=BR&ceid=BR%3Apt-419
Surigae é o primeiro supertufão de 2021,Metrópoles,17 de abr. de 2021,https://news.google.com/articles/CBMiSGh0dHBzOi8vd3d3Lm1ldHJvcG9sZXMuY29tL211bmRvL3N1cmlnYWUtZS1vLXByaW1laXJvLXN1cGVydHVmYW8tZGUtMjAyMdIBAA?hl=pt-BR&gl=BR&ceid=BR%3Apt-419
Paraná: temporal deixa estragos com ventos de quase 100 km/h e granizo,Metrópoles,23 de out. de 2021,https://news.google.com/articles/CBMiZ2h0dHBzOi8vd3d3Lm1ldHJvcG9sZXMuY29tL2JyYXNpbC9wYXJhbmEtdGVtcG9yYWwtZGVpeGEtZXN0cmFnb3MtY29tLXZlbnRvcy1kZS1xdWFzZS0xMDAta20taC1lLWdyYW5pem_SAQA?hl=pt-BR&gl=BR&ceid=BR%3Apt-419
Nova nuvem de poeira é registrada no interior de São Paulo,Metrópoles,14 de out. de 2021,https://news.google.com/articles/CBMiXGh0dHBzOi8vd3d3Lm1ldHJvcG9sZXMuY29tL2JyYXNpbC9ub3ZhLW51dmVtLWRlLXBvZWlyYS1lLXJlZ2lzdHJhZGEtbm8taW50ZXJpb3ItZGUtc2FvLXBhdWxv0gEA?hl=pt-BR&gl=BR&ceid=BR%3Apt-419
Vídeos mostram os tornados e devastação em cidades dos EUA,Metrópoles,11 de dez. de 2021,https://news.google.com/articles/CBMiW2h0dHBzOi8vd3d3Lm1ldHJvcG9sZXMuY29tL211bmRvL3ZpZGVvcy1tb3N0cmFtLW9zLXRvcm5hZG9zLWUtZGV2YXN0YWNhby1lbS1jaWRhZGVzLWRvcy1ldWHSAQA?hl=pt-BR&gl=BR&ceid=BR%3Apt-419
Maior tempestade em mil anos deixa 25 mortos na China,Metrópoles,21 de jul. de 2021,https://news.google.com/articles/CBMiVmh0dHBzOi8vd3d3Lm1ldHJvcG9sZXMuY29tL211bmRvL21haW9yLXRlbXBlc3RhZGUtZW0tbWlsLWFub3MtZGVpeGEtMjUtbW9ydG9zLW5hLWNoaW5h0gEA?hl=pt-BR&gl=BR&ceid=BR%3Apt-419
Inmet prevê tempestade com ventos de 100km/h na noite de Natal no DF,Metrópoles,24 de dez. de 2021,https://news.google.com/articles/CBMicGh0dHBzOi8vd3d3Lm1ldHJvcG9sZXMuY29tL2Rpc3RyaXRvLWZlZGVyYWwvaW5tZXQtcHJldmUtdGVtcGVzdGFkZS1jb20tdmVudG9zLWRlLTEwMGttLWgtbmEtbm9pdGUtZGUtbmF0YWwtbm8tZGbSAQA?hl=pt-BR&gl=BR&ceid=BR%3Apt-419
Tempestade Perfeita: filme relata conquistas do surfe brasileiro,Metrópoles,16 de dez. de 2021,https://news.google.com/articles/CBMiY2h0dHBzOi8vd3d3Lm1ldHJvcG9sZXMuY29tL2VzcG9ydGVzL3RlbXBlc3RhZGUtcGVyZmVpdGEtZmlsbWUtcmVsYXRhLWNvbnF1aXN0YXMtZG8tc3VyZmUtYnJhc2lsZWlyb9IBAA?hl=pt-BR&gl=BR&ceid=BR%3Apt-419
Vídeo: tempestade de areia deixa sete desaparecidos no Mato Grosso do Sul,Metrópoles,15 de out. de 2021,https://news.google.com/articles/CBMiamh0dHBzOi8vd3d3Lm1ldHJvcG9sZXMuY29tL2JyYXNpbC92aWRlby10ZW1wZXN0YWRlLWRlLWFyZWlhLWRlaXhhLXNldGUtZGVzYXBhcmVjaWRvcy1uby1tYXRvLWdyb3Nzby1kby1zdWzSAQA?hl=pt-BR&gl=BR&ceid=BR%3Apt-419
SP: registro impressionante mostra nuvem de poeira no céu de Franca,Metrópoles,26 de set. de 2021,https://news.google.com/articles/CBMiZGh0dHBzOi8vd3d3Lm1ldHJvcG9sZXMuY29tL2JyYXNpbC9zcC1yZWdpc3Ryby1pbXByZXNzaW9uYW50ZS1tb3N0cmEtbnV2ZW0tZGUtcG9laXJhLW5vLWNldS1kZS1mcmFuY2HSAQA?hl=pt-BR&gl=BR&ceid=BR%3Apt-419
Vídeo: famílias de Itororó (BA) são resgatadas em barcos após chuva,Metrópoles,25 de dez. de 2021,https://news.google.com/articles/CBMiYmh0dHBzOi8vd3d3Lm1ldHJvcG9sZXMuY29tL2JyYXNpbC92aWRlby1mYW1pbGlhcy1kZS1pdG9yb3JvLWJhLXNhby1yZXNnYXRhZGFzLWVtLWJhcmNvcy1hcG9zLWNodXZh0gEA?hl=pt-BR&gl=BR&ceid=BR%3Apt-419
Tempestade solar atinge a Terra com show de aurora boreal. Veja fotos,Metrópoles,12 de out. de 2021,https://news.google.com/articles/CBMiZWh0dHBzOi8vd3d3Lm1ldHJvcG9sZXMuY29tL211bmRvL3RlbXBlc3RhZGUtc29sYXItYXRpbmdlLWEtdGVycmEtY29tLXNob3ctZGUtYXVyb3JhLWJvcmVhbC12ZWphLWZvdG9z0gEA?hl=pt-BR&gl=BR&ceid=BR%3Apt-419
Vídeo mostra tempestade de poeira no Brasil vista por dentro. Confira,Metrópoles,29 de set. de 2021,https://news.google.com/articles/CBMiZmh0dHBzOi8vd3d3Lm1ldHJvcG9sZXMuY29tL2JyYXNpbC92aWRlby1tb3N0cmEtdGVtcGVzdGFkZS1kZS1wb2VpcmEtbm8tYnJhc2lsLXZpc3RhLXBvci1kZW50cm8tY29uZmlyYdIBAA?hl=pt-BR&gl=BR&ceid=BR%3Apt-419
Bottas é o mais rápido no 2º dia da pré-temporada da F1 no Bahrein,Metrópoles,13 de mar. de 2021,https://news.google.com/articles/CBMidGh0dHBzOi8vd3d3Lm1ldHJvcG9sZXMuY29tL2VzcG9ydGVzL2F1dG9tb2JpbGlzbW8vYm90dGFzLWUtby1tYWlzLXJhcGlkby1uby0yby1kaWEtZGEtcHJlLXRlbXBvcmFkYS1kYS1mMS1uby1iYWhyZWlu0gEA?hl=pt-BR&gl=BR&ceid=BR%3Apt-419
Inmet prevê tempestade e ventos intensos de até 100km/h no DF,Metrópoles,30 de nov. de 2021,https://news.google.com/articles/CBMiaWh0dHBzOi8vd3d3Lm1ldHJvcG9sZXMuY29tL2Rpc3RyaXRvLWZlZGVyYWwvaW5tZXQtcHJldmUtdGVtcGVzdGFkZS1lLXZlbnRvcy1pbnRlbnNvcy1kZS1hdGUtMTAwa20taC1uby1kZtIBAA?hl=pt-BR&gl=BR&ceid=BR%3Apt-419
Veja quais famosos escolheram Capri para as férias de verão de 2021,Metrópoles,7 de ago. de 2021,https://news.google.com/articles/CBMid2h0dHBzOi8vd3d3Lm1ldHJvcG9sZXMuY29tL2NvbHVuYXMvY2xhdWRpYS1tZWlyZWxlcy92ZWphLXF1YWlzLWZhbW9zb3MtZXNjb2xoZXJhbS1jYXByaS1wYXJhLWFzLWZlcmlhcy1kZS12ZXJhby1kZS0yMDIx0gEA?hl=pt-BR&gl=BR&ceid=BR%3Apt-419
Jorge Mautner regrava com Cecília Beraba música que compôs no começo da ditadura,Metrópoles,27 de ago. de 2021,https://news.google.com/articles/CBMigwFodHRwczovL3d3dy5tZXRyb3BvbGVzLmNvbS9jb2x1bmFzL2d1aWxoZXJtZS1hbWFkby9qb3JnZS1tYXV0bmVyLXJlZ3JhdmEtY29tLWNlY2lsaWEtYmVyYWJhLW11c2ljYS1xdWUtY29tcG9zLW5vLWNvbWVjby1kYS1kaXRhZHVyYdIBAA?hl=pt-BR&gl=BR&ceid=BR%3Apt-419
Nuvens de poeira são registradas no interior de SP e em Goiás,Metrópoles,1 de out. de 2021,https://news.google.com/articles/CBMiX2h0dHBzOi8vd3d3Lm1ldHJvcG9sZXMuY29tL2JyYXNpbC9udXZlbnMtZGUtcG9laXJhLXNhby1yZWdpc3RyYWRhcy1uby1pbnRlcmlvci1kZS1zcC1lLWVtLWdvaWFz0gEA?hl=pt-BR&gl=BR&ceid=BR%3Apt-419
"22 de janeiro de 1808: após 54 dias de mar, piolhos e ratos, eles chegam",Metrópoles,22 de jan. de 2021,https://news.google.com/articles/CBMibmh0dHBzOi8vd3d3Lm1ldHJvcG9sZXMuY29tL21ldHJvcG9sZXMtZm0vMjItZGUtamFuZWlyby1kZS0xODA4LWFwb3MtNTQtZGlhcy1kZS1tYXItcGlvbGhvcy1lLXJhdG9zLWVsZXMtY2hlZ2Ft0gEA?hl=pt-BR&gl=BR&ceid=BR%3Apt-419
Padre Reginaldo Manzotti lança clipe e música nesta terça-feira,Metrópoles,3 de ago. de 2021,https://news.google.com/articles/CBMia2h0dHBzOi8vd3d3Lm1ldHJvcG9sZXMuY29tL2NvbHVuYXMvbGVvLWRpYXMvcGFkcmUtcmVnaW5hbGRvLW1hbnpvdHRpLWxhbmNhLWNsaXBlLWUtbXVzaWNhLW5lc3RhLXRlcmNhLWZlaXJh0gEA?hl=pt-BR&gl=BR&ceid=BR%3Apt-419
Nuvem de poeira: Sabesp pede que não haja desperdício de água na limpeza,Metrópoles,27 de set. de 2021,https://news.google.com/articles/CBMiaWh0dHBzOi8vd3d3Lm1ldHJvcG9sZXMuY29tL2JyYXNpbC9udXZlbS1kZS1wb2VpcmEtc2FiZXNwLXBlZGUtcXVlLW5hby1oYWphLWRlc3BlcmRpY2lvLWRlLWFndWEtbmEtbGltcGV6YdIBAA?hl=pt-BR&gl=BR&ceid=BR%3Apt-419
Canal de Suez: veja os melhores memes sobre navio gigante encalhado,Metrópoles,25 de mar. de 2021,https://news.google.com/articles/CBMib2h0dHBzOi8vd3d3Lm1ldHJvcG9sZXMuY29tL2NvbHVuYXMvcGlwb2NhbmRvL2NhbmFsLWRlLXN1ZXotdmVqYS1vcy1tZWxob3Jlcy1tZW1lcy1zb2JyZS1uYXZpby1naWdhbnRlLWVuY2FsaGFkb9IBAA?hl=pt-BR&gl=BR&ceid=BR%3Apt-419
"Furacão Ida causa estragos e inunda mansão de Thalia: ""Angústia""",Metrópoles,3 de set. de 2021,https://news.google.com/articles/CBMiZWh0dHBzOi8vd3d3Lm1ldHJvcG9sZXMuY29tL2NlbGVicmlkYWRlcy9mdXJhY2FvLWlkYS1jYXVzYS1lc3RyYWdvcy1lLWludW5kYS1tYW5zYW8tZGUtdGhhbGlhLWFuZ3VzdGlh0gEA?hl=pt-BR&gl=BR&ceid=BR%3Apt-419
Paraná registra tempestade de poeira e ventos de até 150 km/h,Metrópoles,9 de set. de 2021,https://news.google.com/articles/CBMiX2h0dHBzOi8vd3d3Lm1ldHJvcG9sZXMuY29tL2JyYXNpbC9wYXJhbmEtcmVnaXN0cmEtdGVtcGVzdGFkZS1kZS1wb2VpcmEtZS12ZW50b3MtZGUtYXRlLTE1MC1rbS1o0gEA?hl=pt-BR&gl=BR&ceid=BR%3Apt-419
Veja imagens impressionantes de tempestade de raios em Caldas Novas,Metrópoles,8 de nov. de 2021,https://news.google.com/articles/CBMiZWh0dHBzOi8vd3d3Lm1ldHJvcG9sZXMuY29tL2JyYXNpbC92ZWphLWltYWdlbnMtaW1wcmVzc2lvbmFudGVzLWRlLXRlbXBlc3RhZGUtZGUtcmFpb3MtZW0tY2FsZGFzLW5vdmFz0gEA?hl=pt-BR&gl=BR&ceid=BR%3Apt-419
Sobe para 20 o total de mortes causadas pelas chuvas na Bahia,Metrópoles,27 de dez. de 2021,https://news.google.com/articles/CBMiX2h0dHBzOi8vd3d3Lm1ldHJvcG9sZXMuY29tL2JyYXNpbC9zb2JlLXBhcmEtMjAtby10b3RhbC1kZS1tb3J0ZXMtY2F1c2FkYXMtcGVsYXMtY2h1dmFzLW5hLWJhaGlh0gEA?hl=pt-BR&gl=BR&ceid=BR%3Apt-419
Chuva castiga Bahia e 66 cidades enfrentam emergência. Veja imagens,Metrópoles,25 de dez. de 2021,https://news.google.com/articles/CBMiZ2h0dHBzOi8vd3d3Lm1ldHJvcG9sZXMuY29tL2JyYXNpbC9jaHV2YS12b2x0YS1hLWNhc3RpZ2FyLW8tc3VsLWRhLWJhaGlhLTY2LWNpZGFkZXMtZW5mcmVudGFtLWVtZXJnZW5jaWHSAQA?hl=pt-BR&gl=BR&ceid=BR%3Apt-419
Fotos. Diversos pontos do DF registram pancadas de chuva nesta 5ª,Metrópoles,14 de out. de 2021,https://news.google.com/articles/CBMicGh0dHBzOi8vd3d3Lm1ldHJvcG9sZXMuY29tL2Rpc3RyaXRvLWZlZGVyYWwvZm90b3MtZGl2ZXJzb3MtcG9udG9zLWRvLWRmLXJlZ2lzdHJhbS1wYW5jYWRhcy1kZS1jaHV2YS1uZXN0YS01YS9hbXDSAQA?hl=pt-BR&gl=BR&ceid=BR%3Apt-419
"Tempestade de poeira assusta brasileiros em Cáceres, na fronteira com a Bolívia",Metrópoles,17 de out. de 2021,https://news.google.com/articles/CBMicGh0dHBzOi8vd3d3Lm1ldHJvcG9sZXMuY29tL2JyYXNpbC90ZW1wZXN0YWRlLWRlLXBvZWlyYS1hc3N1c3RhLWJyYXNpbGVpcm9zLWVtLWNhY2VyZXMtbmEtZnJvbnRlaXJhLWNvbS1hLWJvbGl2aWHSAQA?hl=pt-BR&gl=BR&ceid=BR%3Apt-419
Vídeos: tornado em São José dos Campos (SP) causa estragos na cidade,Metrópoles,11 de mar. de 2021,https://news.google.com/articles/CBMiY2h0dHBzOi8vd3d3Lm1ldHJvcG9sZXMuY29tL2JyYXNpbC92aWRlb3MtdG9ybmFkby1lbS1zYW8tam9zZS1kb3MtY2FtcG9zLXNwLWNhdXNhLWVzdHJhZ29zLW5hLWNpZGFkZdIBAA?hl=pt-BR&gl=BR&ceid=BR%3Apt-419
Tempestade de granizo deixa rodovia coberta de gelo em SC,Metrópoles,3 de jan. de 2021,https://news.google.com/articles/CBMiW2h0dHBzOi8vd3d3Lm1ldHJvcG9sZXMuY29tL2JyYXNpbC90ZW1wZXN0YWRlLWRlLWdyYW5pem8tZGVpeGEtcm9kb3ZpYS1jb2JlcnRhLWRlLWdlbG8tZW0tc2PSAQA?hl=pt-BR&gl=BR&ceid=BR%3Apt-419
Céu londrino inspira Alexander McQueen na primavera/verão 2022,Metrópoles,16 de out. de 2021,https://news.google.com/articles/CBMidGh0dHBzOi8vd3d3Lm1ldHJvcG9sZXMuY29tL2NvbHVuYXMvaWxjYS1tYXJpYS1lc3RldmFvL2NldS1sb25kcmluby1pbnNwaXJhLWFsZXhhbmRlci1tY3F1ZWVuLW5hLXByaW1hdmVyYS12ZXJhby0yMDIy0gEA?hl=pt-BR&gl=BR&ceid=BR%3Apt-419
Vídeo: homem anda de caiaque na rua alagada após tempestade em Goiás,Metrópoles,22 de out. de 2021,https://news.google.com/articles/CBMiZWh0dHBzOi8vd3d3Lm1ldHJvcG9sZXMuY29tL2JyYXNpbC92aWRlby1ob21lbS1hbmRhLWRlLWNhaWFxdWUtbmEtcnVhLWFsYWdhZGEtYXBvcy10ZW1wZXN0YWRlLWVtLWdvaWFz0gEA?hl=pt-BR&gl=BR&ceid=BR%3Apt-419
Tempestade tropical Nicholas vira furacão e atinge o Texas,Metrópoles,14 de set. de 2021,https://news.google.com/articles/CBMiW2h0dHBzOi8vd3d3Lm1ldHJvcG9sZXMuY29tL211bmRvL3RlbXBlc3RhZGUtdHJvcGljYWwtbmljaG9sYXMtdmlyYS1mdXJhY2FvLWUtYXRpbmdlLW8tdGV4YXPSAQA?hl=pt-BR&gl=BR&ceid=BR%3Apt-419
Mãe de Paulo Gustavo é consolada por Zezé Di Camargo e Luciano,Metrópoles,24 de ago. de 2021,https://news.google.com/articles/CBMiamh0dHBzOi8vd3d3Lm1ldHJvcG9sZXMuY29tL2NvbHVuYXMvbGVvLWRpYXMvbWFlLWRlLXBhdWxvLWd1c3Rhdm8tZS1jb25zb2xhZGEtcG9yLXplemUtZGktY2FtYXJnby1lLWx1Y2lhbm_SAQA?hl=pt-BR&gl=BR&ceid=BR%3Apt-419
Tempestade que causou alagamento em Brasília registrou taxa de 158mm/h,Metrópoles,3 de dez. de 2021,https://news.google.com/articles/CBMicmh0dHBzOi8vd3d3Lm1ldHJvcG9sZXMuY29tL2Rpc3RyaXRvLWZlZGVyYWwvdGVtcGVzdGFkZS1xdWUtY2F1c291LWFsYWdhbWVudG8tZW0tYnJhc2lsaWEtcmVnaXN0cm91LXRheGEtZGUtMTU4bW0taNIBAA?hl=pt-BR&gl=BR&ceid=BR%3Apt-419
Entenda tempestade que causou tragédia na Bahia,Metrópoles,13 de dez. de 2021,https://news.google.com/articles/CBMiXGh0dHBzOi8vd3d3Lm1ldHJvcG9sZXMuY29tL2hpc3RvcmlhLWVtLWZvdG9zL2VudGVuZGEtdGVtcGVzdGFkZS1xdWUtY2F1c291LXRyYWdlZGlhLW5hLWJhaGlh0gEA?hl=pt-BR&gl=BR&ceid=BR%3Apt-419
Vídeo: passageiro registra momento em que avião é atingido por raio,Metrópoles,9 de nov. de 2021,https://news.google.com/articles/CBMiZGh0dHBzOi8vd3d3Lm1ldHJvcG9sZXMuY29tL2JyYXNpbC92aWRlby1wYXNzYWdlaXJvLXJlZ2lzdHJhLW1vbWVudG8tZW0tcXVlLWF2aWFvLWUtYXRpbmdpZG8tcG9yLXJhaW_SAQA?hl=pt-BR&gl=BR&ceid=BR%3Apt-419
"Tempestade solar ""canibal"" traz aurora boreal até a Califórnia",Metrópoles,4 de nov. de 2021,https://news.google.com/articles/CBMiXWh0dHBzOi8vd3d3Lm1ldHJvcG9sZXMuY29tL211bmRvL3RlbXBlc3RhZGUtc29sYXItY2FuaWJhbC10cmF6LWF1cm9yYS1ib3JlYWwtYXRlLWEtY2FsaWZvcm5pYdIBAA?hl=pt-BR&gl=BR&ceid=BR%3Apt-419
Arábia Saudita tem imagens raras de tempestade de granizo,Metrópoles,20 de abr. de 2021,https://news.google.com/articles/CBMiYGh0dHBzOi8vd3d3Lm1ldHJvcG9sZXMuY29tL211bmRvL2NsaW1hL2FyYWJpYS1zYXVkaXRhLXRlbS1pbWFnZW5zLXJhcmFzLWRlLXRlbXBlc3RhZGUtZGUtZ3Jhbml6b9IBAA?hl=pt-BR&gl=BR&ceid=BR%3Apt-419
"Vendaval em SC surpreende moradores e cria ""tempestade de areia""",Metrópoles,21 de ago. de 2021,https://news.google.com/articles/CBMiYGh0dHBzOi8vd3d3Lm1ldHJvcG9sZXMuY29tL2JyYXNpbC92ZW5kYXZhbC1lbS1zYy1zdXJwcmVlbmRlLW1vcmFkb3Jlcy1lLWNyaWEtdGVtcGVzdGFkZS1kZS1hcmVpYdIBAA?hl=pt-BR&gl=BR&ceid=BR%3Apt-419
Tempestade de areia deixa sete mortos e vários feridos nos EUA,Metrópoles,26 de jul. de 2021,https://news.google.com/articles/CBMiXmh0dHBzOi8vd3d3Lm1ldHJvcG9sZXMuY29tL211bmRvL3RlbXBlc3RhZGUtZGUtYXJlaWEtZGVpeGEtbW9ydG9zLWUtZmVyaWRvcy1ub3MtZXN0YWRvcy11bmlkb3PSAQA?hl=pt-BR&gl=BR&ceid=BR%3Apt-419
Laboratório diz que tempestade magnética se iniciou no planeta Terra,Metrópoles,1 de mar. de 2021,https://news.google.com/articles/CBMifmh0dHBzOi8vd3d3Lm1ldHJvcG9sZXMuY29tL211bmRvL2NpZW5jaWEtZS10ZWNub2xvZ2lhLWludC9sYWJvcmF0b3Jpby1kaXotcXVlLXRlbXBlc3RhZGUtbWFnbmV0aWNhLXNlLWluaWNpb3Utbm8tcGxhbmV0YS10ZXJyYdIBAA?hl=pt-BR&gl=BR&ceid=BR%3Apt-419
Thaila Ayala faz estoque de alimentos após alerta de furacão nos EUA,Metrópoles,2 de set. de 2021,https://news.google.com/articles/CBMibGh0dHBzOi8vd3d3Lm1ldHJvcG9sZXMuY29tL2NlbGVicmlkYWRlcy90aGFpbGEtYXlhbGEtZmF6LWVzdG9xdWUtZGUtYWxpbWVudG9zLWFwb3MtYWxlcnRhLWRlLWZ1cmFjYW8tbm9zLWV1YdIBAA?hl=pt-BR&gl=BR&ceid=BR%3Apt-419
Moradores do interior de SP são surpreendidos por nuvem de poeira,Metrópoles,8 de nov. de 2021,https://news.google.com/articles/CBMiY2h0dHBzOi8vd3d3Lm1ldHJvcG9sZXMuY29tL2JyYXNpbC9tb3JhZG9yZXMtZG8taW50ZXJpb3ItZGUtc3Atc2FvLXN1cnByZWVuZGlkb3MtcG9yLW51dmVtLWRlLXBvZWlyYdIBAA?hl=pt-BR&gl=BR&ceid=BR%3Apt-419
Ciclone monstro Rai é um dos mais intensos do ano no mundo,Metrópoles,17 de dez. de 2021,https://news.google.com/articles/CBMiW2h0dHBzOi8vd3d3Lm1ldHJvcG9sZXMuY29tL211bmRvL2NpY2xvbmUtbW9uc3Ryby1yYWktZS11bS1kb3MtbWFpcy1pbnRlbnNvcy1kby1hbm8tbm8tbXVuZG_SAQA?hl=pt-BR&gl=BR&ceid=BR%3Apt-419
Celine transforma jardim do Castelo de Vaux-le-Vicomte em passarela,Metrópoles,15 de abr. de 2021,https://news.google.com/articles/CBMieWh0dHBzOi8vd3d3Lm1ldHJvcG9sZXMuY29tL2NvbHVuYXMvaWxjYS1tYXJpYS1lc3RldmFvL2NlbGluZS10cmFuc2Zvcm1hLWphcmRpbS1kby1jYXN0ZWxvLWRlLXZhdXgtbGUtdmljb210ZS1lbS1wYXNzYXJlbGHSAQA?hl=pt-BR&gl=BR&ceid=BR%3Apt-419
Lago Paranoá terá comportas abertas nesta tarde por causa das chuvas,Metrópoles,20 de dez. de 2021,https://news.google.com/articles/CBMicGh0dHBzOi8vd3d3Lm1ldHJvcG9sZXMuY29tL2Rpc3RyaXRvLWZlZGVyYWwvbGFnby1wYXJhbm9hLXRlcmEtY29tcG9ydGFzLWFiZXJ0YXMtbmVzdGEtdGFyZGUtcG9yLWNhdXNhLWRhcy1jaHV2YXPSAQA?hl=pt-BR&gl=BR&ceid=BR%3Apt-419
Vidente que previu 11/9 e morte de Diana falou em pandemia para 2022,Metrópoles,27 de dez. de 2021,https://news.google.com/articles/CBMiZWh0dHBzOi8vd3d3Lm1ldHJvcG9sZXMuY29tL211bmRvL3ZpZGVudGUtcXVlLXByZXZpdS0xMS05LWUtbW9ydGUtZGUtZGlhbmEtZmFsb3UtZW0tcGFuZGVtaWEtcGFyYS0yMDIy0gEA?hl=pt-BR&gl=BR&ceid=BR%3Apt-419
Temporal deixou 435 mil casas sem luz no Paraná,Metrópoles,24 de out. de 2021,https://news.google.com/articles/CBMiUWh0dHBzOi8vd3d3Lm1ldHJvcG9sZXMuY29tL2JyYXNpbC90ZW1wb3JhbC1kZWl4b3UtNDM1LW1pbC1jYXNhcy1zZW0tbHV6LW5vLXBhcmFuYdIBAA?hl=pt-BR&gl=BR&ceid=BR%3Apt-419
Camila Queiroz e Klebber Toledo renovam para Casamento às Cegas 2,Metrópoles,23 de nov. de 2021,https://news.google.com/articles/CBMibWh0dHBzOi8vd3d3Lm1ldHJvcG9sZXMuY29tL2NvbHVuYXMvbGVvLWRpYXMvY2FtaWxhLXF1ZWlyb3otZS1rbGViYmVyLXRvbGVkby1yZW5vdmFtLXBhcmEtY2FzYW1lbnRvLWFzLWNlZ2FzLTLSAQA?hl=pt-BR&gl=BR&ceid=BR%3Apt-419
Por que Amazônia é a região do Brasil com maior incidência de raios,Metrópoles,1 de nov. de 2021,https://news.google.com/articles/CBMiZWh0dHBzOi8vd3d3Lm1ldHJvcG9sZXMuY29tL2JyYXNpbC9wb3ItcXVlLWFtYXpvbmlhLWUtYS1yZWdpYW8tZG8tYnJhc2lsLWNvbS1tYWlvci1pbmNpZGVuY2lhLWRlLXJhaW9z0gEA?hl=pt-BR&gl=BR&ceid=BR%3Apt-419
"Depois do Covid, o quê? (por Eduardo Silva)",Metrópoles,10 de ago. de 2021,https://news.google.com/articles/CBMiWWh0dHBzOi8vd3d3Lm1ldHJvcG9sZXMuY29tL2Jsb2ctZG8tbm9ibGF0L2FydGlnb3MvZGVwb2lzLWRvLWNvdmlkLW8tcXVlLXBvci1lZHVhcmRvLXNpbHZh0gEA?hl=pt-BR&gl=BR&ceid=BR%3Apt-419
"""Siririque-se"": Thamires Hauch fala sobre a energia sexual feminina",Metrópoles,29 de mar. de 2021,https://news.google.com/articles/CBMicmh0dHBzOi8vd3d3Lm1ldHJvcG9sZXMuY29tL2NvbHVuYXMvcG91Y2EtdmVyZ29uaGEvc2lyaXJpcXVlLXNlLXRoYW1pcmVzLWhhdWNoLWZhbGEtc29icmUtYS1lbmVyZ2lhLXNleHVhbC1mZW1pbmluYdIBAA?hl=pt-BR&gl=BR&ceid=BR%3Apt-419
Tornado? O que é a microexplosão que causou destruição no interior de SP,Metrópoles,11 de out. de 2021,https://news.google.com/articles/CBMiaWh0dHBzOi8vd3d3Lm1ldHJvcG9sZXMuY29tL2JyYXNpbC90b3JuYWRvLW8tcXVlLWUtYS1taWNyb2V4cGxvc2FvLXF1ZS1jYXVzb3UtZGVzdHJ1aWNhby1uby1pbnRlcmlvci1kZS1zcNIBAA?hl=pt-BR&gl=BR&ceid=BR%3Apt-419
Vídeo: 200 caixões caem no mar após deslizamento de terra na Itália,Metrópoles,23 de fev. de 2021,https://news.google.com/articles/CBMiY2h0dHBzOi8vd3d3Lm1ldHJvcG9sZXMuY29tL211bmRvL3ZpZGVvLTIwMC1jYWl4b2VzLWNhZW0tbm8tbWFyLWFwb3MtZGVzbGl6YW1lbnRvLWRlLXRlcnJhLW5hLWl0YWxpYdIBAA?hl=pt-BR&gl=BR&ceid=BR%3Apt-419
José Alfredo é preso em Império. Saiba o motivo,Metrópoles,22 de set. de 2021,https://news.google.com/articles/CBMiYGh0dHBzOi8vd3d3Lm1ldHJvcG9sZXMuY29tL2NvbHVuYXMvby1tZWxob3ItZGEtdHYvam9zZS1hbGZyZWRvLWUtcHJlc28tZW0taW1wZXJpby1zYWliYS1vLW1vdGl2b9IBAA?hl=pt-BR&gl=BR&ceid=BR%3Apt-419
