Title,Source,Time,Link
"Com chuvas abaixo da média, Pantanal enfrenta seca mais cedo em 2021",Metrópoles,29 de abr. de 2021,https://news.google.com/articles/CBMiZWh0dHBzOi8vd3d3Lm1ldHJvcG9sZXMuY29tL2JyYXNpbC9jb20tY2h1dmFzLWFiYWl4by1kYS1tZWRpYS1wYW50YW5hbC1lbmZyZW50YS1zZWNhLW1haXMtY2Vkby1lbS0yMDIx0gEA?hl=pt-BR&gl=BR&ceid=BR%3Apt-419
"Após 75 dias de seca, Distrito Federal registra as primeiras chuvas. Veja vídeos",Metrópoles,30 de ago. de 2021,https://news.google.com/articles/CBMibmh0dHBzOi8vd3d3Lm1ldHJvcG9sZXMuY29tL2Rpc3RyaXRvLWZlZGVyYWwvYXBvcy03NS1kaWFzLWRlLXNlY2EtZGlzdHJpdG8tZmVkZXJhbC1yZWdpc3RyYS1hcy1wcmltZWlyYXMtY2h1dmFz0gEA?hl=pt-BR&gl=BR&ceid=BR%3Apt-419
Calamidade na Bahia: veja quem são as vítimas das chuvas,Metrópoles,27 de dez. de 2021,https://news.google.com/articles/CBMiWWh0dHBzOi8vd3d3Lm1ldHJvcG9sZXMuY29tL2JyYXNpbC9jYWxhbWlkYWRlLW5hLWJhaGlhLXZlamEtcXVlbS1zYW8tYXMtdml0aW1hcy1kYXMtY2h1dmFz0gEA?hl=pt-BR&gl=BR&ceid=BR%3Apt-419
Chuva de blockbusters! Confira os filmes que chegarão aos cinemas em 2021,Metrópoles,2 de jan. de 2021,https://news.google.com/articles/CBMieWh0dHBzOi8vd3d3Lm1ldHJvcG9sZXMuY29tL2VudHJldGVuaW1lbnRvL2NpbmVtYS9jaHV2YS1kZS1ibG9ja2J1c3RlcnMtY29uZmlyYS1vcy1maWxtZXMtcXVlLWNoZWdhcmFvLWFvcy1jaW5lbWFzLWVtLTIwMjHSAQA?hl=pt-BR&gl=BR&ceid=BR%3Apt-419
"DF tem o mês de fevereiro mais chuvoso da história, diz Inmet",Metrópoles,22 de fev. de 2021,https://news.google.com/articles/CBMicWh0dHBzOi8vd3d3Lm1ldHJvcG9sZXMuY29tL2Rpc3RyaXRvLWZlZGVyYWwvY2xpbWEtZGYvZGYtdGVtLW8tbWVzLWRlLWZldmVyZWlyby1tYWlzLWNodXZvc28tZGEtaGlzdG9yaWEtZGl6LWlubWV00gEA?hl=pt-BR&gl=BR&ceid=BR%3Apt-419
Chuva castiga Bahia e 66 cidades enfrentam emergência. Veja imagens,Metrópoles,25 de dez. de 2021,https://news.google.com/articles/CBMiZ2h0dHBzOi8vd3d3Lm1ldHJvcG9sZXMuY29tL2JyYXNpbC9jaHV2YS12b2x0YS1hLWNhc3RpZ2FyLW8tc3VsLWRhLWJhaGlhLTY2LWNpZGFkZXMtZW5mcmVudGFtLWVtZXJnZW5jaWHSAQA?hl=pt-BR&gl=BR&ceid=BR%3Apt-419
Inmet prevê mais chuva para esta terça-feira em vários pontos do DF,Metrópoles,31 de ago. de 2021,https://news.google.com/articles/CBMib2h0dHBzOi8vd3d3Lm1ldHJvcG9sZXMuY29tL2Rpc3RyaXRvLWZlZGVyYWwvaW5tZXQtcHJldmUtbWFpcy1jaHV2YS1wYXJhLWVzdGEtdGVyY2EtZmVpcmEtZW0tdmFyaW9zLXBvbnRvcy1kby1kZtIBAA?hl=pt-BR&gl=BR&ceid=BR%3Apt-419
Inmet emite alerta laranja para tempestade e ventos de até 100km/h,Metrópoles,6 de dez. de 2021,https://news.google.com/articles/CBMibmh0dHBzOi8vd3d3Lm1ldHJvcG9sZXMuY29tL2Rpc3RyaXRvLWZlZGVyYWwvaW5tZXQtZW1pdGUtYWxlcnRhLWxhcmFuamEtcGFyYS10ZW1wZXN0YWRlLWUtdmVudG9zLWRlLWF0ZS0xMDBrbS1o0gEA?hl=pt-BR&gl=BR&ceid=BR%3Apt-419
Vídeo: famílias de Itororó (BA) são resgatadas em barcos após chuva,Metrópoles,25 de dez. de 2021,https://news.google.com/articles/CBMiYmh0dHBzOi8vd3d3Lm1ldHJvcG9sZXMuY29tL2JyYXNpbC92aWRlby1mYW1pbGlhcy1kZS1pdG9yb3JvLWJhLXNhby1yZXNnYXRhZGFzLWVtLWJhcmNvcy1hcG9zLWNodXZh0gEA?hl=pt-BR&gl=BR&ceid=BR%3Apt-419
"Vídeo: em cima de prancha, homem ""surfa"" em rua alagada pela chuva no DF",Metrópoles,4 de jan. de 2021,https://news.google.com/articles/CBMicGh0dHBzOi8vd3d3Lm1ldHJvcG9sZXMuY29tL2Rpc3RyaXRvLWZlZGVyYWwvdmlkZW8tZW0tY2ltYS1kZS1wcmFuY2hhLWhvbWVtLXN1cmZhLWVtLXJ1YS1hbGFnYWRhLXBlbGEtY2h1dmEtbm8tZGbSAQA?hl=pt-BR&gl=BR&ceid=BR%3Apt-419
Chuva forte isola mil pessoas no sul da Bahia; veja vídeos,Metrópoles,10 de dez. de 2021,https://news.google.com/articles/CBMiW2h0dHBzOi8vd3d3Lm1ldHJvcG9sZXMuY29tL2JyYXNpbC9jaHV2YS1mb3J0ZS1pc29sYS1taWwtcGVzc29hcy1uby1zdWwtZGEtYmFoaWEtdmVqYS12aWRlb3PSAQA?hl=pt-BR&gl=BR&ceid=BR%3Apt-419
Risco de ataque por escorpiões cresce com chuvas. Saiba se proteger,Metrópoles,26 de out. de 2021,https://news.google.com/articles/CBMibmh0dHBzOi8vd3d3Lm1ldHJvcG9sZXMuY29tL2Rpc3RyaXRvLWZlZGVyYWwvcmlzY28tZGUtYXRhcXVlLXBvci1lc2NvcnBpb2VzLWNyZXNjZS1jb20tY2h1dmFzLXNhaWJhLXNlLXByb3RlZ2Vy0gEA?hl=pt-BR&gl=BR&ceid=BR%3Apt-419
GO: bombeiros usam helicóptero e barco para ajudar ilhados em enchente,Metrópoles,31 de dez. de 2021,https://news.google.com/articles/CBMiZ2h0dHBzOi8vd3d3Lm1ldHJvcG9sZXMuY29tL2JyYXNpbC9nby1ib21iZWlyb3MtdXNhbS1oZWxpY29wdGVyby1lLWJhcmNvLXBhcmEtYWp1ZGFyLWlsaGFkb3MtZW0tZW5jaGVudGXSAQA?hl=pt-BR&gl=BR&ceid=BR%3Apt-419
Veja as receitas mais procuradas pelos brasileiros em 2021,Metrópoles,8 de dez. de 2021,https://news.google.com/articles/CBMiaWh0dHBzOi8vd3d3Lm1ldHJvcG9sZXMuY29tL2dhc3Ryb25vbWlhL3JlY2VpdGEvdmVqYS1hcy1yZWNlaXRhcy1tYWlzLXByb2N1cmFkYXMtcGVsb3MtYnJhc2lsZWlyb3MtZW0tMjAyMdIBAA?hl=pt-BR&gl=BR&ceid=BR%3Apt-419
"Chuva em Brasília se torna um dos assuntos mais comentados no Twitter. ""Tá chovendo""",Metrópoles,24 de set. de 2021,https://news.google.com/articles/CBMifWh0dHBzOi8vd3d3Lm1ldHJvcG9sZXMuY29tL2Rpc3RyaXRvLWZlZGVyYWwvY2h1dmEtZW0tYnJhc2lsaWEtc2UtdG9ybmEtdW0tZG9zLWFzc3VudG9zLW1haXMtY29tZW50YWRvcy1uby10d2l0dGVyLXRhLWNob3ZlbmRv0gEA?hl=pt-BR&gl=BR&ceid=BR%3Apt-419
Fórmula 1: chuva intensa atrasa largada no GP da Bélgica,Metrópoles,29 de ago. de 2021,https://news.google.com/articles/CBMiaWh0dHBzOi8vd3d3Lm1ldHJvcG9sZXMuY29tL2VzcG9ydGVzL2F1dG9tb2JpbGlzbW8vZm9ybXVsYS0xLWNodXZhLWludGVuc2EtYXRyYXNhLWxhcmdhZGEtbm8tZ3AtZGEtYmVsZ2ljYdIBAA?hl=pt-BR&gl=BR&ceid=BR%3Apt-419
Goteiras obrigam passageiros a usarem guarda-chuvas dentro de ônibus em SP,Metrópoles,19 de out. de 2021,https://news.google.com/articles/CBMibGh0dHBzOi8vd3d3Lm1ldHJvcG9sZXMuY29tL2JyYXNpbC9nb3RlaXJhcy1vYnJpZ2FtLXBhc3NhZ2Vpcm9zLWEtdXNhcmVtLWd1YXJkYS1jaHV2YXMtZGVudHJvLWRlLW9uaWJ1cy1lbS1zcNIBAA?hl=pt-BR&gl=BR&ceid=BR%3Apt-419
Paraná: temporal deixa estragos com ventos de quase 100 km/h e granizo,Metrópoles,23 de out. de 2021,https://news.google.com/articles/CBMiZ2h0dHBzOi8vd3d3Lm1ldHJvcG9sZXMuY29tL2JyYXNpbC9wYXJhbmEtdGVtcG9yYWwtZGVpeGEtZXN0cmFnb3MtY29tLXZlbnRvcy1kZS1xdWFzZS0xMDAta20taC1lLWdyYW5pem_SAQA?hl=pt-BR&gl=BR&ceid=BR%3Apt-419
Bahia: pacientes de hospital são resgatados em botes e jet skis,Metrópoles,27 de dez. de 2021,https://news.google.com/articles/CBMiYGh0dHBzOi8vd3d3Lm1ldHJvcG9sZXMuY29tL2JyYXNpbC9iYWhpYS1wYWNpZW50ZXMtZGUtaG9zcGl0YWwtc2FvLXJlc2dhdGFkb3MtZW0tYm90ZXMtZS1qZXQtc2tpc9IBAA?hl=pt-BR&gl=BR&ceid=BR%3Apt-419
"Agora vai! Após recorde de calor, brasilienses registram pingos de chuva. Veja vídeos",Metrópoles,24 de set. de 2021,https://news.google.com/articles/CBMifmh0dHBzOi8vd3d3Lm1ldHJvcG9sZXMuY29tL2Rpc3RyaXRvLWZlZGVyYWwvYWdvcmEtdmFpLWFwb3MtcmVjb3JkZS1kZS1jYWxvci1icmFzaWxpZW5zZXMtcmVnaXN0cmFtLXBpbmdvcy1kZS1jaHV2YS12ZWphLXZpZGVvc9IBAA?hl=pt-BR&gl=BR&ceid=BR%3Apt-419
Sobe para 20 o total de mortes causadas pelas chuvas na Bahia,Metrópoles,27 de dez. de 2021,https://news.google.com/articles/CBMiX2h0dHBzOi8vd3d3Lm1ldHJvcG9sZXMuY29tL2JyYXNpbC9zb2JlLXBhcmEtMjAtby10b3RhbC1kZS1tb3J0ZXMtY2F1c2FkYXMtcGVsYXMtY2h1dmFzLW5hLWJhaGlh0gEA?hl=pt-BR&gl=BR&ceid=BR%3Apt-419
Chuvas na Bahia em dezembro foram as mais extremas do planeta,Metrópoles,29 de dez. de 2021,https://news.google.com/articles/CBMiX2h0dHBzOi8vd3d3Lm1ldHJvcG9sZXMuY29tL2JyYXNpbC9jaHV2YXMtbmEtYmFoaWEtZW0tZGV6ZW1icm8tZm9yYW0tYXMtbWFpcy1leHRyZW1hcy1kby1wbGFuZXRh0gEA?hl=pt-BR&gl=BR&ceid=BR%3Apt-419
Felipe Neto e Whindersson pedem ajuda para vítimas de chuvas na Bahia,Metrópoles,10 de dez. de 2021,https://news.google.com/articles/CBMiZ2h0dHBzOi8vd3d3Lm1ldHJvcG9sZXMuY29tL2JyYXNpbC9mZWxpcGUtbmV0by1lLXdoaW5kZXJzc29uLXBlZGVtLWFqdWRhLXBhcmEtdml0aW1hcy1kZS1jaHV2YXMtbmEtYmFoaWHSAQA?hl=pt-BR&gl=BR&ceid=BR%3Apt-419
Forte chuva deixa a EPTG alagada nesta segunda-feira,Metrópoles,20 de dez. de 2021,https://news.google.com/articles/CBMiYGh0dHBzOi8vd3d3Lm1ldHJvcG9sZXMuY29tL2Rpc3RyaXRvLWZlZGVyYWwvZm9ydGUtY2h1dmEtZGVpeGEtYS1lcHRnLWFsYWdhZGEtbmVzdGEtc2VndW5kYS1mZWlyYdIBAA?hl=pt-BR&gl=BR&ceid=BR%3Apt-419
Rio amanhece em estágio de atenção após noite de chuva forte na cidade,Metrópoles,31 de mai. de 2021,https://news.google.com/articles/CBMiaGh0dHBzOi8vd3d3Lm1ldHJvcG9sZXMuY29tL2JyYXNpbC9yaW8tYW1hbmhlY2UtZW0tZXN0YWdpby1kZS1hdGVuY2FvLWFwb3Mtbm9pdGUtZGUtY2h1dmEtZm9ydGUtbmEtY2lkYWRl0gEA?hl=pt-BR&gl=BR&ceid=BR%3Apt-419
Chuva cai durante casamento e fotos da cerimônia ficam incríveis,Metrópoles,22 de out. de 2021,https://news.google.com/articles/CBMibGh0dHBzOi8vd3d3Lm1ldHJvcG9sZXMuY29tL2Rpc3RyaXRvLWZlZGVyYWwvY2h1dmEtY2FpLWR1cmFudGUtY2FzYW1lbnRvLWUtZm90b3MtZGEtY2VyaW1vbmlhLWZpY2FtLWluY3JpdmVpc9IBAA?hl=pt-BR&gl=BR&ceid=BR%3Apt-419
Chuvas causam alagamento em ambulatório do Hospital de Sobradinho,Metrópoles,8 de fev. de 2021,https://news.google.com/articles/CBMibWh0dHBzOi8vd3d3Lm1ldHJvcG9sZXMuY29tL2Rpc3RyaXRvLWZlZGVyYWwvY2h1dmFzLWNhdXNhbS1hbGFnYW1lbnRvLWVtLWFtYnVsYXRvcmlvLWRvLWhvc3BpdGFsLWRlLXNvYnJhZGluaG_SAQA?hl=pt-BR&gl=BR&ceid=BR%3Apt-419
Goiás tem aumento de 197% no número dos casos de chikungunya em 2021,Metrópoles,11 de dez. de 2021,https://news.google.com/articles/CBMiZWh0dHBzOi8vd3d3Lm1ldHJvcG9sZXMuY29tL2JyYXNpbC9nb2lhcy10ZW0tYXVtZW50by1kZS0xOTctbm8tbnVtZXJvLWRvcy1jYXNvcy1kZS1jaGlrdW5ndW55YS1lbS0yMDIx0gEA?hl=pt-BR&gl=BR&ceid=BR%3Apt-419
"Governo federal libera R$ 1,2 mi para cidade atingida pela chuva na BA",Metrópoles,10 de dez. de 2021,https://news.google.com/articles/CBMiZmh0dHBzOi8vd3d3Lm1ldHJvcG9sZXMuY29tL2JyYXNpbC9nb3Zlcm5vLWZlZGVyYWwtbGliZXJhLXItMTItbWktcGFyYS1jaWRhZGUtYXRpbmdpZGEtcGVsYS1jaHV2YS1uYS1iYdIBAA?hl=pt-BR&gl=BR&ceid=BR%3Apt-419
Chuva ajuda a controlar fogo na região da Chapada dos Veadeiros,Metrópoles,25 de set. de 2021,https://news.google.com/articles/CBMiYWh0dHBzOi8vd3d3Lm1ldHJvcG9sZXMuY29tL2JyYXNpbC9jaHV2YS1hanVkYS1hLWNvbnRyb2xhci1mb2dvLW5hLXJlZ2lhby1kYS1jaGFwYWRhLWRvcy12ZWFkZWlyb3PSAQA?hl=pt-BR&gl=BR&ceid=BR%3Apt-419
Chuvas na Bahia: número de mortos pelas enchentes sobe para 25,Metrópoles,30 de dez. de 2021,https://news.google.com/articles/CBMiX2h0dHBzOi8vd3d3Lm1ldHJvcG9sZXMuY29tL2JyYXNpbC9jaHV2YXMtbmEtYmFoaWEtbnVtZXJvLWRlLW1vcnRvcy1wZWxhcy1lbmNoZW50ZXMtc29iZS1wYXJhLTI10gEA?hl=pt-BR&gl=BR&ceid=BR%3Apt-419
Chapada dos Veadeiros: chuva destruiu 6 pontes e isolou mil famílias,Metrópoles,28 de dez. de 2021,https://news.google.com/articles/CBMiXmh0dHBzOi8vd3d3Lm1ldHJvcG9sZXMuY29tL2JyYXNpbC9lbmNoZW50ZS1uYS1jaGFwYWRhLWRvcy12ZWFkZWlyb3MtZ28tZGVpeGEtbW9yYWRvcmVzLWlsaGFkb3PSAQA?hl=pt-BR&gl=BR&ceid=BR%3Apt-419
Ventania interdita trânsito e causa destruição no Rio de Janeiro,Metrópoles,21 de set. de 2021,https://news.google.com/articles/CBMiXmh0dHBzOi8vd3d3Lm1ldHJvcG9sZXMuY29tL2JyYXNpbC92ZW50YW5pYS1jYXVzYS1kZXN0cnVpY2FvLWUtY29sb2NhLW8tcmlvLWVtLWVzdGFkby1kZS1hbGVydGHSAQA?hl=pt-BR&gl=BR&ceid=BR%3Apt-419
Vídeo: Bolsonaro sobrevoa áreas atingidas pelas chuvas na Bahia,Metrópoles,12 de dez. de 2021,https://news.google.com/articles/CBMicGh0dHBzOi8vd3d3Lm1ldHJvcG9sZXMuY29tL2JyYXNpbC9wb2xpdGljYS1icmFzaWwvdmlkZW8tYm9sc29uYXJvLXNvYnJldm9hLWFyZWFzLWF0aW5naWRhcy1wZWxhcy1jaHV2YXMtbmEtYmFoaWHSAQA?hl=pt-BR&gl=BR&ceid=BR%3Apt-419
João Roma e Rogério Marinho vão à região afetada por chuvas na BA,Metrópoles,11 de dez. de 2021,https://news.google.com/articles/CBMic2h0dHBzOi8vd3d3Lm1ldHJvcG9sZXMuY29tL2JyYXNpbC9wb2xpdGljYS1icmFzaWwvam9hby1yb21hLWUtcm9nZXJpby1tYXJpbmhvLXZhby1hLXJlZ2lhby1hZmV0YWRhLXBvci1jaHV2YXMtbmEtYmHSAQA?hl=pt-BR&gl=BR&ceid=BR%3Apt-419
Manu Gavassi surge com o cabelo curtíssimo e recebe chuva de elogios,Metrópoles,19 de mai. de 2021,https://news.google.com/articles/CBMicWh0dHBzOi8vd3d3Lm1ldHJvcG9sZXMuY29tL2NvbHVuYXMvcGlwb2NhbmRvL21hbnUtZ2F2YXNzaS1zdXJnZS1jb20tby1jYWJlbG8tY3VydGlzc2ltby1lLXJlY2ViZS1jaHV2YS1kZS1lbG9naW9z0gEA?hl=pt-BR&gl=BR&ceid=BR%3Apt-419
"Tema da redação do Enem 2021 é ""Invisibilidade e registro civil""",Metrópoles,21 de nov. de 2021,https://news.google.com/articles/CBMibGh0dHBzOi8vd3d3Lm1ldHJvcG9sZXMuY29tL2JyYXNpbC9lZHVjYWNhby1ici90ZW1hLWRhLXJlZGFjYW8tZG8tZW5lbS0yMDIxLWUtaW52aXNpYmlsaWRhZGUtZS1yZWdpc3Ryby1jaXZpbNIBAA?hl=pt-BR&gl=BR&ceid=BR%3Apt-419
Bolsonaro destina R$ 700 milhões a regiões afetadas por chuvas,Metrópoles,31 de dez. de 2021,https://news.google.com/articles/CBMib2h0dHBzOi8vd3d3Lm1ldHJvcG9sZXMuY29tL2JyYXNpbC9wb2xpdGljYS1icmFzaWwvYm9sc29uYXJvLWRlc3RpbmEtci03MDAtbWlsaG9lcy1hLXJlZ2lvZXMtYWZldGFkYXMtcG9yLWNodXZhc9IBAA?hl=pt-BR&gl=BR&ceid=BR%3Apt-419
Chuvas na Bahia: estado já tem 100 cidades em situação de emergência,Metrópoles,27 de dez. de 2021,https://news.google.com/articles/CBMiZWh0dHBzOi8vd3d3Lm1ldHJvcG9sZXMuY29tL2JyYXNpbC9jaHV2YXMtbmEtYmFoaWEtZXN0YWRvLWphLXRlbS0xMDAtY2lkYWRlcy1lbS1zaXR1YWNhby1kZS1lbWVyZ2VuY2lh0gEA?hl=pt-BR&gl=BR&ceid=BR%3Apt-419
Safadão doa cachê de show para vítimas dos temporais na Bahia,Metrópoles,27 de dez. de 2021,https://news.google.com/articles/CBMiaWh0dHBzOi8vd3d3Lm1ldHJvcG9sZXMuY29tL2NvbHVuYXMvbGVvLWRpYXMvc2FmYWRhby1kb2EtY2FjaGUtZGUtc2hvdy1wYXJhLXZpdGltYXMtZG9zLXRlbXBvcmFpcy1uYS1iYWhpYdIBAA?hl=pt-BR&gl=BR&ceid=BR%3Apt-419
Risco de apagão: governo emite primeiro alerta de emergência hídrica em 111 anos,Metrópoles,28 de mai. de 2021,https://news.google.com/articles/CBMicWh0dHBzOi8vd3d3Lm1ldHJvcG9sZXMuY29tL2JyYXNpbC9yaXNjby1kZS1hcGFnYW8tZ292ZXJuby1lbWl0ZS1wcmltZWlyby1hbGVydGEtZGUtZW1lcmdlbmNpYS1oaWRyaWNhLWVtLTExMS1hbm9z0gEA?hl=pt-BR&gl=BR&ceid=BR%3Apt-419
"Com reservatório cheio, CEB aumenta vazão da barragem do Lago Paranoá",Metrópoles,22 de fev. de 2021,https://news.google.com/articles/CBMicGh0dHBzOi8vd3d3Lm1ldHJvcG9sZXMuY29tL2Rpc3RyaXRvLWZlZGVyYWwvY29tLXJlc2VydmF0b3Jpby1jaGVpby1jZWItYXVtZW50YS12YXphby1kYS1iYXJyYWdlbS1kby1sYWdvLXBhcmFub2HSAQA?hl=pt-BR&gl=BR&ceid=BR%3Apt-419
Chuva derruba muro em carro e deixa 1 morto e 3 feridos em São Gonçalo,Metrópoles,31 de mai. de 2021,https://news.google.com/articles/CBMiaGh0dHBzOi8vd3d3Lm1ldHJvcG9sZXMuY29tL2JyYXNpbC9jaHV2YS1kZXJydWJhLW11cm8tZW0tY2Fycm8tZS1kZWl4YS0xLW1vcnRvLWUtMy1mZXJpZG9zLWVtLXNhby1nb25jYWxv0gEA?hl=pt-BR&gl=BR&ceid=BR%3Apt-419
"Feriado será de muita chuva no Distrito Federal, prevê Inmet",Metrópoles,11 de out. de 2021,https://news.google.com/articles/CBMiZ2h0dHBzOi8vd3d3Lm1ldHJvcG9sZXMuY29tL2Rpc3RyaXRvLWZlZGVyYWwvZmVyaWFkby1zZXJhLWRlLW11aXRhLWNodXZhLW5vLWRpc3RyaXRvLWZlZGVyYWwtcHJldmUtaW5tZXTSAQA?hl=pt-BR&gl=BR&ceid=BR%3Apt-419
"Inmet prevê chuva nesta segunda, após 75 dias de seca no DF",Metrópoles,30 de ago. de 2021,https://news.google.com/articles/CBMiZmh0dHBzOi8vd3d3Lm1ldHJvcG9sZXMuY29tL2Rpc3RyaXRvLWZlZGVyYWwvaW5tZXQtcHJldmUtY2h1dmEtbmVzdGEtc2VndW5kYS1hcG9zLTc1LWRpYXMtZGUtc2VjYS1uby1kZtIBAA?hl=pt-BR&gl=BR&ceid=BR%3Apt-419
Vídeo: chuva intensa faz CEB abrir as comportas da Barragem do Paranoá,Metrópoles,15 de fev. de 2021,https://news.google.com/articles/CBMicWh0dHBzOi8vd3d3Lm1ldHJvcG9sZXMuY29tL2Rpc3RyaXRvLWZlZGVyYWwvdmlkZW8tY2h1dmEtaW50ZW5zYS1mYXotY2ViLWFicmlyLWFzLWNvbXBvcnRhcy1kYS1iYXJyYWdlbS1kby1wYXJhbm9h0gEA?hl=pt-BR&gl=BR&ceid=BR%3Apt-419
"Chuvas na Bahia: temporais deixam 3,7 mil desabrigados",Metrópoles,12 de dez. de 2021,https://news.google.com/articles/CBMiVmh0dHBzOi8vd3d3Lm1ldHJvcG9sZXMuY29tL2JyYXNpbC9jaHV2YXMtbmEtYmFoaWEtdGVtcG9yYWlzLWRlaXhhbS0zNy1taWwtZGVzYWJyaWdhZG9z0gEA?hl=pt-BR&gl=BR&ceid=BR%3Apt-419
Ciclone monstro Rai é um dos mais intensos do ano no mundo,Metrópoles,17 de dez. de 2021,https://news.google.com/articles/CBMiW2h0dHBzOi8vd3d3Lm1ldHJvcG9sZXMuY29tL211bmRvL2NpY2xvbmUtbW9uc3Ryby1yYWktZS11bS1kb3MtbWFpcy1pbnRlbnNvcy1kby1hbm8tbm8tbXVuZG_SAQA?hl=pt-BR&gl=BR&ceid=BR%3Apt-419
Fotos. Diversos pontos do DF registram pancadas de chuva nesta 5ª,Metrópoles,14 de out. de 2021,https://news.google.com/articles/CBMicGh0dHBzOi8vd3d3Lm1ldHJvcG9sZXMuY29tL2Rpc3RyaXRvLWZlZGVyYWwvZm90b3MtZGl2ZXJzb3MtcG9udG9zLWRvLWRmLXJlZ2lzdHJhbS1wYW5jYWRhcy1kZS1jaHV2YS1uZXN0YS01YS9hbXDSAQA?hl=pt-BR&gl=BR&ceid=BR%3Apt-419
"Enem tem questões sobre ""Admirável Gado Novo"", racismo e indígenas",Metrópoles,22 de nov. de 2021,https://news.google.com/articles/CBMibWh0dHBzOi8vd3d3Lm1ldHJvcG9sZXMuY29tL2JyYXNpbC9lZHVjYWNhby1ici9lbmVtLXRlbS1xdWVzdG9lcy1zb2JyZS1hZG1pcmF2ZWwtZ2Fkby1ub3ZvLXJhY2lzbW8tZS1pbmRpZ2VuYXPSAQA?hl=pt-BR&gl=BR&ceid=BR%3Apt-419
