Title,Source,Time,Link
Veja as estreias da Netflix em julho de 2021,Metrópoles,23 de jun. de 2021,https://news.google.com/articles/CBMiVmh0dHBzOi8vd3d3Lm1ldHJvcG9sZXMuY29tL2VudHJldGVuaW1lbnRvL3ZlamEtYXMtZXN0cmVpYXMtZGEtbmV0ZmxpeC1lbS1qdWxoby1kZS0yMDIx0gEA?hl=pt-BR&gl=BR&ceid=BR%3Apt-419
Chuva castiga Bahia e 66 cidades enfrentam emergência. Veja imagens,Metrópoles,25 de dez. de 2021,https://news.google.com/articles/CBMiZ2h0dHBzOi8vd3d3Lm1ldHJvcG9sZXMuY29tL2JyYXNpbC9jaHV2YS12b2x0YS1hLWNhc3RpZ2FyLW8tc3VsLWRhLWJhaGlhLTY2LWNpZGFkZXMtZW5mcmVudGFtLWVtZXJnZW5jaWHSAQA?hl=pt-BR&gl=BR&ceid=BR%3Apt-419
GO: bombeiros usam helicóptero e barco para ajudar ilhados em enchente,Metrópoles,31 de dez. de 2021,https://news.google.com/articles/CBMiZ2h0dHBzOi8vd3d3Lm1ldHJvcG9sZXMuY29tL2JyYXNpbC9nby1ib21iZWlyb3MtdXNhbS1oZWxpY29wdGVyby1lLWJhcmNvLXBhcmEtYWp1ZGFyLWlsaGFkb3MtZW0tZW5jaGVudGXSAQA?hl=pt-BR&gl=BR&ceid=BR%3Apt-419
O que o futuro do clima reserva para quem nasceu em 2021? Confira,Metrópoles,29 de set. de 2021,https://news.google.com/articles/CBMiZ2h0dHBzOi8vd3d3Lm1ldHJvcG9sZXMuY29tL211bmRvL2NsaW1hL28tcXVlLW8tZnV0dXJvLWRvLWNsaW1hLXJlc2VydmEtcGFyYS1xdWVtLW5hc2NldS1lbS0yMDIxLWNvbmZpcmHSAQA?hl=pt-BR&gl=BR&ceid=BR%3Apt-419
Calamidade na Bahia: veja quem são as vítimas das chuvas,Metrópoles,27 de dez. de 2021,https://news.google.com/articles/CBMiWWh0dHBzOi8vd3d3Lm1ldHJvcG9sZXMuY29tL2JyYXNpbC9jYWxhbWlkYWRlLW5hLWJhaGlhLXZlamEtcXVlbS1zYW8tYXMtdml0aW1hcy1kYXMtY2h1dmFz0gEA?hl=pt-BR&gl=BR&ceid=BR%3Apt-419
"Moradores da Vila Cauhy lamentam perdas após inundação: ""Desespero""",Metrópoles,22 de fev. de 2021,https://news.google.com/articles/CBMibGh0dHBzOi8vd3d3Lm1ldHJvcG9sZXMuY29tL2Rpc3RyaXRvLWZlZGVyYWwvbW9yYWRvcmVzLWRhLXZpbGEtY2F1aHktbGFtZW50YW0tcGVyZGFzLWFwb3MtaW51bmRhY2FvLWRlc2VzcGVyb9IBAA?hl=pt-BR&gl=BR&ceid=BR%3Apt-419
Vídeo: famílias de Itororó (BA) são resgatadas em barcos após chuva,Metrópoles,25 de dez. de 2021,https://news.google.com/articles/CBMiYmh0dHBzOi8vd3d3Lm1ldHJvcG9sZXMuY29tL2JyYXNpbC92aWRlby1mYW1pbGlhcy1kZS1pdG9yb3JvLWJhLXNhby1yZXNnYXRhZGFzLWVtLWJhcmNvcy1hcG9zLWNodXZh0gEA?hl=pt-BR&gl=BR&ceid=BR%3Apt-419
Vídeo. Bombeiros do DF resgatam moradores de enchente na Vila Cauhy,Metrópoles,20 de fev. de 2021,https://news.google.com/articles/CBMibmh0dHBzOi8vd3d3Lm1ldHJvcG9sZXMuY29tL2Rpc3RyaXRvLWZlZGVyYWwvdmlkZW8tYm9tYmVpcm9zLWRvLWRmLXJlc2dhdGFtLW1vcmFkb3Jlcy1kZS1lbmNoZW50ZS1uYS12aWxhLWNhdWh50gEA?hl=pt-BR&gl=BR&ceid=BR%3Apt-419
Veja quais famosos escolheram Capri para as férias de verão de 2021,Metrópoles,7 de ago. de 2021,https://news.google.com/articles/CBMid2h0dHBzOi8vd3d3Lm1ldHJvcG9sZXMuY29tL2NvbHVuYXMvY2xhdWRpYS1tZWlyZWxlcy92ZWphLXF1YWlzLWZhbW9zb3MtZXNjb2xoZXJhbS1jYXByaS1wYXJhLWFzLWZlcmlhcy1kZS12ZXJhby1kZS0yMDIx0gEA?hl=pt-BR&gl=BR&ceid=BR%3Apt-419
"Ajude a Vila Cauhy. Depois de inundação, moradores precisam de doações",Metrópoles,22 de fev. de 2021,https://news.google.com/articles/CBMicGh0dHBzOi8vd3d3Lm1ldHJvcG9sZXMuY29tL2Rpc3RyaXRvLWZlZGVyYWwvYWp1ZGUtYS12aWxhLWNhdWh5LWRlcG9pcy1kZS1pbnVuZGFjYW8tbW9yYWRvcmVzLXByZWNpc2FtLWRlLWRvYWNvZXPSAQA?hl=pt-BR&gl=BR&ceid=BR%3Apt-419
Chapada dos Veadeiros: chuva destruiu 6 pontes e isolou mil famílias,Metrópoles,28 de dez. de 2021,https://news.google.com/articles/CBMiXmh0dHBzOi8vd3d3Lm1ldHJvcG9sZXMuY29tL2JyYXNpbC9lbmNoZW50ZS1uYS1jaGFwYWRhLWRvcy12ZWFkZWlyb3MtZ28tZGVpeGEtbW9yYWRvcmVzLWlsaGFkb3PSAQA?hl=pt-BR&gl=BR&ceid=BR%3Apt-419
Rio amanhece em estágio de atenção após noite de chuva forte na cidade,Metrópoles,31 de mai. de 2021,https://news.google.com/articles/CBMiaGh0dHBzOi8vd3d3Lm1ldHJvcG9sZXMuY29tL2JyYXNpbC9yaW8tYW1hbmhlY2UtZW0tZXN0YWdpby1kZS1hdGVuY2FvLWFwb3Mtbm9pdGUtZGUtY2h1dmEtZm9ydGUtbmEtY2lkYWRl0gEA?hl=pt-BR&gl=BR&ceid=BR%3Apt-419
Bahia: pacientes de hospital são resgatados em botes e jet skis,Metrópoles,27 de dez. de 2021,https://news.google.com/articles/CBMiYGh0dHBzOi8vd3d3Lm1ldHJvcG9sZXMuY29tL2JyYXNpbC9iYWhpYS1wYWNpZW50ZXMtZGUtaG9zcGl0YWwtc2FvLXJlc2dhdGFkb3MtZW0tYm90ZXMtZS1qZXQtc2tpc9IBAA?hl=pt-BR&gl=BR&ceid=BR%3Apt-419
Chuvas na Bahia: número de mortos pelas enchentes sobe para 25,Metrópoles,30 de dez. de 2021,https://news.google.com/articles/CBMiX2h0dHBzOi8vd3d3Lm1ldHJvcG9sZXMuY29tL2JyYXNpbC9jaHV2YXMtbmEtYmFoaWEtbnVtZXJvLWRlLW1vcnRvcy1wZWxhcy1lbmNoZW50ZXMtc29iZS1wYXJhLTI10gEA?hl=pt-BR&gl=BR&ceid=BR%3Apt-419
"DF tem o mês de fevereiro mais chuvoso da história, diz Inmet",Metrópoles,22 de fev. de 2021,https://news.google.com/articles/CBMicWh0dHBzOi8vd3d3Lm1ldHJvcG9sZXMuY29tL2Rpc3RyaXRvLWZlZGVyYWwvY2xpbWEtZGYvZGYtdGVtLW8tbWVzLWRlLWZldmVyZWlyby1tYWlzLWNodXZvc28tZGEtaGlzdG9yaWEtZGl6LWlubWV00gEA?hl=pt-BR&gl=BR&ceid=BR%3Apt-419
Inmet emite alerta laranja para tempestade e ventos de até 100km/h,Metrópoles,6 de dez. de 2021,https://news.google.com/articles/CBMibmh0dHBzOi8vd3d3Lm1ldHJvcG9sZXMuY29tL2Rpc3RyaXRvLWZlZGVyYWwvaW5tZXQtZW1pdGUtYWxlcnRhLWxhcmFuamEtcGFyYS10ZW1wZXN0YWRlLWUtdmVudG9zLWRlLWF0ZS0xMDBrbS1o0gEA?hl=pt-BR&gl=BR&ceid=BR%3Apt-419
Safadão doa cachê de show para vítimas dos temporais na Bahia,Metrópoles,27 de dez. de 2021,https://news.google.com/articles/CBMiaWh0dHBzOi8vd3d3Lm1ldHJvcG9sZXMuY29tL2NvbHVuYXMvbGVvLWRpYXMvc2FmYWRhby1kb2EtY2FjaGUtZGUtc2hvdy1wYXJhLXZpdGltYXMtZG9zLXRlbXBvcmFpcy1uYS1iYWhpYdIBAA?hl=pt-BR&gl=BR&ceid=BR%3Apt-419
Paraná: temporal deixa estragos com ventos de quase 100 km/h e granizo,Metrópoles,23 de out. de 2021,https://news.google.com/articles/CBMiZ2h0dHBzOi8vd3d3Lm1ldHJvcG9sZXMuY29tL2JyYXNpbC9wYXJhbmEtdGVtcG9yYWwtZGVpeGEtZXN0cmFnb3MtY29tLXZlbnRvcy1kZS1xdWFzZS0xMDAta20taC1lLWdyYW5pem_SAQA?hl=pt-BR&gl=BR&ceid=BR%3Apt-419
Felipe Neto e Whindersson pedem ajuda para vítimas de chuvas na Bahia,Metrópoles,10 de dez. de 2021,https://news.google.com/articles/CBMiZ2h0dHBzOi8vd3d3Lm1ldHJvcG9sZXMuY29tL2JyYXNpbC9mZWxpcGUtbmV0by1lLXdoaW5kZXJzc29uLXBlZGVtLWFqdWRhLXBhcmEtdml0aW1hcy1kZS1jaHV2YXMtbmEtYmFoaWHSAQA?hl=pt-BR&gl=BR&ceid=BR%3Apt-419
"Governo federal libera R$ 1,2 mi para cidade atingida pela chuva na BA",Metrópoles,10 de dez. de 2021,https://news.google.com/articles/CBMiZmh0dHBzOi8vd3d3Lm1ldHJvcG9sZXMuY29tL2JyYXNpbC9nb3Zlcm5vLWZlZGVyYWwtbGliZXJhLXItMTItbWktcGFyYS1jaWRhZGUtYXRpbmdpZGEtcGVsYS1jaHV2YS1uYS1iYdIBAA?hl=pt-BR&gl=BR&ceid=BR%3Apt-419
Forte chuva deixa a EPTG alagada nesta segunda-feira,Metrópoles,20 de dez. de 2021,https://news.google.com/articles/CBMiYGh0dHBzOi8vd3d3Lm1ldHJvcG9sZXMuY29tL2Rpc3RyaXRvLWZlZGVyYWwvZm9ydGUtY2h1dmEtZGVpeGEtYS1lcHRnLWFsYWdhZGEtbmVzdGEtc2VndW5kYS1mZWlyYdIBAA?hl=pt-BR&gl=BR&ceid=BR%3Apt-419
"Boneco do Patrick, de Bob Esponja, entope rede de água em Vila Velha",Metrópoles,27 de out. de 2021,https://news.google.com/articles/CBMiZGh0dHBzOi8vd3d3Lm1ldHJvcG9sZXMuY29tL2JyYXNpbC9ib25lY28tZG8tcGF0cmljay1kZS1ib2ItZXNwb25qYS1lbnRvcGUtcmVkZS1kZS1hZ3VhLWVtLXZpbGEtdmVsaGHSAQA?hl=pt-BR&gl=BR&ceid=BR%3Apt-419
Goiânia registra alagamentos e prejuízos após chuva nesta terça,Metrópoles,2 de mar. de 2021,https://news.google.com/articles/CBMiYWh0dHBzOi8vd3d3Lm1ldHJvcG9sZXMuY29tL2JyYXNpbC9nb2lhbmlhLXJlZ2lzdHJhLWFsYWdhbWVudG9zLWUtcHJlanVpem9zLWFwb3MtY2h1dmEtbmVzdGEtdGVyY2HSAQA?hl=pt-BR&gl=BR&ceid=BR%3Apt-419
"Sem máscara, contrariando orientação do MP, Bolsonaro inaugura ponte",Metrópoles,7 de mai. de 2021,https://news.google.com/articles/CBMidGh0dHBzOi8vd3d3Lm1ldHJvcG9sZXMuY29tL2JyYXNpbC9wb2xpdGljYS1icmFzaWwvc2VtLW1hc2NhcmEtY29udHJhcmlhbmRvLW9yaWVudGFjYW8tZG8tbXAtYm9sc29uYXJvLWluYXVndXJhLXBvbnRl0gEA?hl=pt-BR&gl=BR&ceid=BR%3Apt-419
Moradores ficam desalojados e um morre após temporal no Rio de Janeiro,Metrópoles,18 de dez. de 2021,https://news.google.com/articles/CBMiaGh0dHBzOi8vd3d3Lm1ldHJvcG9sZXMuY29tL2JyYXNpbC9tb3JhZG9yZXMtZmljYW0tZGVzYWxvamFkb3MtZS11bS1tb3JyZS1hcG9zLXRlbXBvcmFsLW5vLXJpby1kZS1qYW5laXJv0gEA?hl=pt-BR&gl=BR&ceid=BR%3Apt-419
"Vídeo: em cima de prancha, homem ""surfa"" em rua alagada pela chuva no DF",Metrópoles,4 de jan. de 2021,https://news.google.com/articles/CBMicGh0dHBzOi8vd3d3Lm1ldHJvcG9sZXMuY29tL2Rpc3RyaXRvLWZlZGVyYWwvdmlkZW8tZW0tY2ltYS1kZS1wcmFuY2hhLWhvbWVtLXN1cmZhLWVtLXJ1YS1hbGFnYWRhLXBlbGEtY2h1dmEtbm8tZGbSAQA?hl=pt-BR&gl=BR&ceid=BR%3Apt-419
Vídeo registra momento em que casa desaba na BA após chuva intensa,Metrópoles,28 de dez. de 2021,https://news.google.com/articles/CBMiZGh0dHBzOi8vd3d3Lm1ldHJvcG9sZXMuY29tL2JyYXNpbC92aWRlby1yZWdpc3RyYS1tb21lbnRvLWVtLXF1ZS1jYXNhLWRlc2FiYS1uYS1iYS1hcG9zLWNodXZhLWludGVuc2HSAQA?hl=pt-BR&gl=BR&ceid=BR%3Apt-419
Bolsonaro destina R$ 700 milhões a regiões afetadas por chuvas,Metrópoles,31 de dez. de 2021,https://news.google.com/articles/CBMib2h0dHBzOi8vd3d3Lm1ldHJvcG9sZXMuY29tL2JyYXNpbC9wb2xpdGljYS1icmFzaWwvYm9sc29uYXJvLWRlc3RpbmEtci03MDAtbWlsaG9lcy1hLXJlZ2lvZXMtYWZldGFkYXMtcG9yLWNodXZhc9IBAA?hl=pt-BR&gl=BR&ceid=BR%3Apt-419
Cidade de Tatuí (SP) enfrenta surto de dengue em meio à pandemia,Metrópoles,9 de abr. de 2021,https://news.google.com/articles/CBMiYGh0dHBzOi8vd3d3Lm1ldHJvcG9sZXMuY29tL2JyYXNpbC9jaWRhZGUtZGUtdGF0dWktc3AtZW5mcmVudGEtc3VydG8tZGUtZGVuZ3VlLWVtLW1laW8tYS1wYW5kZW1pYdIBAA?hl=pt-BR&gl=BR&ceid=BR%3Apt-419
Inep divulga gabaritos da reaplicação do Enem. Resultado sai em março,Metrópoles,1 de mar. de 2021,https://news.google.com/articles/CBMiZmh0dHBzOi8vd3d3Lm1ldHJvcG9sZXMuY29tL2JyYXNpbC9pbmVwLWRpdnVsZ2EtZ2FiYXJpdG9zLWRhLXJlYXBsaWNhY2FvLWRvLWVuZW0tcmVzdWx0YWRvLXNhaS1lbS1tYXJjb9IBAA?hl=pt-BR&gl=BR&ceid=BR%3Apt-419
Vídeo. Córrego transborda novamente e invade casas na Vila Cauhy,Metrópoles,22 de fev. de 2021,https://news.google.com/articles/CBMia2h0dHBzOi8vd3d3Lm1ldHJvcG9sZXMuY29tL2Rpc3RyaXRvLWZlZGVyYWwvdmlkZW8tY29ycmVnby10cmFuc2JvcmRhLW5vdmFtZW50ZS1lLWludmFkZS1jYXNhcy1uYS12aWxhLWNhdWh50gEA?hl=pt-BR&gl=BR&ceid=BR%3Apt-419
OMS investiga doença misteriosa que matou 89 pessoas no Sudão do Sul,Metrópoles,14 de dez. de 2021,https://news.google.com/articles/CBMiZWh0dHBzOi8vd3d3Lm1ldHJvcG9sZXMuY29tL3NhdWRlL29tcy1pbnZlc3RpZ2EtZG9lbmNhLW1pc3Rlcmlvc2EtcXVlLW1hdG91LTg5LXBlc3NvYXMtbm8tc3VkYW8tZG8tc3Vs0gEA?hl=pt-BR&gl=BR&ceid=BR%3Apt-419
Bolsonaro pode responder por não uso de máscara em inauguração de obra,Metrópoles,30 de abr. de 2021,https://news.google.com/articles/CBMieGh0dHBzOi8vd3d3Lm1ldHJvcG9sZXMuY29tL2JyYXNpbC9wb2xpdGljYS1icmFzaWwvYm9sc29uYXJvLXBvZGUtcmVzcG9uZGVyLXBvci1uYW8tdXNvLWRlLW1hc2NhcmEtZW0taW5hdWd1cmFjYW8tZGUtb2JyYdIBAA?hl=pt-BR&gl=BR&ceid=BR%3Apt-419
Renda de catadores do Norte e Nordeste é menor que 1 salário mínimo,Metrópoles,21 de dez. de 2021,https://news.google.com/articles/CBMiZWh0dHBzOi8vd3d3Lm1ldHJvcG9sZXMuY29tL2JyYXNpbC9yZW5kYS1kZS1jYXRhZG9yZXMtZG8tbm9ydGUtZS1ub3JkZXN0ZS1lLW1lbm9yLXF1ZS0xLXNhbGFyaW8tbWluaW1v0gEA?hl=pt-BR&gl=BR&ceid=BR%3Apt-419
Redação do Enem tem como tema a falta de empatia nas relações sociais,Metrópoles,23 de fev. de 2021,https://news.google.com/articles/CBMic2h0dHBzOi8vd3d3Lm1ldHJvcG9sZXMuY29tL2JyYXNpbC9lZHVjYWNhby1ici9yZWRhY2FvLWRvLWVuZW0tdGVtLWNvbW8tdGVtYS1hLWZhbHRhLWRlLWVtcGF0aWEtbmFzLXJlbGFjb2VzLXNvY2lhaXPSAQA?hl=pt-BR&gl=BR&ceid=BR%3Apt-419
Risco de ataque por escorpiões cresce com chuvas. Saiba se proteger,Metrópoles,26 de out. de 2021,https://news.google.com/articles/CBMibmh0dHBzOi8vd3d3Lm1ldHJvcG9sZXMuY29tL2Rpc3RyaXRvLWZlZGVyYWwvcmlzY28tZGUtYXRhcXVlLXBvci1lc2NvcnBpb2VzLWNyZXNjZS1jb20tY2h1dmFzLXNhaWJhLXNlLXByb3RlZ2Vy0gEA?hl=pt-BR&gl=BR&ceid=BR%3Apt-419
Chuva forte isola mil pessoas no sul da Bahia; veja vídeos,Metrópoles,10 de dez. de 2021,https://news.google.com/articles/CBMiW2h0dHBzOi8vd3d3Lm1ldHJvcG9sZXMuY29tL2JyYXNpbC9jaHV2YS1mb3J0ZS1pc29sYS1taWwtcGVzc29hcy1uby1zdWwtZGEtYmFoaWEtdmVqYS12aWRlb3PSAQA?hl=pt-BR&gl=BR&ceid=BR%3Apt-419
Relatório da CGDF aponta falhas graves em obras de Vicente Pires,Metrópoles,22 de nov. de 2021,https://news.google.com/articles/CBMibGh0dHBzOi8vd3d3Lm1ldHJvcG9sZXMuY29tL2Rpc3RyaXRvLWZlZGVyYWwvcmVsYXRvcmlvLWRhLWNnZGYtYXBvbnRhLWZhbGhhcy1ncmF2ZXMtZW0tb2JyYXMtZGUtdmljZW50ZS1waXJlc9IBAA?hl=pt-BR&gl=BR&ceid=BR%3Apt-419
"Lula pede a Rui Costa que não haja ""veto"" às Forças Armadas na Bahia",Metrópoles,27 de dez. de 2021,https://news.google.com/articles/CBMidGh0dHBzOi8vd3d3Lm1ldHJvcG9sZXMuY29tL2JyYXNpbC9wb2xpdGljYS1icmFzaWwvbHVsYS1wZWRlLWEtcnVpLWNvc3RhLXF1ZS1uYW8taGFqYS12ZXRvLWFzLWZvcmNhcy1hcm1hZGFzLW5hLWJhaGlh0gEA?hl=pt-BR&gl=BR&ceid=BR%3Apt-419
Vídeo. Chuva forte derruba árvores e causa alagamentos no DF,Metrópoles,10 de out. de 2021,https://news.google.com/articles/CBMiZ2h0dHBzOi8vd3d3Lm1ldHJvcG9sZXMuY29tL2Rpc3RyaXRvLWZlZGVyYWwvdmlkZW8tY2h1dmEtZm9ydGUtZGVycnViYS1hcnZvcmVzLWUtY2F1c2EtYWxhZ2FtZW50b3Mtbm8tZGbSAQA?hl=pt-BR&gl=BR&ceid=BR%3Apt-419
Festa clandestina em enchente de rio termina com 26 prisões no Amapá,Metrópoles,27 de mai. de 2021,https://news.google.com/articles/CBMiZmh0dHBzOi8vd3d3Lm1ldHJvcG9sZXMuY29tL2JyYXNpbC9mZXN0YS1jbGFuZGVzdGluYS1lbS1lbmNoZW50ZS1kZS1yaW8tdGVybWluYS1jb20tMjYtcHJpc29lcy1uby1hbWFwYdIBAA?hl=pt-BR&gl=BR&ceid=BR%3Apt-419
Menina de 4 anos reencontra boneca perdida em enchente,Metrópoles,12 de ago. de 2021,https://news.google.com/articles/CBMiV2h0dHBzOi8vd3d3Lm1ldHJvcG9sZXMuY29tL211bmRvL21lbmluYS1kZS00LWFub3MtcmVlbmNvbnRyYS1ib25lY2EtcGVyZGlkYS1lbS1lbmNoZW50ZdIBAA?hl=pt-BR&gl=BR&ceid=BR%3Apt-419
"Feriado será de muita chuva no Distrito Federal, prevê Inmet",Metrópoles,11 de out. de 2021,https://news.google.com/articles/CBMiZ2h0dHBzOi8vd3d3Lm1ldHJvcG9sZXMuY29tL2Rpc3RyaXRvLWZlZGVyYWwvZmVyaWFkby1zZXJhLWRlLW11aXRhLWNodXZhLW5vLWRpc3RyaXRvLWZlZGVyYWwtcHJldmUtaW5tZXTSAQA?hl=pt-BR&gl=BR&ceid=BR%3Apt-419
Vídeo: idoso resgatado com água no peito na Bahia salvou só documentos,Metrópoles,26 de dez. de 2021,https://news.google.com/articles/CBMiZ2h0dHBzOi8vd3d3Lm1ldHJvcG9sZXMuY29tL2JyYXNpbC92aWRlby1pZG9zby1yZXNnYXRhZG8tY29tLWFndWEtbm8tcGVpdG8tbmEtYmFoaWEtc2Fsdm91LXNvLWRvY3VtZW50b3PSAQA?hl=pt-BR&gl=BR&ceid=BR%3Apt-419
"Governador diz que Acre vive 3ª Guerra com enchente, Covid-19 e dengue",Metrópoles,21 de fev. de 2021,https://news.google.com/articles/CBMiZ2h0dHBzOi8vd3d3Lm1ldHJvcG9sZXMuY29tL2JyYXNpbC9nb3Zlcm5hZG9yLWRpei1xdWUtYWNyZS12aXZlLTNhLWd1ZXJyYS1jb20tZW5jaGVudGUtY292aWQtMTktZS1kZW5ndWXSAQA?hl=pt-BR&gl=BR&ceid=BR%3Apt-419
Chuva forte provoca alagamentos nas pistas do DF neste sábado,Metrópoles,13 de fev. de 2021,https://news.google.com/articles/CBMiaWh0dHBzOi8vd3d3Lm1ldHJvcG9sZXMuY29tL2Rpc3RyaXRvLWZlZGVyYWwvY2h1dmEtZm9ydGUtcHJvdm9jYS1hbGFnYW1lbnRvcy1uYXMtcGlzdGFzLWRvLWRmLW5lc3RlLXNhYmFkb9IBAA?hl=pt-BR&gl=BR&ceid=BR%3Apt-419
Bolsonaro confirma repasse de R$ 450 mi a regiões afetadas por chuvas,Metrópoles,22 de fev. de 2021,https://news.google.com/articles/CBMidmh0dHBzOi8vd3d3Lm1ldHJvcG9sZXMuY29tL2JyYXNpbC9wb2xpdGljYS1icmFzaWwvYm9sc29uYXJvLWNvbmZpcm1hLXJlcGFzc2UtZGUtci00NTAtbWktYS1yZWdpb2VzLWFmZXRhZGFzLXBvci1jaHV2YXPSAQA?hl=pt-BR&gl=BR&ceid=BR%3Apt-419
Vídeo. Enchente forma cascata em escada de estação de trem paulista,Metrópoles,28 de dez. de 2021,https://news.google.com/articles/CBMiZGh0dHBzOi8vd3d3Lm1ldHJvcG9sZXMuY29tL2JyYXNpbC92aWRlby1lbmNoZW50ZS1mb3JtYS1jYXNjYXRhLWVtLWVzY2FkYS1kZS1lc3RhY2FvLWRlLXRyZW0tcGF1bGlzdGHSAQA?hl=pt-BR&gl=BR&ceid=BR%3Apt-419
Estação do Metrô-DF fica alagada após forte chuva,Metrópoles,10 de out. de 2021,https://news.google.com/articles/CBMiXWh0dHBzOi8vd3d3Lm1ldHJvcG9sZXMuY29tL2Rpc3RyaXRvLWZlZGVyYWwvZXN0YWNhby1kby1tZXRyby1kZi1maWNhLWFsYWdhZGEtYXBvcy1mb3J0ZS1jaHV2YdIBAA?hl=pt-BR&gl=BR&ceid=BR%3Apt-419
Menino de 2 anos morre afogado em bairro atingido por enchente no Acre,Metrópoles,20 de fev. de 2021,https://news.google.com/articles/CBMiaGh0dHBzOi8vd3d3Lm1ldHJvcG9sZXMuY29tL2JyYXNpbC9tZW5pbm8tZGUtMi1hbm9zLW1vcnJlLWFmb2dhZG8tZW0tYmFpcnJvLWF0aW5naWRvLXBvci1lbmNoZW50ZS1uby1hY3Jl0gEA?hl=pt-BR&gl=BR&ceid=BR%3Apt-419
Inmet prevê tempestade com ventos de 100km/h na noite de Natal no DF,Metrópoles,24 de dez. de 2021,https://news.google.com/articles/CBMicGh0dHBzOi8vd3d3Lm1ldHJvcG9sZXMuY29tL2Rpc3RyaXRvLWZlZGVyYWwvaW5tZXQtcHJldmUtdGVtcGVzdGFkZS1jb20tdmVudG9zLWRlLTEwMGttLWgtbmEtbm9pdGUtZGUtbmF0YWwtbm8tZGbSAQA?hl=pt-BR&gl=BR&ceid=BR%3Apt-419
Vídeos mostram enchente na região da Chapada dos Veadeiros (GO),Metrópoles,28 de dez. de 2021,https://news.google.com/articles/CBMiX2h0dHBzOi8vd3d3Lm1ldHJvcG9sZXMuY29tL2JyYXNpbC92aWRlb3MtbW9zdHJhbS1lbmNoZW50ZS1uYS1yZWdpYW8tZGEtY2hhcGFkYS1kb3MtdmVhZGVpcm9zLWdv0gEA?hl=pt-BR&gl=BR&ceid=BR%3Apt-419
Áreas ocupadas por favelas no Brasil dobraram desde 1985,Metrópoles,4 de nov. de 2021,https://news.google.com/articles/CBMiWmh0dHBzOi8vd3d3Lm1ldHJvcG9sZXMuY29tL2JyYXNpbC9hcmVhcy1vY3VwYWRhcy1wb3ItZmF2ZWxhcy1uby1icmFzaWwtZG9icmFyYW0tZGVzZGUtMTk4NdIBAA?hl=pt-BR&gl=BR&ceid=BR%3Apt-419
Maior tempestade em mil anos deixa 25 mortos na China,Metrópoles,21 de jul. de 2021,https://news.google.com/articles/CBMiVmh0dHBzOi8vd3d3Lm1ldHJvcG9sZXMuY29tL211bmRvL21haW9yLXRlbXBlc3RhZGUtZW0tbWlsLWFub3MtZGVpeGEtMjUtbW9ydG9zLW5hLWNoaW5h0gEA?hl=pt-BR&gl=BR&ceid=BR%3Apt-419
Provas do Enem são canceladas por enchente em município do Amazonas,Metrópoles,23 de fev. de 2021,https://news.google.com/articles/CBMicWh0dHBzOi8vd3d3Lm1ldHJvcG9sZXMuY29tL2JyYXNpbC9lZHVjYWNhby1ici9wcm92YXMtZG8tZW5lbS1zYW8tY2FuY2VsYWRhcy1wb3ItZW5jaGVudGUtZW0tbXVuaWNpcGlvLWRvLWFtYXpvbmFz0gEA?hl=pt-BR&gl=BR&ceid=BR%3Apt-419
"1993agosto, colaborador de Anitta e Djonga, morre afogado aos 27 anos",Metrópoles,24 de fev. de 2021,https://news.google.com/articles/CBMiZWh0dHBzOi8vd3d3Lm1ldHJvcG9sZXMuY29tL2JyYXNpbC8xOTkzYWdvc3RvLWNvbGFib3JhZG9yLWRlLWFuaXR0YS1lLWRqb25nYS1tb3JyZS1hZm9nYWRvLWFvcy0yNy1hbm9z0gEA?hl=pt-BR&gl=BR&ceid=BR%3Apt-419
"Sul da Bahia recebeu só 2,1% de verba federal para prevenir desastres",Metrópoles,27 de dez. de 2021,https://news.google.com/articles/CBMidmh0dHBzOi8vd3d3Lm1ldHJvcG9sZXMuY29tL2NvbHVuYXMvZ3VpbGhlcm1lLWFtYWRvL3N1bC1kYS1iYWhpYS1yZWNlYmV1LXNvLTIxLWRlLXZlcmJhLWZlZGVyYWwtcGFyYS1wcmV2ZW5pci1kZXNhc3RyZXPSAQA?hl=pt-BR&gl=BR&ceid=BR%3Apt-419
Vídeo: chuva forte causa estragos em Formosa neste domingo (18/4),Metrópoles,18 de abr. de 2021,https://news.google.com/articles/CBMicmh0dHBzOi8vd3d3Lm1ldHJvcG9sZXMuY29tL2Rpc3RyaXRvLWZlZGVyYWwvZW50b3Juby92aWRlby1jaHV2YS1mb3J0ZS1jYXVzYS1lc3RyYWdvcy1lbS1mb3Jtb3NhLW5lc3RlLWRvbWluZ28tMTgtNNIBAA?hl=pt-BR&gl=BR&ceid=BR%3Apt-419
Artistas se unem para enviar donativos às cidades inundadas do Acre,Metrópoles,21 de fev. de 2021,https://news.google.com/articles/CBMiZWh0dHBzOi8vd3d3Lm1ldHJvcG9sZXMuY29tL2JyYXNpbC9hcnRpc3Rhcy1zZS11bmVtLXBhcmEtZW52aWFyLWRvbmF0aXZvcy1hcy1jaWRhZGVzLWludW5kYWRhcy1kby1hY3Jl0gEA?hl=pt-BR&gl=BR&ceid=BR%3Apt-419
Bahia: Rui Costa decreta situação de emergência em mais 47 municípios,Metrópoles,26 de dez. de 2021,https://news.google.com/articles/CBMiZmh0dHBzOi8vd3d3Lm1ldHJvcG9sZXMuY29tL2JyYXNpbC9iYWhpYS1ydWktY29zdGEtZGVjcmV0YS1zaXR1YWNhby1kZS1lbWVyZ2VuY2lhLWVtLW1haXMtNDctbXVuaWNpcGlvc9IBAA?hl=pt-BR&gl=BR&ceid=BR%3Apt-419
