query,csv
"site:globo.com enchente ""2021""'",globoenchente2021.csv
"site:noticias.uol.com.br enchente ""2021""'",uolenchente2021.csv
"site:terra.com.br enchente ""2021""'",terraenchente2021.csv
"site:metropoles.com enchente ""2021""'",metropolesenchente2021.csv
"site:globo.com onda de calor ""2021""'",globoheatwave2021.csv
"site:noticias.uol.com.br onda de calor ""2021""'",uolheatwave2021.csv
"site:terra.com.br onda de calor ""2021""'",terraheatwave2021.csv
"site:metropoles.com onda de calor""2021""'",metropolesheatwave2021.csv
"site:globo.com ciclone ""2021""'",globociclone2021.csv
"site:noticias.uol.com.br ciclone ""2021""'",uolciclone2021.csv
"site:terra.com.br ciclone ""2021""'",terraciclone2021.csv
"site:metropoles.com ciclone ""2021""'",metropolesciclone2021.csv
"site:globo.com tempestade ""2021""'",globotempestade2021.csv
"site:noticias.uol.com.br tempestade ""2021""'",uoltempestade2021.csv
"site:terra.com.br tempestade ""2021""'",terratempestade2021.csv
"site:metropoles.com tempestade ""2021""'",metropolestempestade2021.csv
"site:globo.com chuvas ""2021""'",globochuvas2021.csv
"site:noticias.uol.com.br chuvas ""2021""'",uolchuvas2021.csv
"site:terra.com.br chuvas ""2021""'",terrachuvas2021.csv
"site:metropoles.com chuvas ""2021""'",metropoleschuvas2021.csv
"site:globo.com seca ""2021""'",globoseca2021.csv
"site:noticias.uol.com.br seca ""2021""'",uolseca2021.csv
"site:terra.com.br seca ""2021""'",terraseca2021.csv
"site:metropoles.com seca ""2021""'",metropolesseca2021.csv
"site:globo.com mudanças climátcas ""2021""'",globochange2021.csv
"site:noticias.uol.com.br mudanças climátcas ""2021""'",uolchange2021.csv
"site:terra.com.br mudanças climátcas ""2021""'",terrachange2021.csv
"site:metropoles.com mudanças climátcas""2021""'",metropoleschange2021.csv
"site:globo.com extremos climáticos ""2021""'",globoextreme2021.csv
"site:noticias.uol.com.br extremos climáticos ""2021""'",uolextreme2021.csv
"site:terra.com.br extremos climáticos ""2021""'",terraextreme2021.csv
"site:metropoles.com extremos climáticos ""2021""'",metropolesextreme2021.csv