"","Title","Source","Time","Link"
"1","Após ""Novo Mundo"", Globo fará novela das seis sobre dom Pedro II","Metrópoles","25 de dez. de 2017","https://news.google.com/articles/CBMicWh0dHBzOi8vd3d3Lm1ldHJvcG9sZXMuY29tL2VudHJldGVuaW1lbnRvL3RlbGV2aXNhby9hcG9zLW5vdm8tbXVuZG8tZ2xvYm8tZmFyYS1ub3ZlbGEtZGFzLXNlaXMtc29icmUtZG9tLXBlZHJvLWlp0gEA?hl=pt-BR&gl=BR&ceid=BR%3Apt-419"
"2","Casa feita por Faro à menina que salvou livros de enchente é criticada","Metrópoles","24 de dez. de 2017","https://news.google.com/articles/CBMieGh0dHBzOi8vd3d3Lm1ldHJvcG9sZXMuY29tL2VudHJldGVuaW1lbnRvL3RlbGV2aXNhby9tb3JhZG9yZXMtY3JpdGljYW0tcXVhbGlkYWRlLWRlLWNhc2EtZmVpdGEtcGVsYS1yZWNvcmQtZW0tcGVybmFtYnVjb9IBAA?hl=pt-BR&gl=BR&ceid=BR%3Apt-419"
"3","Vídeo mostra menino de 3 anos brincando com cobra de 80kg, no Vietnã","Metrópoles","15 de out. de 2017","https://news.google.com/articles/CBMieGh0dHBzOi8vd3d3Lm1ldHJvcG9sZXMuY29tL3NhaS1kby1zZXJpby90YS1ib21iYW5kby92aWRlby1tb3N0cmEtbWVuaW5vLWRlLTMtYW5vcy1icmluY2FuZG8tY29tLWNvYnJhLWRlLTgwa2ctbm8tdmlldG5hbdIBAA?hl=pt-BR&gl=BR&ceid=BR%3Apt-419"
"4","Deslizamentos no Peru destroem cemitério e arrastam dois mil corpos","Metrópoles","30 de mar. de 2017","https://news.google.com/articles/CBMiZGh0dHBzOi8vd3d3Lm1ldHJvcG9sZXMuY29tL211bmRvL2Rlc2xpemFtZW50b3Mtbm8tcGVydS1kZXN0cm9lbS1jZW1pdGVyaW8tZS1hcnJhc3RhbS1kb2lzLW1pbC1jb3Jwb3PSAQA?hl=pt-BR&gl=BR&ceid=BR%3Apt-419"
"5","Sistema de alerta de riscos de desastres naturais será ampliado","Metrópoles","14 de set. de 2017","https://news.google.com/articles/CBMiYWh0dHBzOi8vd3d3Lm1ldHJvcG9sZXMuY29tL2JyYXNpbC9zaXN0ZW1hLWRlLWFsZXJ0YS1kZS1yaXNjb3MtZGUtZGVzYXN0cmVzLW5hdHVyYWlzLXNlcmEtYW1wbGlhZG_SAQA?hl=pt-BR&gl=BR&ceid=BR%3Apt-419"
"6","ONU confirma calor recorde: ""Clima entrou em território desconhecido""","Metrópoles","21 de mar. de 2017","https://news.google.com/articles/CBMiaWh0dHBzOi8vd3d3Lm1ldHJvcG9sZXMuY29tL211bmRvL2NsaW1hL29udS1jb25maXJtYS1jYWxvci1yZWNvcmRlLWNsaW1hLWVudHJvdS1lbS10ZXJyaXRvcmlvLWRlc2NvbmhlY2lkb9IBAA?hl=pt-BR&gl=BR&ceid=BR%3Apt-419"
"7","Dez filmes para ver na Netflix antes do fim do mundo","Metrópoles","1 de set. de 2017","https://news.google.com/articles/CBMiZWh0dHBzOi8vd3d3Lm1ldHJvcG9sZXMuY29tL2VudHJldGVuaW1lbnRvL2NpbmVtYS9kZXotZmlsbWVzLXBhcmEtdmVyLW5hLW5ldGZsaXgtYW50ZXMtZG8tZmltLWRvLW11bmRv0gEA?hl=pt-BR&gl=BR&ceid=BR%3Apt-419"
"8","Lancha que afundou na Bahia não tinha cabine de proteção","Metrópoles","11 de set. de 2017","https://news.google.com/articles/CBMiWmh0dHBzOi8vd3d3Lm1ldHJvcG9sZXMuY29tL2JyYXNpbC9sYW5jaGEtcXVlLWFmdW5kb3UtbmEtYmFoaWEtbmFvLXRpbmhhLWNhYmluZS1kZS1wcm90ZWNhb9IBAA?hl=pt-BR&gl=BR&ceid=BR%3Apt-419"
"9","Tempestade de neve cancela 2,8 mil voos e causa morte nos EUA","Metrópoles","9 de fev. de 2017","https://news.google.com/articles/CBMiY2h0dHBzOi8vd3d3Lm1ldHJvcG9sZXMuY29tL211bmRvL2NsaW1hL3RlbXBlc3RhZGUtZGUtbmV2ZS1jYW5jZWxhLTI4LW1pbC12b29zLWUtY2F1c2EtbW9ydGUtbm9zLWV1YdIBAA?hl=pt-BR&gl=BR&ceid=BR%3Apt-419"
"10","Apesar da chuva, milhares de fiéis homenageiam São Jorge no Rio","Metrópoles","23 de abr. de 2017","https://news.google.com/articles/CBMibGh0dHBzOi8vd3d3Lm1ldHJvcG9sZXMuY29tL2JyYXNpbC9yZWxpZ2lhby1ici9hcGVzYXItZGEtY2h1dmEtbWlsaGFyZXMtZGUtZmllaXMtaG9tZW5hZ2VpYW0tc2FvLWpvcmdlLW5vLXJpb9IBAA?hl=pt-BR&gl=BR&ceid=BR%3Apt-419"
"11","Temporal deixa vias alagadas e causa mais destruição em Vicente Pires","Metrópoles","20 de mar. de 2017","https://news.google.com/articles/CBMicWh0dHBzOi8vd3d3Lm1ldHJvcG9sZXMuY29tL2Rpc3RyaXRvLWZlZGVyYWwvdGVtcG9yYWwtZGVpeGEtdmlhcy1hbGFnYWRhcy1lLWNhdXNhLW1haXMtZGVzdHJ1aWNhby1lbS12aWNlbnRlLXBpcmVz0gEA?hl=pt-BR&gl=BR&ceid=BR%3Apt-419"
"12","MPE pode pedir indenização a vítimas de naufrágio na Bahia","Metrópoles","25 de ago. de 2017","https://news.google.com/articles/CBMiZGh0dHBzOi8vd3d3Lm1ldHJvcG9sZXMuY29tL2JyYXNpbC9qdXN0aWNhL21wZS1wb2RlLXBlZGlyLWluZGVuaXphY2FvLWEtdml0aW1hcy1kZS1uYXVmcmFnaW8tbmEtYmFoaWHSAQA?hl=pt-BR&gl=BR&ceid=BR%3Apt-419"
