Title,Source,Time,Link
Ana Paula Renault ameaça deixar A Fazenda 2018,Metrópoles,21 de set. de 2018,https://news.google.com/articles/CBMiYmh0dHBzOi8vd3d3Lm1ldHJvcG9sZXMuY29tL2VudHJldGVuaW1lbnRvL3RlbGV2aXNhby9hbmEtcGF1bGEtcmVuYXVsdC1hbWVhY2EtZGVpeGFyLWEtZmF6ZW5kYS0yMDE40gEA?hl=pt-BR&gl=BR&ceid=BR%3Apt-419
Furacão Florence se aproxima da costa dos EUA: população em alerta,Metrópoles,10 de set. de 2018,https://news.google.com/articles/CBMiYmh0dHBzOi8vd3d3Lm1ldHJvcG9sZXMuY29tL211bmRvL2Z1cmFjYW8tZmxvcmVuY2Utc2UtYXByb3hpbWEtZGEtY29zdGEtZG9zLWV1YS1wb3B1bGFjYW8tZW0tYWxlcnRh0gEA?hl=pt-BR&gl=BR&ceid=BR%3Apt-419
"Crítica: Após tragédia, Ariana Grande escolhe ser feliz em Sweetener",Metrópoles,22 de ago. de 2018,https://news.google.com/articles/CBMic2h0dHBzOi8vd3d3Lm1ldHJvcG9sZXMuY29tL2VudHJldGVuaW1lbnRvL211c2ljYS9jcml0aWNhLWFwb3MtdHJhZ2VkaWEtYXJpYW5hLWdyYW5kZS1lc2NvbGhlLXNlci1mZWxpei1lbS1zd2VldGVuZXLSAQA?hl=pt-BR&gl=BR&ceid=BR%3Apt-419
"Presos são mortos dentro do presídio de Águas Lindas, Entorno do DF",Metrópoles,27 de mar. de 2018,https://news.google.com/articles/CBMidmh0dHBzOi8vd3d3Lm1ldHJvcG9sZXMuY29tL2Rpc3RyaXRvLWZlZGVyYWwvZW50b3Juby9wcmVzb3Mtc2FvLW1vcnRvcy1kZW50cm8tZG8tcHJlc2lkaW8tZGUtYWd1YXMtbGluZGFzLWVudG9ybm8tZG8tZGbSAQA?hl=pt-BR&gl=BR&ceid=BR%3Apt-419
"Avaliada em R$ 10 mi, mansão de Anitta fica em condomínio de famosos",Metrópoles,12 de mai. de 2018,https://news.google.com/articles/CBMiamh0dHBzOi8vd3d3Lm1ldHJvcG9sZXMuY29tL2NlbGVicmlkYWRlcy9hdmFsaWFkYS1lbS1yLTEwLW1pLW1hbnNhby1kZS1hbml0dGEtZmljYS1lbS1jb25kb21pbmlvLWRlLWZhbW9zb3PSAQA?hl=pt-BR&gl=BR&ceid=BR%3Apt-419
Cachê de Ana Paula Renault em A Fazenda 10 será o mais alto da edição,Metrópoles,18 de set. de 2018,https://news.google.com/articles/CBMieWh0dHBzOi8vd3d3Lm1ldHJvcG9sZXMuY29tL2VudHJldGVuaW1lbnRvL3RlbGV2aXNhby9jYWNoZS1kZS1hbmEtcGF1bGEtcmVuYXVsdC1lbS1hLWZhemVuZGEtMTAtc2VyYS1vLW1haXMtYWx0by1kYS1lZGljYW_SAQA?hl=pt-BR&gl=BR&ceid=BR%3Apt-419
Produtora de Carla Perez dizia que Xanddy era gay para separá-los,Metrópoles,13 de abr. de 2018,https://news.google.com/articles/CBMiaWh0dHBzOi8vd3d3Lm1ldHJvcG9sZXMuY29tL2NlbGVicmlkYWRlcy9wcm9kdXRvcmEtZGUtY2FybGEtcGVyZXotZGl6aWEtcXVlLXhhbmRkeS1lcmEtZ2F5LXBhcmEtc2VwYXJhLWxvc9IBAA?hl=pt-BR&gl=BR&ceid=BR%3Apt-419
Sabrina Sato aproveita praia e exibe barriga da gravidez de 5 meses,Metrópoles,16 de jul. de 2018,https://news.google.com/articles/CBMia2h0dHBzOi8vd3d3Lm1ldHJvcG9sZXMuY29tL2NlbGVicmlkYWRlcy9zYWJyaW5hLXNhdG8tYXByb3ZlaXRhLXByYWlhLWUtZXhpYmUtYmFycmlnYS1kYS1ncmF2aWRlei1kZS01LW1lc2Vz0gEA?hl=pt-BR&gl=BR&ceid=BR%3Apt-419
Carla Perez deixou É o Tchan após agressão de Compadre Washington,Metrópoles,21 de abr. de 2018,https://news.google.com/articles/CBMidWh0dHBzOi8vd3d3Lm1ldHJvcG9sZXMuY29tL2VudHJldGVuaW1lbnRvL3RlbGV2aXNhby9jYXJsYS1wZXJlei1kZWl4b3UtZS1vLXRjaGFuLWFwb3MtYWdyZXNzYW8tZGUtY29tcGFkcmUtd2FzaGluZ3RvbtIBAA?hl=pt-BR&gl=BR&ceid=BR%3Apt-419
Noiva de Kaká responde fã que perguntou sobre ex-mulher dele,Metrópoles,12 de jul. de 2018,https://news.google.com/articles/CBMiZGh0dHBzOi8vd3d3Lm1ldHJvcG9sZXMuY29tL2NlbGVicmlkYWRlcy9ub2l2YS1kZS1rYWthLXJlc3BvbmRlLWZhLXF1ZS1wZXJndW50b3Utc29icmUtZXgtbXVsaGVyLWRlbGXSAQA?hl=pt-BR&gl=BR&ceid=BR%3Apt-419
