query,csv
"site:globo.com enchente ""2018""'",globoenchente2018.csv
"site:noticias.uol.com.br enchente ""2018""'",uolenchente2018.csv
"site:terra.com.br enchente ""2018""'",terraenchente2018.csv
"site:metropoles.com enchente ""2018""'",metropolesenchente2018.csv
"site:globo.com onda de calor ""2018""'",globoheatwave2018.csv
"site:noticias.uol.com.br onda de calor ""2018""'",uolheatwave2018.csv
"site:terra.com.br onda de calor ""2018""'",terraheatwave2018.csv
"site:metropoles.com onda de calor""2018""'",metropolesheatwave2018.csv
"site:globo.com ciclone ""2018""'",globociclone2018.csv
"site:noticias.uol.com.br ciclone ""2018""'",uolciclone2018.csv
"site:terra.com.br ciclone ""2018""'",terraciclone2018.csv
"site:metropoles.com ciclone ""2018""'",metropolesciclone2018.csv
"site:globo.com tempestade ""2018""'",globotempestade2018.csv
"site:noticias.uol.com.br tempestade ""2018""'",uoltempestade2018.csv
"site:terra.com.br tempestade ""2018""'",terratempestade2018.csv
"site:metropoles.com tempestade ""2018""'",metropolestempestade2018.csv
"site:globo.com chuvas ""2018""'",globochuvas2018.csv
"site:noticias.uol.com.br chuvas ""2018""'",uolchuvas2018.csv
"site:terra.com.br chuvas ""2018""'",terrachuvas2018.csv
"site:metropoles.com chuvas ""2018""'",metropoleschuvas2018.csv
"site:globo.com seca ""2018""'",globoseca2018.csv
"site:noticias.uol.com.br seca ""2018""'",uolseca2018.csv
"site:terra.com.br seca ""2018""'",terraseca2018.csv
"site:metropoles.com seca ""2018""'",metropolesseca2018.csv
"site:globo.com mudanças climátcas ""2018""'",globochange2018.csv
"site:noticias.uol.com.br mudanças climátcas ""2018""'",uolchange2018.csv
"site:terra.com.br mudanças climátcas ""2018""'",terrachange2018.csv
"site:metropoles.com mudanças climátcas""2018""'",metropoleschange2018.csv
"site:globo.com extremos climáticos ""2018""'",globoextreme2018.csv
"site:noticias.uol.com.br extremos climáticos ""2018""'",uolextreme2018.csv
"site:terra.com.br extremos climáticos ""2018""'",terraextreme2018.csv
"site:metropoles.com extremos climáticos ""2018""'",metropolesextreme2018.csv