"","Title","Source","Time","Link"
"1","DF registra a maior temperatura da história: 37,3ºC","Metrópoles","16 de out. de 2017","https://news.google.com/articles/CBMiXWh0dHBzOi8vd3d3Lm1ldHJvcG9sZXMuY29tL2Rpc3RyaXRvLWZlZGVyYWwvZGYtcmVnaXN0cmEtYS1tYWlvci10ZW1wZXJhdHVyYS1kYS1oaXN0b3JpYS0zNzNvY9IBAA?hl=pt-BR&gl=BR&ceid=BR%3Apt-419"
"2","Climão! Bonner faz piadinha e recebe resposta seca de Maju no JN","Metrópoles","24 de out. de 2017","https://news.google.com/articles/CBMic2h0dHBzOi8vd3d3Lm1ldHJvcG9sZXMuY29tL2VudHJldGVuaW1lbnRvL3RlbGV2aXNhby9jbGltYW8tYm9ubmVyLWZhei1waWFkaW5oYS1lLXJlY2ViZS1yZXNwb3N0YS1zZWNhLWRlLW1hanUtbm8tam7SAQA?hl=pt-BR&gl=BR&ceid=BR%3Apt-419"
"3","Motorista do Uber embriagado é flagrado em blitz da Lei Seca","Metrópoles","7 de jul. de 2017","https://news.google.com/articles/CBMidGh0dHBzOi8vd3d3Lm1ldHJvcG9sZXMuY29tL2Rpc3RyaXRvLWZlZGVyYWwvdHJhbnNpdG8tZGYvbW90b3Jpc3RhLWRvLXViZXItZW1icmlhZ2Fkby1lLWZsYWdyYWRvLWVtLWJsaXR6LWRhLWxlaS1zZWNh0gEA?hl=pt-BR&gl=BR&ceid=BR%3Apt-419"
"4","Marca brasiliense oferece churros de hot dog e hambúrguer","Metrópoles","29 de set. de 2017","https://news.google.com/articles/CBMiZmh0dHBzOi8vd3d3Lm1ldHJvcG9sZXMuY29tL2dhc3Ryb25vbWlhL2NvbWVyL21hcmNhLWJyYXNpbGllbnNlLW9mZXJlY2UtY2h1cnJvcy1kZS1ob3QtZG9nLWUtaGFtYnVyZ3VlctIBAA?hl=pt-BR&gl=BR&ceid=BR%3Apt-419"
"5","Serviço de decoração para eventos pequenos em casa cresce em Brasília","Metrópoles","6 de mar. de 2017","https://news.google.com/articles/CBMieGh0dHBzOi8vd3d3Lm1ldHJvcG9sZXMuY29tL3ZpZGEtZS1lc3RpbG8vZGVjb3JhY2FvL3NlcnZpY28tZGUtZGVjb3JhY2FvLXBhcmEtZXZlbnRvcy1wZXF1ZW5vcy1lbS1jYXNhLWNyZXNjZS1lbS1icmFzaWxpYdIBAA?hl=pt-BR&gl=BR&ceid=BR%3Apt-419"
"6","""Abastece o avião"", canta torcida do Criciúma em provocação à Chape","Metrópoles","24 de abr. de 2017","https://news.google.com/articles/CBMibGh0dHBzOi8vd3d3Lm1ldHJvcG9sZXMuY29tL2VzcG9ydGVzL2Z1dGVib2wvYWJhc3RlY2Utby1hdmlhby1jYW50YS10b3JjaWRhLWRvLWNyaWNpdW1hLWVtLXByb3ZvY2FjYW8tYS1jaGFwZdIBAA?hl=pt-BR&gl=BR&ceid=BR%3Apt-419"
"7","Sete locais para comer uma deliciosa feijoada","Metrópoles","17 de jun. de 2017","https://news.google.com/articles/CBMiZ2h0dHBzOi8vd3d3Lm1ldHJvcG9sZXMuY29tL2dhc3Ryb25vbWlhL2NvbWVyL3NldGUtbG9jYWlzLXBhcmEtY29tZXItdW1hLWRlbGljaW9zYS1mZWlqb2FkYS1uZXN0ZS1zYWJhZG_SAQA?hl=pt-BR&gl=BR&ceid=BR%3Apt-419"
"8","Danilo Gentili e Inês Brasil ficam completamente nus no ""The Noite""","Metrópoles","16 de mar. de 2017","https://news.google.com/articles/CBMidWh0dHBzOi8vd3d3Lm1ldHJvcG9sZXMuY29tL2VudHJldGVuaW1lbnRvL3RlbGV2aXNhby9kYW5pbG8tZ2VudGlsaS1lLWluZXMtYnJhc2lsLWZpY2FtLWNvbXBsZXRhbWVudGUtbnVzLW5vLXRoZS1ub2l0ZdIBAA?hl=pt-BR&gl=BR&ceid=BR%3Apt-419"
"9","Bombeiros do DF são infectados por fungo após treinamento em caverna","Metrópoles","9 de jun. de 2017","https://news.google.com/articles/CBMieWh0dHBzOi8vd3d3Lm1ldHJvcG9sZXMuY29tL2Rpc3RyaXRvLWZlZGVyYWwvc2F1ZGUtZGYvYm9tYmVpcm9zLWRvLWRmLXNhby1pbmZlY3RhZG9zLXBvci1mdW5nby1hcG9zLXRyZWluYW1lbnRvLWVtLWNhdmVybmHSAQA?hl=pt-BR&gl=BR&ceid=BR%3Apt-419"
"10","Thammy Miranda é pego sem carteira de motorista em blitz da Lei Seca","Metrópoles","7 de set. de 2017","https://news.google.com/articles/CBMibGh0dHBzOi8vd3d3Lm1ldHJvcG9sZXMuY29tL2NlbGVicmlkYWRlcy90aGFtbXktbWlyYW5kYS1lLXBlZ28tc2VtLWNhcnRlaXJhLWRlLW1vdG9yaXN0YS1lbS1ibGl0ei1kYS1sZWktc2VjYdIBAA?hl=pt-BR&gl=BR&ceid=BR%3Apt-419"
"11","Você conhece a baunilha do Cerrado? Especiaria floresce em Brasília","Metrópoles","3 de dez. de 2017","https://news.google.com/articles/CBMib2h0dHBzOi8vd3d3Lm1ldHJvcG9sZXMuY29tL2dhc3Ryb25vbWlhL2NvbWVyL3ZvY2UtY29uaGVjZS1hLWJhdW5pbGhhLWRvLWNlcnJhZG8tZXNwZWNpYXJpYS1mbG9yZXNjZS1lbS1icmFzaWxpYdIBAA?hl=pt-BR&gl=BR&ceid=BR%3Apt-419"
"12","Crise hídrica no DF era uma situação inimaginável em março de 2016","Metrópoles","14 de fev. de 2017","https://news.google.com/articles/CBMifGh0dHBzOi8vd3d3Lm1ldHJvcG9sZXMuY29tL2Rpc3RyaXRvLWZlZGVyYWwvbWVpby1hbWJpZW50ZS9jcmlzZS1oaWRyaWNhLW5vLWRmLWVyYS11bWEtc2l0dWFjYW8taW5pbWFnaW5hdmVsLWVtLW1hcmNvLWRlLTIwMTbSAQA?hl=pt-BR&gl=BR&ceid=BR%3Apt-419"
"13","O alimento está vencido mas a aparência é ótima. Pode comer?","Metrópoles","14 de mar. de 2017","https://news.google.com/articles/CBMiZ2h0dHBzOi8vd3d3Lm1ldHJvcG9sZXMuY29tL2dhc3Ryb25vbWlhL2NvbWVyL28tYWxpbWVudG8tZXN0YS12ZW5jaWRvLW1hcy1hLWFwYXJlbmNpYS1lLW90aW1hLXBvZGUtY29tZXLSAQA?hl=pt-BR&gl=BR&ceid=BR%3Apt-419"
"14","Baile do Zeh Pretim comemora a chegada da primavera em Brasília","Metrópoles","26 de set. de 2017","https://news.google.com/articles/CBMiaWh0dHBzOi8vd3d3Lm1ldHJvcG9sZXMuY29tL2lzYWRvcmEtY2FtcG9zL2JhaWxlLWRvLXplaC1wcmV0aW0tY29tZW1vcmEtYS1jaGVnYWRhLWRhLXByaW1hdmVyYS1lbS1icmFzaWxpYdIBAA?hl=pt-BR&gl=BR&ceid=BR%3Apt-419"
"15","Antídoto contra o frio em casa: adega na decoração","Metrópoles","30 de jul. de 2017","https://news.google.com/articles/CBMiV2h0dHBzOi8vd3d3Lm1ldHJvcG9sZXMuY29tL2Nhc2Etbm9zc2EvYW50aWRvdG8tY29udHJhLW8tZnJpby1lbS1jYXNhLWFkZWdhLW5hLWRlY29yYWNhb9IBAA?hl=pt-BR&gl=BR&ceid=BR%3Apt-419"
"16","Sthefany Brito é pega em blitz da Lei Seca e não faz o bafômetro","Metrópoles","11 de ago. de 2017","https://news.google.com/articles/CBMibWh0dHBzOi8vd3d3Lm1ldHJvcG9sZXMuY29tL2NvbHVuYXMvcGlwb2NhbmRvL3N0aGVmYW55LWJyaXRvLWUtcGVnYS1lbS1ibGl0ei1kYS1sZWktc2VjYS1lLW5hby1mYXotby1iYWZvbWV0cm_SAQA?hl=pt-BR&gl=BR&ceid=BR%3Apt-419"
"17","Mil pessoas brindam 100 rótulos de 32 vinícolas na Sparkling Wine Fair","Metrópoles","17 de set. de 2017","https://news.google.com/articles/CBMicGh0dHBzOi8vd3d3Lm1ldHJvcG9sZXMuY29tL2lzYWRvcmEtY2FtcG9zL21pbC1wZXNzb2FzLWJyaW5kYW0tMTAwLXJvdHVsb3MtZGUtMzItdmluaWNvbGFzLW5hLXNwYXJrbGluZy13aW5lLWZhaXLSAQA?hl=pt-BR&gl=BR&ceid=BR%3Apt-419"
"18","Cadê os grandes shows internacionais em Brasília? Crise é a explicação","Metrópoles","13 de ago. de 2017","https://news.google.com/articles/CBMidmh0dHBzOi8vd3d3Lm1ldHJvcG9sZXMuY29tL2VudHJldGVuaW1lbnRvL211c2ljYS9jYWRlLW9zLWdyYW5kZXMtc2hvd3MtaW50ZXJuYWNpb25haXMtZW0tYnJhc2lsaWEtY3Jpc2UtZS1hLWV4cGxpY2FjYW_SAQA?hl=pt-BR&gl=BR&ceid=BR%3Apt-419"
"19","10 receitas de chá gelado para se refrescar no calor e na seca","Metrópoles","23 de ago. de 2017","https://news.google.com/articles/CBMia2h0dHBzOi8vd3d3Lm1ldHJvcG9sZXMuY29tL2dhc3Ryb25vbWlhL2JlYmVyLzEwLXJlY2VpdGFzLWRlLWNoYS1nZWxhZG8tcGFyYS1zZS1yZWZyZXNjYXItbm8tY2Fsb3ItZS1uYS1zZWNh0gEA?hl=pt-BR&gl=BR&ceid=BR%3Apt-419"
"20","Conheça cervejas que combinam com a seca de Brasília","Metrópoles","18 de ago. de 2017","https://news.google.com/articles/CBMiYGh0dHBzOi8vd3d3Lm1ldHJvcG9sZXMuY29tL2FsdGEtZmVybWVudGFjYW8vY29uaGVjYS1jZXJ2ZWphcy1xdWUtY29tYmluYW0tY29tLWEtc2VjYS1kZS1icmFzaWxpYdIBAA?hl=pt-BR&gl=BR&ceid=BR%3Apt-419"
"21","Toalha molhada alivia a seca? Saiba quais truques da vó que funcionam","Metrópoles","25 de ago. de 2017","https://news.google.com/articles/CBMieGh0dHBzOi8vd3d3Lm1ldHJvcG9sZXMuY29tL3ZpZGEtZS1lc3RpbG8vYmVtLWVzdGFyL3RvYWxoYS1tb2xoYWRhLWFsaXZpYS1hLXNlY2EtdmVqYS10cnVxdWVzLWRhLXZvdm8tcXVlLWZ1bmNpb25hbS1tZXNtb9IBAA?hl=pt-BR&gl=BR&ceid=BR%3Apt-419"
"22","Aryane Steinkopf mostra barriguinha seca quatro meses após ter bebê","Metrópoles","25 de jan. de 2017","https://news.google.com/articles/CBMibGh0dHBzOi8vd3d3Lm1ldHJvcG9sZXMuY29tL2NlbGVicmlkYWRlcy9hcnlhbmUtc3RlaW5rb3BmLW1vc3RyYS1iYXJyaWd1aW5oYS1zZWNhLXF1YXRyby1tZXNlcy1hcG9zLWRhci1hLWx1etIBAA?hl=pt-BR&gl=BR&ceid=BR%3Apt-419"
"23","Casal monta charmoso bistrô na calçada de casa, em Taguatinga Sul","Metrópoles","3 de jun. de 2017","https://news.google.com/articles/CBMibWh0dHBzOi8vd3d3Lm1ldHJvcG9sZXMuY29tL2dhc3Ryb25vbWlhL2NvbWVyL2Nhc2FsLW1vbnRhLWNoYXJtb3NvLWJpc3Ryby1uYS1jYWxjYWRhLWRlLWNhc2EtZW0tdGFndWF0aW5nYS1zdWzSAQA?hl=pt-BR&gl=BR&ceid=BR%3Apt-419"
"24","Projeto do DF é pioneiro no uso de plantas medicinais na saúde pública","Metrópoles","2 de out. de 2017","https://news.google.com/articles/CBMicWh0dHBzOi8vd3d3Lm1ldHJvcG9sZXMuY29tL2JyYXNpbC9zYXVkZS1ici9wcm9qZXRvLWRvLWRmLWUtcGlvbmVpcm8tbm8tdXNvLWRlLXBsYW50YXMtbWVkaWNpbmFpcy1uYS1zYXVkZS1wdWJsaWNh0gEA?hl=pt-BR&gl=BR&ceid=BR%3Apt-419"
"25","Programas sociais reduzem migração do Nordeste para outras regiões","Metrópoles","9 de jan. de 2017","https://news.google.com/articles/CBMiZGh0dHBzOi8vd3d3Lm1ldHJvcG9sZXMuY29tL2JyYXNpbC9wcm9ncmFtYXMtc29jaWFpcy1yZWR1emVtLW1pZ3JhY2FvLWRvLW5vcmRlc3RlLXBhcmEtb3V0cmFzLXJlZ2lvZXPSAQA?hl=pt-BR&gl=BR&ceid=BR%3Apt-419"
"26","Vinho com rolha de cortiça é melhor? Sommelier desmente o mito","Metrópoles","2 de ago. de 2017","https://news.google.com/articles/CBMiamh0dHBzOi8vd3d3Lm1ldHJvcG9sZXMuY29tL2dhc3Ryb25vbWlhL2JlYmVyL3ZpbmhvLWNvbS1yb2xoYS1kZS1jb3J0aWNhLWUtbWVsaG9yLXNvbW1lbGllci1kZXNtZW50ZS1vLW1pdG_SAQA?hl=pt-BR&gl=BR&ceid=BR%3Apt-419"
"27","Nutricionista ensina receitas para você fugir do whey protein com água","Metrópoles","21 de fev. de 2017","https://news.google.com/articles/CBMieWh0dHBzOi8vd3d3Lm1ldHJvcG9sZXMuY29tL3ZpZGEtZS1lc3RpbG8vYmVtLWVzdGFyL251dHJpY2lvbmlzdGEtZW5zaW5hLXJlY2VpdGFzLXBhcmEtdm9jZS1mdWdpci1kby13aGV5LXByb3RlaW4tY29tLWFndWHSAQA?hl=pt-BR&gl=BR&ceid=BR%3Apt-419"
"28","Na Praia, Capital Moto Week e Ice Park: prepare o bolso e divirta-se","Metrópoles","29 de jul. de 2017","https://news.google.com/articles/CBMibmh0dHBzOi8vd3d3Lm1ldHJvcG9sZXMuY29tL2Rpc3RyaXRvLWZlZGVyYWwvbmEtcHJhaWEtY2FwaXRhbC1tb3RvLXdlZWstZS1pY2UtcGFyay1wcmVwYXJlLW8tYm9sc28tZS1kaXZpcnRhLXNl0gEA?hl=pt-BR&gl=BR&ceid=BR%3Apt-419"
"29","Fotógrafo Vincent Rosenblatt fala sobre funk como ""lugar de respeito""","Metrópoles","4 de nov. de 2017","https://news.google.com/articles/CBMibWh0dHBzOi8vd3d3Lm1ldHJvcG9sZXMuY29tL2VudHJldGVuaW1lbnRvL2ZvdG9ncmFmby12aW5jZW50LXJvc2VuYmxhdHQtZmFsYS1zb2JyZS1mdW5rLWNvbW8tbHVnYXItZGUtcmVzcGVpdG_SAQA?hl=pt-BR&gl=BR&ceid=BR%3Apt-419"
"30","Com estádio fechado, conta de água em junho no Mané foi de R$ 2,2 mi","Metrópoles","18 de jul. de 2017","https://news.google.com/articles/CBMibWh0dHBzOi8vd3d3Lm1ldHJvcG9sZXMuY29tL2Rpc3RyaXRvLWZlZGVyYWwvY29tLWVzdGFkaW8tZmVjaGFkby1jb250YS1kZS1hZ3VhLWVtLWp1bmhvLW5vLW1hbmUtZm9pLWRlLXItMjItbWnSAQA?hl=pt-BR&gl=BR&ceid=BR%3Apt-419"
"31","Por que a Super Bonder não gruda dentro do recipiente?","Metrópoles","16 de fev. de 2017","https://news.google.com/articles/CBMiaWh0dHBzOi8vd3d3Lm1ldHJvcG9sZXMuY29tL3NhaS1kby1zZXJpby90YS1ib21iYW5kby9wb3ItcXVlLWEtc3VwZXItYm9uZGVyLW5hby1ncnVkYS1kZW50cm8tZG8tcmVjaXBpZW50ZdIBAA?hl=pt-BR&gl=BR&ceid=BR%3Apt-419"
"32","Após coaching, Mayra Cardi posta antes e depois de Larissa Manoela","Metrópoles","18 de set. de 2017","https://news.google.com/articles/CBMiaWh0dHBzOi8vd3d3Lm1ldHJvcG9sZXMuY29tL2NlbGVicmlkYWRlcy9hcG9zLWNvYWNoaW5nLW1heXJhLWNhcmRpLXBvc3RhLWFudGVzLWUtZGVwb2lzLWRlLWxhcmlzc2EtbWFub2VsYdIBAA?hl=pt-BR&gl=BR&ceid=BR%3Apt-419"
"33","O Brasil pode se transformar em exportador de lúpulo","Metrópoles","14 de abr. de 2017","https://news.google.com/articles/CBMiYGh0dHBzOi8vd3d3Lm1ldHJvcG9sZXMuY29tL2FsdGEtZmVybWVudGFjYW8vby1icmFzaWwtcG9kZS1zZS10cmFuc2Zvcm1hci1lbS1leHBvcnRhZG9yLWRlLWx1cHVsb9IBAA?hl=pt-BR&gl=BR&ceid=BR%3Apt-419"
"34","Crítica: ""A Lei da Noite"" mira o épico de máfia, mas fica na pose","Metrópoles","23 de fev. de 2017","https://news.google.com/articles/CBMibmh0dHBzOi8vd3d3Lm1ldHJvcG9sZXMuY29tL2VudHJldGVuaW1lbnRvL2NpbmVtYS9jcml0aWNhLWEtbGVpLWRhLW5vaXRlLW1pcmEtby1lcGljby1kZS1tYWZpYS1tYXMtZmljYS1uYS1wb3Nl0gEA?hl=pt-BR&gl=BR&ceid=BR%3Apt-419"
"35","Movimento na internet pede a separação do DF do restante do Brasil","Metrópoles","19 de jan. de 2017","https://news.google.com/articles/CBMibmh0dHBzOi8vd3d3Lm1ldHJvcG9sZXMuY29tL2Rpc3RyaXRvLWZlZGVyYWwvbW92aW1lbnRvLW5hLWludGVybmV0LXBlZGUtYS1zZXBhcmFjYW8tZG8tZGYtZG8tcmVzdGFudGUtZG8tYnJhc2ls0gEA?hl=pt-BR&gl=BR&ceid=BR%3Apt-419"
"36","Incêndio em área ambiental assusta moradores do Jardim Botânico","Metrópoles","16 de out. de 2017","https://news.google.com/articles/CBMieGh0dHBzOi8vd3d3Lm1ldHJvcG9sZXMuY29tL3BlbGFzLWNpZGFkZXMvamFyZGltLWJvdGFuaWNvL2luY2VuZGlvLWVtLWFyZWEtYW1iaWVudGFsLWFzc3VzdGEtbW9yYWRvcmVzLWRvLWphcmRpbS1ib3Rhbmljb9IBAA?hl=pt-BR&gl=BR&ceid=BR%3Apt-419"
"37","Objetos achados em livros usados viram coleção de memórias no Sebinho","Metrópoles","23 de jul. de 2017","https://news.google.com/articles/CBMifGh0dHBzOi8vd3d3Lm1ldHJvcG9sZXMuY29tL3ZpZGEtZS1lc3RpbG8vY29tcG9ydGFtZW50by9vYmpldG9zLWFjaGFkb3MtZW0tbGl2cm9zLXVzYWRvcy12aXJhbS1jb2xlY2FvLWRlLW1lbW9yaWFzLW5vLXNlYmluaG_SAQA?hl=pt-BR&gl=BR&ceid=BR%3Apt-419"
"38","Feijoada e samba movimentam o Universal Diner no sábado de carnaval","Metrópoles","9 de fev. de 2017","https://news.google.com/articles/CBMicGh0dHBzOi8vd3d3Lm1ldHJvcG9sZXMuY29tL2dhc3Ryb25vbWlhL2NvbWVyL2ZlaWpvYWRhLWUtc2FtYmEtbW92aW1lbnRhbS1vLXVuaXZlcnNhbC1kaW5lci1uby1zYWJhZG8tZGUtY2FybmF2YWzSAQA?hl=pt-BR&gl=BR&ceid=BR%3Apt-419"
"39","Testamos os três melhores hidratantes vendidos em farmácias","Metrópoles","13 de out. de 2017","https://news.google.com/articles/CBMia2h0dHBzOi8vd3d3Lm1ldHJvcG9sZXMuY29tL3ZpZGEtZS1lc3RpbG8vYmVsZXphL3Rlc3RhbW9zLW9zLXRyZXMtbWVsaG9yZXMtaGlkcmF0YW50ZXMtdmVuZGlkb3MtZW0tZmFybWFjaWFz0gEA?hl=pt-BR&gl=BR&ceid=BR%3Apt-419"
"40","A parábola do filho pródigo, segundo Christus Nóbrega","Metrópoles","15 de jul. de 2017","https://news.google.com/articles/CBMiWGh0dHBzOi8vd3d3Lm1ldHJvcG9sZXMuY29tL3BsYXN0aWNhL2EtcGFyYWJvbGEtZG8tZmlsaG8tcHJvZGlnby1zZWd1bmRvLWNocmlzdHVzLW5vYnJlZ2HSAQA?hl=pt-BR&gl=BR&ceid=BR%3Apt-419"
"41","Viagem pela arte contemporânea na coleção de Sérgio Carvalho","Metrópoles","25 de nov. de 2017","https://news.google.com/articles/CBMiYGh0dHBzOi8vd3d3Lm1ldHJvcG9sZXMuY29tL3BsYXN0aWNhL3ZpYWdlbS1wZWxhLWFydGUtY29udGVtcG9yYW5lYS1uYS1jb2xlY2FvLWRlLXNlcmdpby1jYXJ2YWxob9IBAA?hl=pt-BR&gl=BR&ceid=BR%3Apt-419"
"42","Convivência entre banhistas e embarcações no lago requer cuidados","Metrópoles","29 de out. de 2017","https://news.google.com/articles/CBMicWh0dHBzOi8vd3d3Lm1ldHJvcG9sZXMuY29tL2Rpc3RyaXRvLWZlZGVyYWwvZW0tdGVtcG8tZGUtc2VjYS1hdW1lbnRhbS1hY2Vzc28tZS1yaXNjby1kZS1hY2lkZW50ZXMtbm8tbGFnby1wYXJhbm9h0gEA?hl=pt-BR&gl=BR&ceid=BR%3Apt-419"
