Title,Source,Time,Link
"Chuvas extremas terão aumento de 60% em 30 anos no RS, aponta Inpe",Metrópoles,3 dias atrás,https://news.google.com/articles/CBMiYmh0dHBzOi8vd3d3Lm1ldHJvcG9sZXMuY29tL2JyYXNpbC9jaHV2YXMtZXh0cmVtYXMtdGVyYW8tYXVtZW50by1kZS02MC1lbS0zMC1hbm9zLW5vLXJzLWFwb250YS1pbnBl0gEA?hl=pt-BR&gl=BR&ceid=BR%3Apt-419
Clima: estudo da ONU diz que Brasil teve 12 eventos extremos em 2023,Metrópoles,4 dias atrás,https://news.google.com/articles/CBMiZWh0dHBzOi8vd3d3Lm1ldHJvcG9sZXMuY29tL2JyYXNpbC9jbGltYS1lc3R1ZG8tZGEtb251LWRpei1xdWUtYnJhc2lsLXRldmUtMTItZXZlbnRvcy1leHRyZW1vcy1lbS0yMDIz0gEA?hl=pt-BR&gl=BR&ceid=BR%3Apt-419
Paradoxo climático: a causa global de prejuízos locais -Felipe Sampaio,Metrópoles,4 dias atrás,https://news.google.com/articles/CBMidmh0dHBzOi8vd3d3Lm1ldHJvcG9sZXMuY29tL2Jsb2ctZG8tbm9ibGF0L2FydGlnb3MvcGFyYWRveG8tY2xpbWF0aWNvLWEtY2F1c2EtZ2xvYmFsLWRlLXByZWp1aXpvcy1sb2NhaXMtZmVsaXBlLXNhbXBhaW_SAQA?hl=pt-BR&gl=BR&ceid=BR%3Apt-419
Economizando na manutenção (por Eduardo Fernandez Silva),Metrópoles,6 dias atrás,https://news.google.com/articles/CBMiaGh0dHBzOi8vd3d3Lm1ldHJvcG9sZXMuY29tL2Jsb2ctZG8tbm9ibGF0L2FydGlnb3MvZWNvbm9taXphbmRvLW5hLW1hbnV0ZW5jYW8tcG9yLWVkdWFyZG8tZmVybmFuZGV6LXNpbHZh0gEA?hl=pt-BR&gl=BR&ceid=BR%3Apt-419
Jeniffer Nascimento faz alerta após ter reação alérgica severa,Metrópoles,4 horas atrás,https://news.google.com/articles/CBMiZmh0dHBzOi8vd3d3Lm1ldHJvcG9sZXMuY29tL2NlbGVicmlkYWRlcy9qZW5pZmZlci1uYXNjaW1lbnRvLWZhei1hbGVydGEtYXBvcy10ZXItcmVhY2FvLWFsZXJnaWNhLXNldmVyYdIBAA?hl=pt-BR&gl=BR&ceid=BR%3Apt-419
Confira a lista de festas juninas do DF,Metrópoles,3 dias atrás,https://news.google.com/articles/CBMiUWh0dHBzOi8vd3d3Lm1ldHJvcG9sZXMuY29tL2VudHJldGVuaW1lbnRvL2NvbmZpcmEtYS1saXN0YS1kZS1mZXN0YXMtanVuaW5hcy1kby1kZtIBAA?hl=pt-BR&gl=BR&ceid=BR%3Apt-419
"Lula cita gauchesca ""Céu, Sol, Sul"" para destacar reconstrução do país",Metrópoles,6 dias atrás,https://news.google.com/articles/CBMiZGh0dHBzOi8vd3d3Lm1ldHJvcG9sZXMuY29tL2JyYXNpbC9sdWxhLWNpdGEtZ2F1Y2hlc2NhLWNldS1zb2wtc3VsLXBhcmEtZGVzdGFjYXItcmVjb25zdHJ1Y2FvLWRvLXBhaXPSAQA?hl=pt-BR&gl=BR&ceid=BR%3Apt-419
Veja frutas que transformam o corpo em uma máquina antienvelhecimento,Metrópoles,19 de abr.,https://news.google.com/articles/CBMibmh0dHBzOi8vd3d3Lm1ldHJvcG9sZXMuY29tL3ZpZGEtZS1lc3RpbG8vdmVqYS1mcnV0YXMtcXVlLXRyYW5zZm9ybWFtLW8tY29ycG8tZW0tdW1hLW1hcXVpbmEtYW50aWVudmVsaGVjaW1lbnRv0gEA?hl=pt-BR&gl=BR&ceid=BR%3Apt-419
"Lula: ""Não haverá falta de recursos para atender ao RS""",Metrópoles,6 dias atrás,https://news.google.com/articles/CBMiSmh0dHBzOi8vd3d3Lm1ldHJvcG9sZXMuY29tL2JyYXNpbC9sdWxhLWRhLWVudHJldmlzdGEtYW8tYm9tLWRpYS1wcmVzaWRlbnRl0gEA?hl=pt-BR&gl=BR&ceid=BR%3Apt-419
Teste a receita de molho de pimenta caseiro que fica pronto em 10 min,Metrópoles,2 dias atrás,https://news.google.com/articles/CBMibGh0dHBzOi8vd3d3Lm1ldHJvcG9sZXMuY29tL2dhc3Ryb25vbWlhL3Rlc3RlLWEtcmVjZWl0YS1kZS1tb2xoby1kZS1waW1lbnRhLWNhc2Vpcm8tcXVlLWZpY2EtcHJvbnRvLWVtLTEwLW1pbtIBAA?hl=pt-BR&gl=BR&ceid=BR%3Apt-419
Ciclone extratropical pode estender período de chuvas no RS,Metrópoles,6 dias atrás,https://news.google.com/articles/CBMiQWh0dHBzOi8vd3d3Lm1ldHJvcG9sZXMuY29tL2JyYXNpbC9jaWNsb25lLWV4dHJhdHJvcGljYWwtY2h1dmFzLXJz0gEA?hl=pt-BR&gl=BR&ceid=BR%3Apt-419
Veja como as mudanças climáticas afetaram o DF nos últimos 60 anos,Metrópoles,2 dias atrás,https://news.google.com/articles/CBMibmh0dHBzOi8vd3d3Lm1ldHJvcG9sZXMuY29tL2Rpc3RyaXRvLWZlZGVyYWwvdmVqYS1jb21vLWFzLW11ZGFuY2FzLWNsaW1hdGljYXMtYWZldGFyYW0tby1kZi1ub3MtdWx0aW1vcy02MC1hbm9z0gEA?hl=pt-BR&gl=BR&ceid=BR%3Apt-419
"RS: enterrem os mortos, cuidem dos vivos e atenção aos muito vivos",Metrópoles,7 dias atrás,https://news.google.com/articles/CBMicGh0dHBzOi8vd3d3Lm1ldHJvcG9sZXMuY29tL2NvbHVuYXMvbWFyaW8tc2FiaW5vL3JzLWVudGVycmVtLW9zLW1vcnRvcy1jdWlkZW0tZG9zLXZpdm9zLWUtYXRlbmNhby1hb3MtbXVpdG8tdml2b3PSAQA?hl=pt-BR&gl=BR&ceid=BR%3Apt-419
Cúrcuma x açafrão: qual o melhor tempero para a saúde? Tire a dúvida,Metrópoles,6 dias atrás,https://news.google.com/articles/CBMia2h0dHBzOi8vd3d3Lm1ldHJvcG9sZXMuY29tL3ZpZGEtZS1lc3RpbG8vY3VyY3VtYS14LWFjYWZyYW8tcXVhbC1vLW1lbGhvci10ZW1wZXJvLXBhcmEtYS1zYXVkZS10aXJlLWEtZHV2aWRh0gEA?hl=pt-BR&gl=BR&ceid=BR%3Apt-419
Governo federal reconhece calamidade pública em 336 municípios do RS,Metrópoles,7 dias atrás,https://news.google.com/articles/CBMiZmh0dHBzOi8vd3d3Lm1ldHJvcG9sZXMuY29tL2JyYXNpbC9nb3Zlcm5vLWZlZGVyYWwtcmVjb25oZWNlLWNhbGFtaWRhZGUtcHVibGljYS1lbS0zMzYtbXVuaWNpcGlvcy1kby1yc9IBAA?hl=pt-BR&gl=BR&ceid=BR%3Apt-419
"Com seca, indígenas temem falta de alimentos e aumento de queimadas",Metrópoles,27 de abr.,https://news.google.com/articles/CBMiZGh0dHBzOi8vd3d3Lm1ldHJvcG9sZXMuY29tL2JyYXNpbC9jb20tc2VjYS1pbmRpZ2VuYXMtdGVtZW0tZmFsdGEtZGUtYWxpbWVudG9zLWUtYXVtZW50by1kZS1xdWVpbWFkYXPSAQA?hl=pt-BR&gl=BR&ceid=BR%3Apt-419
PM é preso em operação do MPRJ contra milícia da Praça Seca,Metrópoles,25 de abr.,https://news.google.com/articles/CBMiZmh0dHBzOi8vd3d3Lm1ldHJvcG9sZXMuY29tL2JyYXNpbC9tcHJqLWN1bXByZS1tYW5kYWRvcy1jb250cmEtbWlsaWNpYS1kYS1wcmFjYS1zZWNhLXBvbGljaWFpcy1zYW8tYWx2b9IBAA?hl=pt-BR&gl=BR&ceid=BR%3Apt-419
Saiba as diferenças entre os fenômenos climáticos El Niño e La Niña,Metrópoles,18 de abr.,https://news.google.com/articles/CBMiZWh0dHBzOi8vd3d3Lm1ldHJvcG9sZXMuY29tL2JyYXNpbC9zYWliYS1hcy1kaWZlcmVuY2FzLWVudHJlLW9zLWZlbm9tZW5vcy1jbGltYXRpY29zLWVsLW5pbm8tZS1sYS1uaW5h0gEA?hl=pt-BR&gl=BR&ceid=BR%3Apt-419
"Após ondas de calor, El Niño se aproxima do fim e frio começa a chegar",Metrópoles,18 de abr.,https://news.google.com/articles/CBMiRGh0dHBzOi8vd3d3Lm1ldHJvcG9sZXMuY29tL2JyYXNpbC9hcG9zLWNhbG9yLWVsLW5pbm8tZmltLWZyaW8tY29tZWNh0gEA?hl=pt-BR&gl=BR&ceid=BR%3Apt-419
Anticiclone: entenda fenômeno que deve atingir o país até maio,Metrópoles,24 de abr.,https://news.google.com/articles/CBMiX2h0dHBzOi8vd3d3Lm1ldHJvcG9sZXMuY29tL2JyYXNpbC9hbnRpY2ljbG9uZS1lbnRlbmRhLWZlbm9tZW5vLXF1ZS1kZXZlLWF0aW5naXItby1wYWlzLWF0ZS1tYWlv0gEA?hl=pt-BR&gl=BR&ceid=BR%3Apt-419
"Lei Seca no Rio flagra motoristas que pagam ""fadas"" para burlar blitz",Metrópoles,22 de abr.,https://news.google.com/articles/CBMiZWh0dHBzOi8vd3d3Lm1ldHJvcG9sZXMuY29tL2JyYXNpbC9sZWktc2VjYS1uby1yaW8tZmxhZ3JhLW1vdG9yaXN0YXMtcXVlLXBhZ2FtLWZhZGFzLXBhcmEtYnVybGFyLWJsaXR60gEA?hl=pt-BR&gl=BR&ceid=BR%3Apt-419
"Com chuvas abaixo da média, Pantanal enfrenta seca mais cedo em 2021",Metrópoles,29 de abr. de 2021,https://news.google.com/articles/CBMiZWh0dHBzOi8vd3d3Lm1ldHJvcG9sZXMuY29tL2JyYXNpbC9jb20tY2h1dmFzLWFiYWl4by1kYS1tZWRpYS1wYW50YW5hbC1lbmZyZW50YS1zZWNhLW1haXMtY2Vkby1lbS0yMDIx0gEA?hl=pt-BR&gl=BR&ceid=BR%3Apt-419
Governo Federal conclui transposição do Rio São Francisco,Metrópoles,9 de fev. de 2022,https://news.google.com/articles/CBMiZmh0dHBzOi8vd3d3Lm1ldHJvcG9sZXMuY29tL2NvbnRldWRvLWVzcGVjaWFsL2dvdmVybm8tZmVkZXJhbC1jb25jbHVpLXRyYW5zcG9zaWNhby1kby1yaW8tc2FvLWZyYW5jaXNjb9IBAA?hl=pt-BR&gl=BR&ceid=BR%3Apt-419
Carne seca de panela com mandioca simples de fazer: veja a receita,Metrópoles,13 de fev. de 2021,https://news.google.com/articles/CBMicGh0dHBzOi8vd3d3Lm1ldHJvcG9sZXMuY29tL2dhc3Ryb25vbWlhL3JlY2VpdGEvY2FybmUtc2VjYS1kZS1wYW5lbGEtY29tLW1hbmRpb2NhLXNpbXBsZXMtZGUtZmF6ZXItdmVqYS1hLXJlY2VpdGHSAQA?hl=pt-BR&gl=BR&ceid=BR%3Apt-419
Vídeo: Exército instala ponte provisória em bairro isolado de Ubatuba,Metrópoles,9 de mar.,https://news.google.com/articles/CBMiY2h0dHBzOi8vd3d3Lm1ldHJvcG9sZXMuY29tL3Nhby1wYXVsby92aWRlby1iYWlycm8taXNvbGFkby1hcG9zLWNodXZhcy1lbS11YmF0dWJhLXJlY2ViZS1tYW50aW1lbnRvc9IBAA?hl=pt-BR&gl=BR&ceid=BR%3Apt-419
Lava e Seca: as seis melhores máquinas quando o assunto é custo-benefício,Metrópoles,5 de jan. de 2021,https://news.google.com/articles/CBMibGh0dHBzOi8vd3d3Lm1ldHJvcG9sZXMuY29tL3ZpdHJpbmUtbS9sYXZhLWUtc2VjYS1hcy1zZWlzLW1lbGhvcmVzLW1hcXVpbmEtcXVhbmRvLW8tYXNzdW50by1lLWN1c3RvLWJlbmVmaWNpb9IBAA?hl=pt-BR&gl=BR&ceid=BR%3Apt-419
Seca e vegetação rasteira podem ser o novo normal da Amazônia,Metrópoles,3 de mar.,https://news.google.com/articles/CBMiX2h0dHBzOi8vd3d3Lm1ldHJvcG9sZXMuY29tL2JyYXNpbC9zZWNhLWUtdmVnZXRhY2FvLXJhc3RlaXJhLXBvZGVtLXNlci1vLW5vdm8tbm9ybWFsLWRhLWFtYXpvbmlh0gEA?hl=pt-BR&gl=BR&ceid=BR%3Apt-419
Como a Renner colheu bons resultados em um ano de seca no varejo,Metrópoles,17 de fev. de 2023,https://news.google.com/articles/CBMiZGh0dHBzOi8vd3d3Lm1ldHJvcG9sZXMuY29tL25lZ29jaW9zL2NvbW8tYS1yZW5uZXItY29saGV1LWJvbnMtcmVzdWx0YWRvcy1lbS11bS1hbm8tZGUtc2VjYS1uby12YXJlam_SAQA?hl=pt-BR&gl=BR&ceid=BR%3Apt-419
Programas sociais reduzem migração do Nordeste para outras regiões,Metrópoles,9 de jan. de 2017,https://news.google.com/articles/CBMiZGh0dHBzOi8vd3d3Lm1ldHJvcG9sZXMuY29tL2JyYXNpbC9wcm9ncmFtYXMtc29jaWFpcy1yZWR1emVtLW1pZ3JhY2FvLWRvLW5vcmRlc3RlLXBhcmEtb3V0cmFzLXJlZ2lvZXPSAQA?hl=pt-BR&gl=BR&ceid=BR%3Apt-419
Vídeo: motorista atropela PM agente da Lei Seca e foge de hospital após socorro,Metrópoles,13 de out. de 2021,https://news.google.com/articles/CBMicGh0dHBzOi8vd3d3Lm1ldHJvcG9sZXMuY29tL2JyYXNpbC92aWRlby1tb3RvcmlzdGEtYXRyb3BlbGEtcG0tYWdlbnRlLWRhLWxlaS1zZWNhLWUtZm9nZS1kZS1ob3NwaXRhbC1hcG9zLXNvY29ycm_SAQA?hl=pt-BR&gl=BR&ceid=BR%3Apt-419
"Cientista climática diz que Amazônia virou ""caixa de fósforo""",Metrópoles,6 de nov. de 2023,https://news.google.com/articles/CBMiQmh0dHBzOi8vd3d3Lm1ldHJvcG9sZXMuY29tL2JyYXNpbC9jaWVudGlzdGEtYW1hem9uaWEtY2FpeGEtZm9zZm9yb9IBAA?hl=pt-BR&gl=BR&ceid=BR%3Apt-419
"Após 75 dias de seca, Distrito Federal registra as primeiras chuvas. Veja vídeos",Metrópoles,30 de ago. de 2021,https://news.google.com/articles/CBMibmh0dHBzOi8vd3d3Lm1ldHJvcG9sZXMuY29tL2Rpc3RyaXRvLWZlZGVyYWwvYXBvcy03NS1kaWFzLWRlLXNlY2EtZGlzdHJpdG8tZmVkZXJhbC1yZWdpc3RyYS1hcy1wcmltZWlyYXMtY2h1dmFz0gEA?hl=pt-BR&gl=BR&ceid=BR%3Apt-419
"Em meio à seca, bombeiros do DF arriscam a vida no combate a incêndios",Metrópoles,22 de set. de 2019,https://news.google.com/articles/CBMicWh0dHBzOi8vd3d3Lm1ldHJvcG9sZXMuY29tL2Rpc3RyaXRvLWZlZGVyYWwvZW0tbWVpby1hLXNlY2EtYm9tYmVpcm9zLWRvLWRmLWFycmlzY2FtLWEtdmlkYS1uby1jb21iYXRlLWEtaW5jZW5kaW9z0gEA?hl=pt-BR&gl=BR&ceid=BR%3Apt-419
O que acontece com o corpo quando não se bebe água durante a seca?,Metrópoles,31 de jul. de 2018,https://news.google.com/articles/CBMidGh0dHBzOi8vd3d3Lm1ldHJvcG9sZXMuY29tL3ZpZGEtZS1lc3RpbG8vYmVtLWVzdGFyL28tcXVlLWFjb250ZWNlLWNvbS1vLWNvcnBvLXF1YW5kby1uYW8tc2UtYmViZS1hZ3VhLWR1cmFudGUtYS1zZWNh0gEA?hl=pt-BR&gl=BR&ceid=BR%3Apt-419
3 dicas para driblar os problemas de saúde causados pela seca no DF,Metrópoles,21 de ago. de 2023,https://news.google.com/articles/CBMicGh0dHBzOi8vd3d3Lm1ldHJvcG9sZXMuY29tL2NvbnRldWRvLWVzcGVjaWFsLzMtZGljYXMtcGFyYS1kcmlibGFyLW9zLXByb2JsZW1hcy1kZS1zYXVkZS1jYXVzYWRvcy1wZWxhLXNlY2Etbm8tZGbSAQA?hl=pt-BR&gl=BR&ceid=BR%3Apt-419
Projeto no Nordeste do Brasil inspira programa contra seca na África,Metrópoles,17 de ago. de 2018,https://news.google.com/articles/CBMibmh0dHBzOi8vd3d3Lm1ldHJvcG9sZXMuY29tL3BvbnRvLWRlLXZpc3RhL3Byb2pldG8tbm8tbm9yZGVzdGUtZG8tYnJhc2lsLWluc3BpcmEtcHJvZ3JhbWEtY29udHJhLXNlY2EtbmEtYWZyaWNh0gEA?hl=pt-BR&gl=BR&ceid=BR%3Apt-419
Detran-DF começa a testar drogômetro em blitz da Lei Seca,Metrópoles,29 de ago. de 2019,https://news.google.com/articles/CBMicWh0dHBzOi8vd3d3Lm1ldHJvcG9sZXMuY29tL2Rpc3RyaXRvLWZlZGVyYWwvdHJhbnNpdG8tZGYvZGV0cmFuLWRmLWNvbWVjYS1hLXRlc3Rhci1kcm9nb21ldHJvLWVtLWJsaXR6LWRhLWxlaS1zZWNh0gEA?hl=pt-BR&gl=BR&ceid=BR%3Apt-419
Seca: Caiado cita cinco cidades com falta de água em Goiás,Metrópoles,21 de set. de 2021,https://news.google.com/articles/CBMiW2h0dHBzOi8vd3d3Lm1ldHJvcG9sZXMuY29tL2JyYXNpbC9zZWNhLWNhaWFkby1jaXRhLWNpbmNvLWNpZGFkZXMtY29tLWZhbHRhLWRlLWFndWEtZW0tZ29pYXPSAQA?hl=pt-BR&gl=BR&ceid=BR%3Apt-419
Brasília registra o dia mais quente e seco do ano: umidade cai a 10%,Metrópoles,13 de ago. de 2018,https://news.google.com/articles/CBMicWh0dHBzOi8vd3d3Lm1ldHJvcG9sZXMuY29tL2Rpc3RyaXRvLWZlZGVyYWwvY2xpbWEtZGYvZGYtcmVnaXN0cmEtby1kaWEtbWFpcy1xdWVudGUtZS1zZWNvLWRvLWFuby11bWlkYWRlLWNhaS1hLTEw0gEA?hl=pt-BR&gl=BR&ceid=BR%3Apt-419
DF completa 110 dias sem chuva e umidade pode chegar a 12% neste sábado,Metrópoles,12 de set. de 2020,https://news.google.com/articles/CBMie2h0dHBzOi8vd3d3Lm1ldHJvcG9sZXMuY29tL2Rpc3RyaXRvLWZlZGVyYWwvY2xpbWEtZGYvZGYtY29tcGxldGEtMTEwLWRpYXMtc2VtLWNodXZhLWUtdW1pZGFkZS1wb2RlLWNoZWdhci1hLTEyLW5lc3RlLXNhYmFkb9IBAA?hl=pt-BR&gl=BR&ceid=BR%3Apt-419
Cuidados com a seca: saiba o que causa o sangramento nasal,Metrópoles,7 de mai. de 2023,https://news.google.com/articles/CBMiWmh0dHBzOi8vd3d3Lm1ldHJvcG9sZXMuY29tL3NhdWRlL2N1aWRhZG9zLWNvbS1hLXNlY2Etc2FpYmEtby1xdWUtY2F1c2Etby1zYW5ncmFtZW50by1uYXNhbNIBAA?hl=pt-BR&gl=BR&ceid=BR%3Apt-419
Conheça as 10 melhores máscaras hidratantes para enfrentar o tempo seco,Metrópoles,31 de jul. de 2020,https://news.google.com/articles/CBMibGh0dHBzOi8vd3d3Lm1ldHJvcG9sZXMuY29tL3ZpdHJpbmUtbS9jb25oZWNhLWFzLTEwLW1lbGhvcmVzLW1hc2NhcmFzLWhpZHJhdGFudGVzLXBhcmEtZW5mcmVudGFyLW8tdGVtcG8tc2Vjb9IBAA?hl=pt-BR&gl=BR&ceid=BR%3Apt-419
Estiagem: Amazonas decreta situação de emergência em 55 cidades,Metrópoles,29 de set. de 2023,https://news.google.com/articles/CBMiYGh0dHBzOi8vd3d3Lm1ldHJvcG9sZXMuY29tL2JyYXNpbC9lc3RpYWdlbS1hbWF6b25hcy1kZWNyZXRhLXNpdHVhY2FvLWRlLWVtZXJnZW5jaWEtZW0tNTUtY2lkYWRlc9IBAA?hl=pt-BR&gl=BR&ceid=BR%3Apt-419
"""Vacinado, seus oreia seca"", diz Maguila ao receber 1ª dose da vacina",Metrópoles,6 de mai. de 2021,https://news.google.com/articles/CBMiZWh0dHBzOi8vd3d3Lm1ldHJvcG9sZXMuY29tL2VzcG9ydGVzL3ZhY2luYWRvLXNldXMtb3JlaWEtc2VjYS1kaXotbWFndWlsYS1hby1yZWNlYmVyLTFhLWRvc2UtZGEtdmFjaW5h0gEA?hl=pt-BR&gl=BR&ceid=BR%3Apt-419
"São Paulo vence o Botafogo e agora ""seca"" o Corinthians pelo 2ª lugar",Metrópoles,19 de mar. de 2022,https://news.google.com/articles/CBMib2h0dHBzOi8vd3d3Lm1ldHJvcG9sZXMuY29tL2VzcG9ydGVzL2Z1dGVib2wvc2FvLXBhdWxvLXZlbmNlLW8tYm90YWZvZ28tZS1hZ29yYS1zZWNhLW8tY29yaW50aGlhbnMtcGVsby0yYS1sdWdhctIBAA?hl=pt-BR&gl=BR&ceid=BR%3Apt-419
Bolinho de abóbora com carne seca desfiada: faça a receita em casa,Metrópoles,2 de out. de 2020,https://news.google.com/articles/CBMicGh0dHBzOi8vd3d3Lm1ldHJvcG9sZXMuY29tL2dhc3Ryb25vbWlhL3JlY2VpdGEvYm9saW5oby1kZS1hYm9ib3JhLWNvbS1jYXJuZS1zZWNhLWRlc2ZpYWRhLWZhY2EtYS1yZWNlaXRhLWVtLWNhc2HSAQA?hl=pt-BR&gl=BR&ceid=BR%3Apt-419
Semana começa com névoa seca e umidade que pode baixar a 25%,Metrópoles,26 de ago. de 2019,https://news.google.com/articles/CBMicGh0dHBzOi8vd3d3Lm1ldHJvcG9sZXMuY29tL2Rpc3RyaXRvLWZlZGVyYWwvY2xpbWEtZGYvc2VtYW5hLWNvbWVjYS1jb20tbmV2b2Etc2VjYS1lLXVtaWRhZGUtcXVlLXBvZGUtYmFpeGFyLWEtMjXSAQA?hl=pt-BR&gl=BR&ceid=BR%3Apt-419
Lei Seca flagra 147 motoristas. Um deles duas vezes no mesmo dia,Metrópoles,23 de mai. de 2016,https://news.google.com/articles/CBMid2h0dHBzOi8vd3d3Lm1ldHJvcG9sZXMuY29tL2Rpc3RyaXRvLWZlZGVyYWwvdHJhbnNpdG8tZGYvbGVpLXNlY2EtZmxhZ3JhLTE0Ny1tb3RvcmlzdGFzLXVtLWRlbGVzLWR1YXMtdmV6ZXMtbm8tbWVzbW8tZGlh0gEA?hl=pt-BR&gl=BR&ceid=BR%3Apt-419
Ex-vice do IPCC cobra mais clareza do país em ação climática,Metrópoles,16 de abr. de 2023,https://news.google.com/articles/CBMiaGh0dHBzOi8vd3d3Lm1ldHJvcG9sZXMuY29tL2JyYXNpbC9jYW5kaWRhdGEtYS1wcmVzaWRpci1pcGNjLWNvYnJhLW1haXMtY2xhcmV6YS1kby1wYWlzLWVtLWFjYW8tY2xpbWF0aWNh0gEA?hl=pt-BR&gl=BR&ceid=BR%3Apt-419
Seca ou Covid-19? Saiba como diferenciar os sintomas nas duas situações,Metrópoles,10 de set. de 2020,https://news.google.com/articles/CBMiZ2h0dHBzOi8vd3d3Lm1ldHJvcG9sZXMuY29tL3NhdWRlL3NlY2Etb3UtY292aWQtMTktc2FpYmEtY29tby1kaWZlcmVuY2lhci1vcy1zaW50b21hcy1uYXMtZHVhcy1zaXR1YWNvZXPSAQA?hl=pt-BR&gl=BR&ceid=BR%3Apt-419
Alckmin e ministros chegam ao AM para visitar áreas afetadas pela seca,Metrópoles,4 de out. de 2023,https://news.google.com/articles/CBMiaGh0dHBzOi8vd3d3Lm1ldHJvcG9sZXMuY29tL2JyYXNpbC9hbGNrbWluLWUtbWluaXN0cm9zLWNoZWdhbS1hby1hbS1wYXJhLXZpc2l0YXItYXJlYXMtYWZldGFkYXMtcGVsYS1zZWNh0gEA?hl=pt-BR&gl=BR&ceid=BR%3Apt-419
Seca na Amazônia deve bater recordes e afetar rios,Metrópoles,30 de set. de 2023,https://news.google.com/articles/CBMiQGh0dHBzOi8vd3d3Lm1ldHJvcG9sZXMuY29tL2JyYXNpbC9yZWNvcmRlcy1zZWNhLW5hLWFtYXpvbmlhLXJpb3PSAQA?hl=pt-BR&gl=BR&ceid=BR%3Apt-419
Seca: todas as cidades do Amazonas entram em estado de emergência,Metrópoles,1 de nov. de 2023,https://news.google.com/articles/CBMiYmh0dHBzOi8vd3d3Lm1ldHJvcG9sZXMuY29tL2JyYXNpbC9zZWNhLXRvZGFzLWFzLWNpZGFkZXMtZG8tYW1hem9uYXMtZW50cmFtLWVtLWVzdGFkby1kZS1lbWVyZ2VuY2lh0gEA?hl=pt-BR&gl=BR&ceid=BR%3Apt-419
O canal do Panamá e a mudança climática (por Felipe Sampaio),Metrópoles,21 de dez.,https://news.google.com/articles/CBMibGh0dHBzOi8vd3d3Lm1ldHJvcG9sZXMuY29tL2Jsb2ctZG8tbm9ibGF0L2FydGlnb3Mvby1jYW5hbC1kby1wYW5hbWEtZS1hLW11ZGFuY2EtY2xpbWF0aWNhLXBvci1mZWxpcGUtc2FtcGFpb9IBAA?hl=pt-BR&gl=BR&ceid=BR%3Apt-419
10 receitas de chá gelado para se refrescar no calor e na seca,Metrópoles,23 de ago. de 2017,https://news.google.com/articles/CBMia2h0dHBzOi8vd3d3Lm1ldHJvcG9sZXMuY29tL2dhc3Ryb25vbWlhL2JlYmVyLzEwLXJlY2VpdGFzLWRlLWNoYS1nZWxhZG8tcGFyYS1zZS1yZWZyZXNjYXItbm8tY2Fsb3ItZS1uYS1zZWNh0gEA?hl=pt-BR&gl=BR&ceid=BR%3Apt-419
Aguenta o calor: El Niño vai durar até abril de 2024,Metrópoles,8 de nov. de 2023,https://news.google.com/articles/CBMiPWh0dHBzOi8vd3d3Lm1ldHJvcG9sZXMuY29tL211bmRvL2NhbG9yLWVsLW5pbm8tYXRlLWFicmlsLTIwMjTSAQA?hl=pt-BR&gl=BR&ceid=BR%3Apt-419
"Xô, lábios ressecados: 7 produtos para aderir na época mais seca do ano",Metrópoles,10 de set. de 2021,https://news.google.com/articles/CBMidmh0dHBzOi8vd3d3Lm1ldHJvcG9sZXMuY29tL3ZpZGEtZS1lc3RpbG8vdml0cmluZS94by1sYWJpb3MtcmVzc2VjYWRvcy03LXByb2R1dG9zLXBhcmEtYWRlcmlyLW5hLWVwb2NhLW1haXMtc2VjYS1kby1hbm_SAQA?hl=pt-BR&gl=BR&ceid=BR%3Apt-419
Veja cuidados importantes para manter a pele hidratada no frio,Metrópoles,22 de mai. de 2023,https://news.google.com/articles/CBMiX2h0dHBzOi8vd3d3Lm1ldHJvcG9sZXMuY29tL3NhdWRlL3ZlamEtY3VpZGFkb3MtaW1wb3J0YW50ZXMtcGFyYS1tYW50ZXItYS1wZWxlLWhpZHJhdGFkYS1uby1mcmlv0gEA?hl=pt-BR&gl=BR&ceid=BR%3Apt-419
Agência Nacional de Águas declara situação crítica no Rio Madeira,Metrópoles,9 de out. de 2023,https://news.google.com/articles/CBMiY2h0dHBzOi8vd3d3Lm1ldHJvcG9sZXMuY29tL2JyYXNpbC9hZ2VuY2lhLW5hY2lvbmFsLWRlLWFndWFzLWRlY2xhcmEtc2l0dWFjYW8tY3JpdGljYS1uby1yaW8tbWFkZWlyYdIBAA?hl=pt-BR&gl=BR&ceid=BR%3Apt-419
"Lei Seca faz 15 anos: álcool provoca 1,2 morte por hora no trânsito",Metrópoles,19 de jun. de 2023,https://news.google.com/articles/CBMiY2h0dHBzOi8vd3d3Lm1ldHJvcG9sZXMuY29tL2JyYXNpbC9sZWktc2VjYS1mYXotMTUtYW5vcy1hbGNvb2wtcHJvdm9jYS0xMi1tb3J0ZS1wb3ItaG9yYS1uby10cmFuc2l0b9IBAA?hl=pt-BR&gl=BR&ceid=BR%3Apt-419
"Camaronês invade Encontro, seca Brasil na Copa e é vaiado pela plateia",Metrópoles,2 de dez. de 2022,https://news.google.com/articles/CBMieWh0dHBzOi8vd3d3Lm1ldHJvcG9sZXMuY29tL2VudHJldGVuaW1lbnRvL3RlbGV2aXNhby9jYW1hcm9uZXMtaW52YWRlLWVuY29udHJvLXNlY2EtYnJhc2lsLW5hLWNvcGEtZS1lLXZhaWFkby1wZWxhLXBsYXRlaWHSAQA?hl=pt-BR&gl=BR&ceid=BR%3Apt-419
"Colabora, São Pedro! Atletas do Brasília Vôlei sofrem com a seca e o calor que castigam a capital",Metrópoles,22 de out. de 2015,https://news.google.com/articles/CBMidmh0dHBzOi8vd3d3Lm1ldHJvcG9sZXMuY29tL2VzcG9ydGVzL3ZvbGVpL2F0bGV0YXMtZG8tYnJhc2lsaWEtdm9sZWktc29mcmVtLWNvbS1hLXNlY2EtZS1vLWNhbG9yLXF1ZS1jYXN0aWdhbS1hLWNhcGl0YWzSAQA?hl=pt-BR&gl=BR&ceid=BR%3Apt-419
Alta temperatura do Lago Tefé (AM) matou 10% dos botos da região,Metrópoles,18 de out. de 2023,https://news.google.com/articles/CBMiX2h0dHBzOi8vd3d3Lm1ldHJvcG9sZXMuY29tL2JyYXNpbC9hbHRhLXRlbXBlcmF0dXJhLWRvLWxhZ28tdGVmZS1hbS1tYXRvdS0xMC1kb3MtYm90b3MtZGEtcmVnaWFv0gEA?hl=pt-BR&gl=BR&ceid=BR%3Apt-419
"Filha de ministro do TCU, secretária do GDF chama funcionários de ""orelha seca""",Metrópoles,16 de jul. de 2019,https://news.google.com/articles/CBMifmh0dHBzOi8vd3d3Lm1ldHJvcG9sZXMuY29tL2NvbHVuYXMvZ3JhbmRlLWFuZ3VsYXIvZmlsaGEtZGUtbWluaXN0cm8tZG8tdGN1LXNlY3JldGFyaWEtZG8tZ2RmLWNoYW1hLWZ1bmNpb25hcmlvcy1kZS1vcmVsaGEtc2VjYdIBAA?hl=pt-BR&gl=BR&ceid=BR%3Apt-419
Um Araguaia nunca visto antes: água some totalmente em alguns canais do rio,Metrópoles,25 de set. de 2021,https://news.google.com/articles/CBMibGh0dHBzOi8vd3d3Lm1ldHJvcG9sZXMuY29tL2JyYXNpbC91bS1hcmFndWFpYS1udW5jYS12aXN0by1hbnRlcy1hZ3VhLXNvbWUtdG90YWxtZW50ZS1lbS1hbGd1bnMtY2FuYWlzLWRvLXJpb9IBAA?hl=pt-BR&gl=BR&ceid=BR%3Apt-419
"Brasil precisa se adaptar ao calor após o El Niño, dizem especialistas",Metrópoles,24 de dez.,https://news.google.com/articles/CBMiZ2h0dHBzOi8vd3d3Lm1ldHJvcG9sZXMuY29tL2JyYXNpbC9icmFzaWwtcHJlY2lzYS1zZS1hZGFwdGFyLWFvLWNhbG9yLWFwb3Mtby1lbC1uaW5vLWRpemVtLWVzcGVjaWFsaXN0YXPSAQA?hl=pt-BR&gl=BR&ceid=BR%3Apt-419
Lei Seca: chega ao DF aparelho que detecta embriaguez por sensor,Metrópoles,22 de mai. de 2019,https://news.google.com/articles/CBMid2h0dHBzOi8vd3d3Lm1ldHJvcG9sZXMuY29tL2Rpc3RyaXRvLWZlZGVyYWwvdHJhbnNpdG8tZGYvbGVpLXNlY2EtY2hlZ2EtYW8tZGYtYXBhcmVsaG8tcXVlLWRldGVjdGEtZW1icmlhZ3Vlei1wb3Itc2Vuc29y0gEA?hl=pt-BR&gl=BR&ceid=BR%3Apt-419
Previsões indicam recuperação da Amazônia após seca histórica de 2023,Metrópoles,14 de out. de 2023,https://news.google.com/articles/CBMiZ2h0dHBzOi8vd3d3Lm1ldHJvcG9sZXMuY29tL2JyYXNpbC9wcmV2aXNvZXMtaW5kaWNhbS1yZWN1cGVyYWNhby1kYS1hbWF6b25pYS1hcG9zLXNlY2EtaGlzdG9yaWNhLWRlLTIwMjPSAQA?hl=pt-BR&gl=BR&ceid=BR%3Apt-419
Brasília em preto e branco: árvores secas mudam a paisagem da capital,Metrópoles,6 de set. de 2020,https://news.google.com/articles/CBMicGh0dHBzOi8vd3d3Lm1ldHJvcG9sZXMuY29tL2Rpc3RyaXRvLWZlZGVyYWwvYnJhc2lsaWEtZW0tcHJldG8tZS1icmFuY28tYXJ2b3Jlcy1zZWNhcy1tdWRhbS1hLXBhaXNhZ2VtLWRhLWNhcGl0YWzSAQA?hl=pt-BR&gl=BR&ceid=BR%3Apt-419
Linha de lava e seca da Samsung sugere modo de lavagem para cada roupa,Metrópoles,30 de mar. de 2022,https://news.google.com/articles/CBMia2h0dHBzOi8vd3d3Lm1ldHJvcG9sZXMuY29tL3ZpdHJpbmUtbS9saW5oYS1kZS1sYXZhLWUtc2VjYS1kYS1zYW1zdW5nLXN1Z2VyZS1tb2RvLWRlLWxhdmFnZW0tcGFyYS1jYWRhLXJvdXBh0gEA?hl=pt-BR&gl=BR&ceid=BR%3Apt-419
Toalha molhada resolve? Descubra mitos e verdades capazes de aliviar a seca,Metrópoles,20 de ago. de 2020,https://news.google.com/articles/CBMifWh0dHBzOi8vd3d3Lm1ldHJvcG9sZXMuY29tL3ZpZGEtZS1lc3RpbG8vYmVtLWVzdGFyL3RvYWxoYS1tb2xoYWRhLXJlc29sdmUtZGVzY3VicmEtbWl0b3MtZS12ZXJkYWRlcy1jYXBhemVzLWRlLWFsaXZpYXItYS1zZWNh0gEA?hl=pt-BR&gl=BR&ceid=BR%3Apt-419
"Vinho Rosé é ótima pedida para se refrescar na seca, diz sommelier",Metrópoles,7 de set. de 2018,https://news.google.com/articles/CBMibmh0dHBzOi8vd3d3Lm1ldHJvcG9sZXMuY29tL2dhc3Ryb25vbWlhL2JlYmVyL3ZpbmhvLXJvc2UtZS1vdGltYS1wZWRpZGEtcGFyYS1zZS1yZWZyZXNjYXItbmEtc2VjYS1kaXotc29tbWVsaWVy0gEA?hl=pt-BR&gl=BR&ceid=BR%3Apt-419
"DF tem chance de chuva, e temperatura pode alcançar 34ºC a partir de 2ª",Metrópoles,19 de ago. de 2023,https://news.google.com/articles/CBMicmh0dHBzOi8vd3d3Lm1ldHJvcG9sZXMuY29tL2Rpc3RyaXRvLWZlZGVyYWwvZGYtdGVtLWNoYW5jZS1kZS1jaHV2YS1lLXRlbXBlcmF0dXJhLXBvZGUtYWxjYW5jYXItMzRvYy1hLXBhcnRpci1kZS0yYdIBAA?hl=pt-BR&gl=BR&ceid=BR%3Apt-419
"Há 78 dias sem chuva, DF terá dia seco e quente nesta terça-feira",Metrópoles,11 de ago. de 2020,https://news.google.com/articles/CBMibGh0dHBzOi8vd3d3Lm1ldHJvcG9sZXMuY29tL2Rpc3RyaXRvLWZlZGVyYWwvaGEtNzgtZGlhcy1zZW0tY2h1dmEtZGYtdGVyYS1kaWEtc2Vjby1lLXF1ZW50ZS1uZXN0YS10ZXJjYS1mZWlyYdIBAA?hl=pt-BR&gl=BR&ceid=BR%3Apt-419
Tortinha de carne seca crocante e prática: receita tem recheio cremoso,Metrópoles,29 de jan. de 2021,https://news.google.com/articles/CBMidGh0dHBzOi8vd3d3Lm1ldHJvcG9sZXMuY29tL2dhc3Ryb25vbWlhL3JlY2VpdGEvdG9ydGluaGEtZGUtY2FybmUtc2VjYS1jcm9jYW50ZS1lLXByYXRpY2EtcmVjZWl0YS10ZW0tcmVjaGVpby1jcmVtb3Nv0gEA?hl=pt-BR&gl=BR&ceid=BR%3Apt-419
Frio no DF: confira 8 produtos que vão salvar a sua pele na seca,Metrópoles,30 de mai. de 2023,https://news.google.com/articles/CBMib2h0dHBzOi8vd3d3Lm1ldHJvcG9sZXMuY29tL3ZpZGEtZS1lc3RpbG8vYmVsZXphL2ZyaW8tbm8tZGYtY29uZmlyYS04LXByb2R1dG9zLXF1ZS12YW8tc2FsdmFyLWEtc3VhLXBlbGUtbmEtc2VjYdIBAA?hl=pt-BR&gl=BR&ceid=BR%3Apt-419
"Lei Seca em SP: 1,3 mil motoristas se negam a fazer teste do bafômetro",Metrópoles,27 de set. de 2023,https://news.google.com/articles/CBMiamh0dHBzOi8vd3d3Lm1ldHJvcG9sZXMuY29tL3Nhby1wYXVsby9tYWlzLWRlLTEtNDAwLW1vdG9yaXN0YXMtc2FvLW11bHRhZG9zLWVtLW1lZ2FvcGVyYWNhby1kby1kZXRyYW4tZW0tc3DSAQA?hl=pt-BR&gl=BR&ceid=BR%3Apt-419
Hidratantes à base de frutas trazem benefícios para pele seca,Metrópoles,11 de out. de 2018,https://news.google.com/articles/CBMibWh0dHBzOi8vd3d3Lm1ldHJvcG9sZXMuY29tL3ZpZGEtZS1lc3RpbG8vYmVsZXphL2hpZHJhdGFudGVzLWEtYmFzZS1kZS1mcnV0YXMtdHJhemVtLWJlbmVmaWNpb3MtcGFyYS1wZWxlLXNlY2HSAQA?hl=pt-BR&gl=BR&ceid=BR%3Apt-419
Seca histórica atinge todos os 62 municípios do Amazonas,Metrópoles,27 de out. de 2023,https://news.google.com/articles/CBMiWmh0dHBzOi8vd3d3Lm1ldHJvcG9sZXMuY29tL2JyYXNpbC9zZWNhLWhpc3RvcmljYS1hdGluZ2UtdG9kb3Mtb3MtNjItbXVuaWNpcGlvcy1kby1hbWF6b25hc9IBAA?hl=pt-BR&gl=BR&ceid=BR%3Apt-419
Seca tranquila: médicos falam como lidar com rinite e asma no inverno,Metrópoles,29 de mai. de 2018,https://news.google.com/articles/CBMid2h0dHBzOi8vd3d3Lm1ldHJvcG9sZXMuY29tL3ZpZGEtZS1lc3RpbG8vYmVtLWVzdGFyL3NlY2EtdHJhbnF1aWxhLW1lZGljb3MtZmFsYW0tY29tby1saWRhci1jb20tcmluaXRlLWUtYXNtYS1uby1pbnZlcm5v0gEA?hl=pt-BR&gl=BR&ceid=BR%3Apt-419
Calor e seca: número de botos mortos no Amazonas sobe para 178,Metrópoles,30 de out. de 2023,https://news.google.com/articles/CBMiX2h0dHBzOi8vd3d3Lm1ldHJvcG9sZXMuY29tL2JyYXNpbC9jYWxvci1lLXNlY2EtbnVtZXJvLWRlLWJvdG9zLW1vcnRvcy1uby1hbWF6b25hcy1zb2JlLXBhcmEtMTc40gEA?hl=pt-BR&gl=BR&ceid=BR%3Apt-419
Seca que atinge o Amazonas e o Pará é a mais severa em 40 anos,Metrópoles,4 de out. de 2023,https://news.google.com/articles/CBMiYGh0dHBzOi8vd3d3Lm1ldHJvcG9sZXMuY29tL2JyYXNpbC9zZWNhLXF1ZS1hdGluZ2Utby1hbWF6b25hcy1lLW8tcGFyYS1lLWEtbWFpcy1zZXZlcmEtZW0tNDAtYW5vc9IBAA?hl=pt-BR&gl=BR&ceid=BR%3Apt-419
Primeira chuva forte pós-seca provoca alagamentos e trânsito complica,Metrópoles,23 de set. de 2016,https://news.google.com/articles/CBMibmh0dHBzOi8vd3d3Lm1ldHJvcG9sZXMuY29tL2Rpc3RyaXRvLWZlZGVyYWwvY2xpbWEtZGYvY2h1dmEtdm9sdGEtYW8tZGYtYWNvbXBhbmhhZGEtZGUtdmVudG9zLWZvcnRlcy1lLXRyb3ZvYWRh0gEA?hl=pt-BR&gl=BR&ceid=BR%3Apt-419
Pele de bebê: 4 máscaras faciais em sachê para hidratar seu rosto na seca,Metrópoles,9 de jul. de 2020,https://news.google.com/articles/CBMieGh0dHBzOi8vd3d3Lm1ldHJvcG9sZXMuY29tL3ZpZGEtZS1lc3RpbG8vYmVsZXphL3BlbGUtZGUtYmViZS00LW1hc2NhcmFzLWZhY2lhaXMtZW0tc2FjaGUtcGFyYS1oaWRyYXRhci1zZXUtcm9zdG8tbmEtc2VjYdIBAA?hl=pt-BR&gl=BR&ceid=BR%3Apt-419
Seca no Amazonas não vai impedir disputa de mulheres em iate de luxo,Metrópoles,28 de out. de 2023,https://news.google.com/articles/CBMieGh0dHBzOi8vd3d3Lm1ldHJvcG9sZXMuY29tL2VudHJldGVuaW1lbnRvL3RlbGV2aXNhby9zZWNhLW5vLWFtYXpvbmFzLW5hby12YWktaW1wZWRpci1kaXNwdXRhLWRlLW11bGhlcmVzLWVtLWlhdGUtZGUtbHV4b9IBAA?hl=pt-BR&gl=BR&ceid=BR%3Apt-419
Esperar a chuva em tempos de seca (por Otávio Santana do Rêgo Barros),Metrópoles,20 de out. de 2021,https://news.google.com/articles/CBMidWh0dHBzOi8vd3d3Lm1ldHJvcG9sZXMuY29tL2Jsb2ctZG8tbm9ibGF0L2FydGlnb3MvZXNwZXJhci1hLWNodXZhLWVtLXRlbXBvcy1kZS1zZWNhLXBvci1vdGF2aW8tc2FudGFuYS1kby1yZWdvLWJhcnJvc9IBAA?hl=pt-BR&gl=BR&ceid=BR%3Apt-419
Inmet prevê mais chuva para esta terça-feira em vários pontos do DF,Metrópoles,31 de ago. de 2021,https://news.google.com/articles/CBMib2h0dHBzOi8vd3d3Lm1ldHJvcG9sZXMuY29tL2Rpc3RyaXRvLWZlZGVyYWwvaW5tZXQtcHJldmUtbWFpcy1jaHV2YS1wYXJhLWVzdGEtdGVyY2EtZmVpcmEtZW0tdmFyaW9zLXBvbnRvcy1kby1kZtIBAA?hl=pt-BR&gl=BR&ceid=BR%3Apt-419
Dermatologistas elegem os melhores cremes hidratantes corporais. Veja!,Metrópoles,18 de ago. de 2021,https://news.google.com/articles/CBMieGh0dHBzOi8vd3d3Lm1ldHJvcG9sZXMuY29tL2NvbHVuYXMvY2xhdWRpYS1tZWlyZWxlcy9kZXJtYXRvbG9naXN0YXMtZWxlZ2VtLW9zLW1lbGhvcmVzLWNyZW1lcy1oaWRyYXRhbnRlcy1jb3Jwb3JhaXMtdmVqYdIBAA?hl=pt-BR&gl=BR&ceid=BR%3Apt-419
Seca barriga: técnicas de respiração aceleram a definição do abdômen,Metrópoles,26 de abr. de 2023,https://news.google.com/articles/CBMiZGh0dHBzOi8vd3d3Lm1ldHJvcG9sZXMuY29tL3NhdWRlL3NlY2EtYmFycmlnYS10ZWNuaWNhcy1kZS1yZXNwaXJhY2FvLWFjZWxlcmFtLWEtZGVmaW5pY2FvLWRvLWFiZG9tZW7SAQA?hl=pt-BR&gl=BR&ceid=BR%3Apt-419
"Drenos ilegais para soja destroem veredas no norte de GO, diz polícia",Metrópoles,4 de ago. de 2022,https://news.google.com/articles/CBMiZmh0dHBzOi8vd3d3Lm1ldHJvcG9sZXMuY29tL2JyYXNpbC9kcmVub3MtaWxlZ2Fpcy1wYXJhLXNvamEtZGVzdHJvZW0tdmVyZWRhcy1uby1ub3J0ZS1kZS1nby1kaXotcG9saWNpYdIBAA?hl=pt-BR&gl=BR&ceid=BR%3Apt-419
Esfoliação na seca é seguro? Saiba como investir sem agredir a pele,Metrópoles,20 de jul. de 2021,https://news.google.com/articles/CBMicmh0dHBzOi8vd3d3Lm1ldHJvcG9sZXMuY29tL3ZpZGEtZS1lc3RpbG8vYmVsZXphL2VzZm9saWFjYW8tbmEtc2VjYS1lLXNlZ3Vyby1zYWliYS1jb21vLWludmVzdGlyLXNlbS1hZ3JlZGlyLWEtcGVsZdIBAA?hl=pt-BR&gl=BR&ceid=BR%3Apt-419
"Com 10% de umidade, DF bate recorde de dia mais seco do ano",Metrópoles,7 de ago. de 2023,https://news.google.com/articles/CBMiZWh0dHBzOi8vd3d3Lm1ldHJvcG9sZXMuY29tL2Rpc3RyaXRvLWZlZGVyYWwvY29tLTEwLWRlLXVtaWRhZGUtZGYtYmF0ZS1yZWNvcmRlLWRlLWRpYS1tYWlzLXNlY28tZG8tYW5v0gEA?hl=pt-BR&gl=BR&ceid=BR%3Apt-419
"Seca, modela e alisa: cinco escovas rotativas a partir de R$ 159",Metrópoles,21 de mai. de 2021,https://news.google.com/articles/CBMiYmh0dHBzOi8vd3d3Lm1ldHJvcG9sZXMuY29tL3ZpdHJpbmUtbS9zZWNhLW1vZGVsYS1lLWFsaXNhLWNpbmNvLWVzY292YXMtcm90YXRpdmFzLWEtcGFydGlyLWRlLXItMTU50gEA?hl=pt-BR&gl=BR&ceid=BR%3Apt-419
Sem tempo ruim: tudo que você precisa saber para treinar na época seca,Metrópoles,7 de set. de 2021,https://news.google.com/articles/CBMieGh0dHBzOi8vd3d3Lm1ldHJvcG9sZXMuY29tL3ZpZGEtZS1lc3RpbG8vYmVtLWVzdGFyL3NlbS10ZW1wby1ydWltLXR1ZG8tcXVlLXZvY2UtcHJlY2lzYS1zYWJlci1wYXJhLXRyZWluYXItbmEtZXBvY2Etc2VjYdIBAA?hl=pt-BR&gl=BR&ceid=BR%3Apt-419
Aprenda receitas caseiras para aliviar a tosse,Metrópoles,17 de jan. de 2019,https://news.google.com/articles/CBMiT2h0dHBzOi8vd3d3Lm1ldHJvcG9sZXMuY29tL3NhdWRlL2FwcmVuZGEtcmVjZWl0YXMtY2FzZWlyYXMtcGFyYS1hbGl2aWFyLWEtdG9zc2XSAQA?hl=pt-BR&gl=BR&ceid=BR%3Apt-419
Veja receita do delicioso risole de abóbora de Ana Maria Braga,Metrópoles,8 de jun. de 2022,https://news.google.com/articles/CBMibWh0dHBzOi8vd3d3Lm1ldHJvcG9sZXMuY29tL2dhc3Ryb25vbWlhL3JlY2VpdGEvdmVqYS1yZWNlaXRhLWRvLWRlbGljaW9zby1yaXNvbGUtZGUtYWJvYm9yYS1kZS1hbmEtbWFyaWEtYnJhZ2HSAQA?hl=pt-BR&gl=BR&ceid=BR%3Apt-419
A seca não tinha acabado? Novembro de 2015 já é o mais quente da história do DF,Metrópoles,11 de nov. de 2015,https://news.google.com/articles/CBMigwFodHRwczovL3d3dy5tZXRyb3BvbGVzLmNvbS9kaXN0cml0by1mZWRlcmFsL2NsaW1hLWRmL2Etc2VjYS1uYW8tdGluaGEtYWNhYmFkby1ub3ZlbWJyby1kZS0yMDE1LWphLWUtby1tYWlzLXF1ZW50ZS1kYS1oaXN0b3JpYS1kby1kZtIBAA?hl=pt-BR&gl=BR&ceid=BR%3Apt-419
"Com 37,3°C, Distrito Federal atinge maior temperatura da história",Metrópoles,8 de out. de 2020,https://news.google.com/articles/CBMiamh0dHBzOi8vd3d3Lm1ldHJvcG9sZXMuY29tL2Rpc3RyaXRvLWZlZGVyYWwvY29tLTM3M2MtZGlzdHJpdG8tZmVkZXJhbC1hdGluZ2UtbWFpb3ItdGVtcGVyYXR1cmEtZGEtaGlzdG9yaWHSAQA?hl=pt-BR&gl=BR&ceid=BR%3Apt-419
"Com Neymar “apagado”, Brasil deve amargar seca entre melhores do mundo",Metrópoles,18 de jan. de 2022,https://news.google.com/articles/CBMib2h0dHBzOi8vd3d3Lm1ldHJvcG9sZXMuY29tL2VzcG9ydGVzL2Z1dGVib2wvY29tLW5leW1hci1hcGFnYWRvLWJyYXNpbC1kZXZlLWFtYXJnYXItc2VjYS1lbnRyZS1tZWxob3Jlcy1kby1tdW5kb9IBAA?hl=pt-BR&gl=BR&ceid=BR%3Apt-419
Seca faz reservatório no Nordeste entrar em estado de calamidade,Metrópoles,2 de nov. de 2016,https://news.google.com/articles/CBMiYmh0dHBzOi8vd3d3Lm1ldHJvcG9sZXMuY29tL2JyYXNpbC9zZWNhLWZhei1yZXNlcnZhdG9yaW8tbm8tbm9yZGVzdGUtZW50cmFyLWVtLWVzdGFkby1kZS1jYWxhbWlkYWRl0gEA?hl=pt-BR&gl=BR&ceid=BR%3Apt-419
