Title,Source,Time,Link
"RS entra em alerta máximo para nova alta dos rios: ""Mais destruição""",Metrópoles,2 horas atrás,https://news.google.com/articles/CBMiY2h0dHBzOi8vd3d3Lm1ldHJvcG9sZXMuY29tL2JyYXNpbC9ycy1lbnRyYS1lbS1hbGVydGEtbWF4aW1vLXBhcmEtbm92YS1hbHRhLWRvcy1yaW9zLW1haXMtZGVzdHJ1aWNhb9IBAA?hl=pt-BR&gl=BR&ceid=BR%3Apt-419
Por que tentam transformar fake news em problema maior do que enchente,Metrópoles,11 horas atrás,https://news.google.com/articles/CBMidmh0dHBzOi8vd3d3Lm1ldHJvcG9sZXMuY29tL2NvbHVuYXMvbWFyaW8tc2FiaW5vL3Bvci1xdWUtdGVudGFtLXRyYW5zZm9ybWFyLWZha2UtbmV3cy1lbS1wcm9ibGVtYS1tYWlvci1kby1xdWUtZW5jaGVudGXSAQA?hl=pt-BR&gl=BR&ceid=BR%3Apt-419
"Enchente faz porto-alegrenses ""fugirem"" para o litoral apesar do frio",Metrópoles,11 horas atrás,https://news.google.com/articles/CBMiZWh0dHBzOi8vd3d3Lm1ldHJvcG9sZXMuY29tL2JyYXNpbC9lbmNoZW50ZS1mYXotcG9ydG8tYWxlZ3JlbnNlcy1mdWdpcmVtLXBhcmEtby1saXRvcmFsLWFwZXNhci1kby1mcmlv0gEA?hl=pt-BR&gl=BR&ceid=BR%3Apt-419
RS: Guaíba volta a subir e pode superar recorde entre segunda e terça,Metrópoles,20 horas atrás,https://news.google.com/articles/CBMiZmh0dHBzOi8vd3d3Lm1ldHJvcG9sZXMuY29tL2JyYXNpbC9ycy1ndWFpYmEtdm9sdGEtYS1zdWJpci1lLXBvZGUtc3VwZXJhci1yZWNvcmRlLWVudHJlLXNlZ3VuZGEtZS10ZXJjYdIBAA?hl=pt-BR&gl=BR&ceid=BR%3Apt-419
"Cães, cavalos e mais: veja relatos de resgate e socorro a bichos no RS",Metrópoles,11 horas atrás,https://news.google.com/articles/CBMiZmh0dHBzOi8vd3d3Lm1ldHJvcG9sZXMuY29tL2JyYXNpbC9jYWVzLWNhdmFsb3MtZS1tYWlzLXZlamEtcmVsYXRvcy1kZS1yZXNnYXRlLWUtc29jb3Jyby1hLWJpY2hvcy1uby1yc9IBAA?hl=pt-BR&gl=BR&ceid=BR%3Apt-419
"Na chuva, moradores voltam para casa no RS e lutam para salvar bens",Metrópoles,Ontem,https://news.google.com/articles/CBMiSGh0dHBzOi8vd3d3Lm1ldHJvcG9sZXMuY29tL2JyYXNpbC9jaHV2YS1tb3JhZG9yZXMtdm9sdGFtLXBhcmEtY2FzYS1uby1yc9IBAA?hl=pt-BR&gl=BR&ceid=BR%3Apt-419
RS: município de Estrela sofre com cheia do Taquari após fortes chuvas,Metrópoles,4 horas atrás,https://news.google.com/articles/CBMiZ2h0dHBzOi8vd3d3Lm1ldHJvcG9sZXMuY29tL2JyYXNpbC9ycy1tdW5pY2lwaW8tZGUtZXN0cmVsYS1zb2ZyZS1jb20tY2hlaWEtZG8tdGFxdWFyaS1hcG9zLWZvcnRlcy1jaHV2YXPSAQA?hl=pt-BR&gl=BR&ceid=BR%3Apt-419
Defesa Civil do RS alerta para elevação do nível dos rios do estado,Metrópoles,Ontem,https://news.google.com/articles/CBMiZWh0dHBzOi8vd3d3Lm1ldHJvcG9sZXMuY29tL2JyYXNpbC9kZWZlc2EtY2l2aWwtZG8tcnMtYWxlcnRhLXBhcmEtZWxldmFjYW8tZG8tbml2ZWwtZG9zLXJpb3MtZG8tZXN0YWRv0gEA?hl=pt-BR&gl=BR&ceid=BR%3Apt-419
RS: Pelotas faz novo alerta para evacuação imediata de áreas de risco,Metrópoles,19 horas atrás,https://news.google.com/articles/CBMiZmh0dHBzOi8vd3d3Lm1ldHJvcG9sZXMuY29tL2JyYXNpbC9ycy1wZWxvdGFzLWZhei1ub3ZvLWFsZXJ0YS1wYXJhLWV2YWN1YWNhby1pbWVkaWF0YS1kZS1hcmVhcy1kZS1yaXNjb9IBAA?hl=pt-BR&gl=BR&ceid=BR%3Apt-419
Número de desalojados por enchentes no RS sobe de 339 mil para 537 mil,Metrópoles,2 dias atrás,https://news.google.com/articles/CBMiaGh0dHBzOi8vd3d3Lm1ldHJvcG9sZXMuY29tL2JyYXNpbC9udW1lcm8tZGUtZGVzYWxvamFkb3MtcG9yLWVuY2hlbnRlcy1uby1ycy1zb2JlLWRlLTMzOS1taWwtcGFyYS01MzctbWls0gEA?hl=pt-BR&gl=BR&ceid=BR%3Apt-419
RS: polícia encontra depósito com itens furtados durante enchentes,Metrópoles,2 dias atrás,https://news.google.com/articles/CBMiY2h0dHBzOi8vd3d3Lm1ldHJvcG9sZXMuY29tL2JyYXNpbC9ycy1wb2xpY2lhLWVuY29udHJhLWRlcG9zaXRvLWNvbS1pdGVucy1mdXJ0YWRvcy1kdXJhbnRlLWVuY2hlbnRlc9IBAA?hl=pt-BR&gl=BR&ceid=BR%3Apt-419
"Profecia? Não, Ciência. A tragédia gaúcha estava escrita e acontece",Metrópoles,8 dias atrás,https://news.google.com/articles/CBMieWh0dHBzOi8vd3d3Lm1ldHJvcG9sZXMuY29tL2Jsb2ctZG8tbm9ibGF0L3JpY2FyZG8tbm9ibGF0L3Byb2ZlY2lhLW5hby1jaWVuY2lhLWEtdHJhZ2VkaWEtZ2F1Y2hhLWVzdGF2YS1lc2NyaXRhLWUtYWNvbnRlY2XSAQA?hl=pt-BR&gl=BR&ceid=BR%3Apt-419
Número de atingidos pelas enchentes no RS chega a 2 milhões de pessoas,Metrópoles,2 dias atrás,https://news.google.com/articles/CBMiSGh0dHBzOi8vd3d3Lm1ldHJvcG9sZXMuY29tL2JyYXNpbC9lbmNoZW50ZXMtcnMtbW9ydG9zLWRlc2FwYXJlY2lkb3MtMTEtNdIBAA?hl=pt-BR&gl=BR&ceid=BR%3Apt-419
Calamidade no RS cria cidades-fantasma cuja reconstrução é incerta,Metrópoles,2 dias atrás,https://news.google.com/articles/CBMiZGh0dHBzOi8vd3d3Lm1ldHJvcG9sZXMuY29tL2JyYXNpbC9jYWxhbWlkYWRlLW5vLXJzLWNyaWEtY2lkYWRlcy1mYW50YXNtYS1jdWphLXJlY29uc3RydWNhby1lLWluY2VydGHSAQA?hl=pt-BR&gl=BR&ceid=BR%3Apt-419
"RS: com prevenção, impacto poderia ser menor, dizem especialistas",Metrópoles,2 dias atrás,https://news.google.com/articles/CBMiYGh0dHBzOi8vd3d3Lm1ldHJvcG9sZXMuY29tL2JyYXNpbC9ycy1jb20tcHJldmVuY2FvLWltcGFjdG8tcG9kZXJpYS1zZXItbWVub3ItZGl6ZW0tZXNwZWNpYWxpc3Rhc9IBAA?hl=pt-BR&gl=BR&ceid=BR%3Apt-419
Prejuízo das enchentes no Rio Grande do Sul já passa de R$ 8 bilhões,Metrópoles,3 dias atrás,https://news.google.com/articles/CBMiYWh0dHBzOi8vd3d3Lm1ldHJvcG9sZXMuY29tL2JyYXNpbC9wcmVqdWl6by1kYXMtZW5jaGVudGVzLW5vLXJpby1ncmFuZGUtZG8tc3VsLWNoZWdhLWEtci04LWJpbGhvZXPSAQA?hl=pt-BR&gl=BR&ceid=BR%3Apt-419
Slash presta solidariedade às vítimas do RS; veja,Metrópoles,3 dias atrás,https://news.google.com/articles/CBMiWGh0dHBzOi8vd3d3Lm1ldHJvcG9sZXMuY29tL2NlbGVicmlkYWRlcy9zbGFzaC1wcmVzdGEtc29saWRhcmllZGFkZS1hcy12aXRpbWFzLWRvLXJzLXZlamHSAQA?hl=pt-BR&gl=BR&ceid=BR%3Apt-419
RS volta a ter temporais nesta sexta e chuvas podem passar dos 100 mm,Metrópoles,3 dias atrás,https://news.google.com/articles/CBMiZ2h0dHBzOi8vd3d3Lm1ldHJvcG9sZXMuY29tL2JyYXNpbC9ycy12b2x0YS1hLXRlci10ZW1wb3JhaXMtbmVzdGEtc2V4dGEtZS1jaHV2YXMtcG9kZW0tcGFzc2FyLWRvcy0xMDAtbW3SAQA?hl=pt-BR&gl=BR&ceid=BR%3Apt-419
Congresso alertou em 2008 para risco climático de enchentes extremas,Metrópoles,3 dias atrás,https://news.google.com/articles/CBMid2h0dHBzOi8vd3d3Lm1ldHJvcG9sZXMuY29tL2NvbHVuYXMvZ3VpbGhlcm1lLWFtYWRvL2NvbmdyZXNzby1hbGVydG91LWVtLTIwMDgtcGFyYS1yaXNjby1jbGltYXRpY28tZGUtZW5jaGVudGVzLWV4dHJlbWFz0gEA?hl=pt-BR&gl=BR&ceid=BR%3Apt-419
"Diante do desastre no RS, prefeituras querem suspensão de reoneração",Metrópoles,3 dias atrás,https://news.google.com/articles/CBMibWh0dHBzOi8vd3d3Lm1ldHJvcG9sZXMuY29tL2Jsb2ctZG8tbm9ibGF0L2RpYW50ZS1kby1kZXNhc3RyZS1uby1ycy1wcmVmZWl0dXJhcy1xdWVyZW0tc3VzcGVuc2FvLWRlLXJlb25lcmFjYW_SAQA?hl=pt-BR&gl=BR&ceid=BR%3Apt-419
RS: Disque 100 registra 50 denúncias relacionadas às enchentes,Metrópoles,3 dias atrás,https://news.google.com/articles/CBMiX2h0dHBzOi8vd3d3Lm1ldHJvcG9sZXMuY29tL2JyYXNpbC9ycy1kaXNxdWUtMTAwLXJlZ2lzdHJhLTUwLWRlbnVuY2lhcy1yZWxhY2lvbmFkYXMtYXMtZW5jaGVudGVz0gEA?hl=pt-BR&gl=BR&ceid=BR%3Apt-419
"Número de mortos no RS sobe para 116, com 143 desaparecidos",Metrópoles,3 dias atrás,https://news.google.com/articles/CBMiTGh0dHBzOi8vd3d3Lm1ldHJvcG9sZXMuY29tL2JyYXNpbC9udW1lcm8tbW9ydG9zLWRlc2FwYXJlY2lkb3MtcnMtY2h1dmFzLTEwLTXSAQA?hl=pt-BR&gl=BR&ceid=BR%3Apt-419
"RS: nível do Guaíba cai para 4,74m e fica abaixo da enchente de 1941",Metrópoles,3 dias atrás,https://news.google.com/articles/CBMiZGh0dHBzOi8vd3d3Lm1ldHJvcG9sZXMuY29tL2JyYXNpbC9ycy1uaXZlbC1kby1ndWFpYmEtY2FpLXBhcmEtNDc0bS1lLWZpY2EtYWJhaXhvLWRhLWVuY2hlbnRlLWRlLTE5NDHSAQA?hl=pt-BR&gl=BR&ceid=BR%3Apt-419
"Padrinho arrastado pela água mandou áudio se despedindo: ""Só por Deus""",Metrópoles,3 dias atrás,https://news.google.com/articles/CBMiZWh0dHBzOi8vd3d3Lm1ldHJvcG9sZXMuY29tL2JyYXNpbC9wYWRyaW5oby1hcnJhc3RhZG8tcGVsYS1hZ3VhLW1hbmRvdS1hdWRpby1zZS1kZXNwZWRpbmRvLXNvLXBvci1kZXVz0gEA?hl=pt-BR&gl=BR&ceid=BR%3Apt-419
Papa faz doação de R$ 500 mil para as vítimas das enchentes no RS,Metrópoles,4 dias atrás,https://news.google.com/articles/CBMiYWh0dHBzOi8vd3d3Lm1ldHJvcG9sZXMuY29tL211bmRvL3BhcGEtZmF6LWRvYWNhby1kZS1yLTUwMC1taWwtcGFyYS1hcy12aXRpbWFzLWRhcy1lbmNoZW50ZXMtbm8tcnPSAQA?hl=pt-BR&gl=BR&ceid=BR%3Apt-419
Tragédia no Rio Grande do Sul repercute na imprensa europeia,Metrópoles,4 dias atrás,https://news.google.com/articles/CBMiXWh0dHBzOi8vd3d3Lm1ldHJvcG9sZXMuY29tL211bmRvL3RyYWdlZGlhLW5vLXJpby1ncmFuZGUtZG8tc3VsLXJlcGVyY3V0ZS1uYS1pbXByZW5zYS1ldXJvcGVpYdIBAA?hl=pt-BR&gl=BR&ceid=BR%3Apt-419
Senado votará projeto que reduz reservas na Amazônia Legal,Metrópoles,7 dias atrás,https://news.google.com/articles/CBMibWh0dHBzOi8vd3d3Lm1ldHJvcG9sZXMuY29tL2NvbHVuYXMvZ3VpbGhlcm1lLWFtYWRvL3NlbmFkby12b3RhcmEtcHJvamV0by1xdWUtcmVkdXotcmVzZXJ2YXMtbmEtYW1hem9uaWEtbGVnYWzSAQA?hl=pt-BR&gl=BR&ceid=BR%3Apt-419
Vídeo: mulher se arrisca para salvar gata ilhada por enchente no RS,Metrópoles,4 dias atrás,https://news.google.com/articles/CBMib2h0dHBzOi8vd3d3Lm1ldHJvcG9sZXMuY29tL2NvbHVuYXMvZS1vLWJpY2hvL3ZpZGVvLW11bGhlci1zZS1hcnJpc2NhLXBhcmEtc2FsdmFyLWdhdGEtaWxoYWRhLXBvci1lbmNoZW50ZS1uby1yc9IBAA?hl=pt-BR&gl=BR&ceid=BR%3Apt-419
Eventos climáticos: Brasil pode ter que deslocar 3 milhões de pessoas,Metrópoles,3 dias atrás,https://news.google.com/articles/CBMiZmh0dHBzOi8vd3d3Lm1ldHJvcG9sZXMuY29tL2JyYXNpbC9ldmVudG9zLWNsaW1hdGljb3MtYnJhc2lsLXBvZGUtdGVyLXF1ZS1kZXNsb2Nhci0zLW1pbGhvZXMtZGUtcGVzc29hc9IBAA?hl=pt-BR&gl=BR&ceid=BR%3Apt-419
O papel dos influenciadores em meio às fake news na tragédia do RS,Metrópoles,4 dias atrás,https://news.google.com/articles/CBMib2h0dHBzOi8vd3d3Lm1ldHJvcG9sZXMuY29tL2NvbHVuYXMvbmFzLXJlZGVzL28tcGFwZWwtZG9zLWluZmx1ZW5jaWFkb3Jlcy1lbS1tZWlvLWFzLWZha2UtbmV3cy1uYS10cmFnZWRpYS1kby1yc9IBAA?hl=pt-BR&gl=BR&ceid=BR%3Apt-419
Enchente interdita fundação que acolhe crianças pobres em Porto Alegre,Metrópoles,4 dias atrás,https://news.google.com/articles/CBMiaGh0dHBzOi8vd3d3Lm1ldHJvcG9sZXMuY29tL2JyYXNpbC9lbmNoZW50ZS1pbnRlcmRpdGEtZnVuZGFjYW8tcXVlLWFjb2xoZS1jcmlhbmNhcy1wb2JyZXMtZW0tcG9ydG8tYWxlZ3Jl0gEA?hl=pt-BR&gl=BR&ceid=BR%3Apt-419
Governo nega ter proibido doação internacional de itens novos ao RS,Metrópoles,2 dias atrás,https://news.google.com/articles/CBMiZWh0dHBzOi8vd3d3Lm1ldHJvcG9sZXMuY29tL2JyYXNpbC9nb3Zlcm5vLW5lZ2EtdGVyLXByb2liaWRvLWRvYWNhby1pbnRlcm5hY2lvbmFsLWRlLWl0ZW5zLW5vdm9zLWFvLXJz0gEA?hl=pt-BR&gl=BR&ceid=BR%3Apt-419
"Confederação de Municípios calcula R$ 7,5 bilhões em prejuízo no RS",Metrópoles,4 dias atrás,https://news.google.com/articles/CBMiY2h0dHBzOi8vd3d3Lm1ldHJvcG9sZXMuY29tL2JyYXNpbC9jb25mZWRlcmFjYW8tZGUtbXVuaWNpcGlvcy1jYWxjdWxhLXItNzUtYmlsaG9lcy1lbS1wcmVqdWl6by1uby1yc9IBAA?hl=pt-BR&gl=BR&ceid=BR%3Apt-419
Veja como ficou Canoas após enchente histórica no Rio Grande do Sul,Metrópoles,4 dias atrás,https://news.google.com/articles/CBMiZWh0dHBzOi8vd3d3Lm1ldHJvcG9sZXMuY29tL2JyYXNpbC92ZWphLWNvbW8tZmljb3UtY2Fub2FzLWFwb3MtZW5jaGVudGUtaGlzdG9yaWNhLW5vLXJpby1ncmFuZGUtZG8tc3Vs0gEA?hl=pt-BR&gl=BR&ceid=BR%3Apt-419
Veja a lista dos nomes de mortos e desaparecidos após chuvas no RS,Metrópoles,4 dias atrás,https://news.google.com/articles/CBMiZGh0dHBzOi8vd3d3Lm1ldHJvcG9sZXMuY29tL2JyYXNpbC92ZWphLWEtbGlzdGEtZG9zLW5vbWVzLWRlLW1vcnRvcy1lLWRlc2FwYXJlY2lkb3MtYXBvcy1jaHV2YXMtbm8tcnPSAQA?hl=pt-BR&gl=BR&ceid=BR%3Apt-419
Chuvas no RS: Guaíba atinge menor nível desde o último sábado,Metrópoles,4 dias atrás,https://news.google.com/articles/CBMiXmh0dHBzOi8vd3d3Lm1ldHJvcG9sZXMuY29tL2JyYXNpbC9jaHV2YXMtbm8tcnMtZ3VhaWJhLWF0aW5nZS1tZW5vci1uaXZlbC1kZXNkZS1vLXVsdGltby1zYWJhZG_SAQA?hl=pt-BR&gl=BR&ceid=BR%3Apt-419
Chuvas no RS: número de municípios atingidos sobe para 428,Metrópoles,4 dias atrás,https://news.google.com/articles/CBMiW2h0dHBzOi8vd3d3Lm1ldHJvcG9sZXMuY29tL2JyYXNpbC9jaHV2YXMtbm8tcnMtbnVtZXJvLWRlLW11bmljaXBpb3MtYXRpbmdpZG9zLXNvYmUtcGFyYS00MjjSAQA?hl=pt-BR&gl=BR&ceid=BR%3Apt-419
"Festeiro, marido de governador desaparece durante a crise no RS",Metrópoles,6 dias atrás,https://news.google.com/articles/CBMicGh0dHBzOi8vd3d3Lm1ldHJvcG9sZXMuY29tL2NvbHVuYXMvZmFiaWEtb2xpdmVpcmEvZmVzdGVpcm8tbWFyaWRvLWRlLWdvdmVybmFkb3ItZGVzYXBhcmVjZS1kdXJhbnRlLWEtY3Jpc2Utbm8tcnPSAQA?hl=pt-BR&gl=BR&ceid=BR%3Apt-419
Gisele Bündchen explica para estrangeiros caso do RS e se emociona,Metrópoles,5 dias atrás,https://news.google.com/articles/CBMiamh0dHBzOi8vd3d3Lm1ldHJvcG9sZXMuY29tL2NlbGVicmlkYWRlcy9naXNlbGUtYnVuZGNoZW4tZXhwbGljYS1wYXJhLWVzdHJhbmdlaXJvcy1jYXNvLWRvLXJzLWUtc2UtZW1vY2lvbmHSAQA?hl=pt-BR&gl=BR&ceid=BR%3Apt-419
"Doações para o RS somam 2 mil toneladas, diz Rui Costa",Metrópoles,4 dias atrás,https://news.google.com/articles/CBMiV2h0dHBzOi8vd3d3Lm1ldHJvcG9sZXMuY29tL2JyYXNpbC9kb2Fjb2VzLXBhcmEtby1ycy1zb21hbS0yLW1pbC10b25lbGFkYXMtZGl6LXJ1aS1jb3N0YdIBAA?hl=pt-BR&gl=BR&ceid=BR%3Apt-419
RS: abono e 2 parcelas adicionais do seguro-desemprego são antecipados,Metrópoles,4 dias atrás,https://news.google.com/articles/CBMiZ2h0dHBzOi8vd3d3Lm1ldHJvcG9sZXMuY29tL2JyYXNpbC9ycy1hYm9uby1lLTItcGFyY2VsYXMtYWRpY2lvbmFpcy1kby1zZWd1cm8tZGVzZW1wcmVnby1zYW8tYW50ZWNpcGFkb3PSAQA?hl=pt-BR&gl=BR&ceid=BR%3Apt-419
Chuvas no RS: governo anuncia linha de crédito para moradores nesta 5ª,Metrópoles,4 dias atrás,https://news.google.com/articles/CBMiZ2h0dHBzOi8vd3d3Lm1ldHJvcG9sZXMuY29tL2JyYXNpbC9jaHV2YXMtbm8tcnMtZ292ZXJuby1hbnVuY2lhLWxpbmhhLWRlLWNyZWRpdG8tcGFyYS1tb3JhZG9yZXMtbmVzdGEtNWHSAQA?hl=pt-BR&gl=BR&ceid=BR%3Apt-419
"Chuvas no RS: número de mortos chega a 107, com 425 cidades afetadas",Metrópoles,4 dias atrás,https://news.google.com/articles/CBMiZWh0dHBzOi8vd3d3Lm1ldHJvcG9sZXMuY29tL2JyYXNpbC9ycy1udW1lcm8tZGUtbW9ydG9zLXNvYmUtcGFyYS0xMDctY29tLTQyNS1tdW5pY2lwaW9zLWVzdGFvLWFmZXRhZG9z0gEA?hl=pt-BR&gl=BR&ceid=BR%3Apt-419
Congresso aprova projetos que aceleram repasse de recursos para o RS,Metrópoles,4 dias atrás,https://news.google.com/articles/CBMiZmh0dHBzOi8vd3d3Lm1ldHJvcG9sZXMuY29tL2JyYXNpbC9jb25ncmVzc28tYXByb3ZhLXByb2pldG9zLXF1ZS1hY2VsZXJhbS1yZXBhc3NlLWRlLXJlY3Vyc29zLXBhcmEtby1yc9IBAA?hl=pt-BR&gl=BR&ceid=BR%3Apt-419
Pesquisa Quaest: 64% associam chuvas no RS a mudanças climáticas,Metrópoles,4 dias atrás,https://news.google.com/articles/CBMiYGh0dHBzOi8vd3d3Lm1ldHJvcG9sZXMuY29tL2JyYXNpbC9wZXNxdWlzYS1xdWFlc3QtNjQtYXNzb2NpYW0tY2h1dmFzLW5vLXJzLWEtbXVkYW5jYXMtY2xpbWF0aWNhc9IBAA?hl=pt-BR&gl=BR&ceid=BR%3Apt-419
Cavalo submerso é resgatado de enchente no RS. Veja vídeo,Metrópoles,4 dias atrás,https://news.google.com/articles/CBMiRGh0dHBzOi8vd3d3Lm1ldHJvcG9sZXMuY29tL2JyYXNpbC9jYXZhbG8tcmVzZ2F0YWRvLWVuY2hlbnRlLXJzLXZpZGVv0gEA?hl=pt-BR&gl=BR&ceid=BR%3Apt-419
Lara Ely,Metrópoles,5 dias atrás,https://news.google.com/articles/CBMiKmh0dHBzOi8vd3d3Lm1ldHJvcG9sZXMuY29tL2F1dGhvci9sYXJhLWVsedIBAA?hl=pt-BR&gl=BR&ceid=BR%3Apt-419
Enchentes: hospitais do RS lutam para funcionar e tentam repor equipes,Metrópoles,4 dias atrás,https://news.google.com/articles/CBMiZ2h0dHBzOi8vd3d3Lm1ldHJvcG9sZXMuY29tL2JyYXNpbC9lbmNoZW50ZXMtaG9zcGl0YWlzLWRvLXJzLWx1dGFtLXBhcmEtZnVuY2lvbmFyLWUtdGVudGFtLXJlcG9yLWVxdWlwZXPSAQA?hl=pt-BR&gl=BR&ceid=BR%3Apt-419
RS: como ficam as questões trabalhistas durante período de calamidade,Metrópoles,4 dias atrás,https://news.google.com/articles/CBMiZmh0dHBzOi8vd3d3Lm1ldHJvcG9sZXMuY29tL2JyYXNpbC9ycy1jb21vLWZpY2FtLWFzLXF1ZXN0b2VzLXRyYWJhbGhpc3Rhcy1kdXJhbnRlLXBlcmlvZG8tZGUtY2FsYW1pZGFkZdIBAA?hl=pt-BR&gl=BR&ceid=BR%3Apt-419
"BID anuncia pacote de R$ 5,5 bilhões em empréstimos para ajuda ao RS",Metrópoles,4 dias atrás,https://news.google.com/articles/CBMiZGh0dHBzOi8vd3d3Lm1ldHJvcG9sZXMuY29tL2JyYXNpbC9iaWQtYW51bmNpYS1wYWNvdGUtZGUtci01NS1iaWxob2VzLWVtLWVtcHJlc3RpbW9zLXBhcmEtYWp1ZGEtYW8tcnPSAQA?hl=pt-BR&gl=BR&ceid=BR%3Apt-419
"Após chuva dar trégua, resgates em Porto Alegre são retomados",Metrópoles,5 dias atrás,https://news.google.com/articles/CBMiSGh0dHBzOi8vd3d3Lm1ldHJvcG9sZXMuY29tL2JyYXNpbC9yZXNnYXRlcy1lbS1wb3J0by1hbGVncmUtc2FvLXJldG9tYWRvc9IBAA?hl=pt-BR&gl=BR&ceid=BR%3Apt-419
Saiba quando vai parar de chover no Rio Grande do Sul,Metrópoles,5 dias atrás,https://news.google.com/articles/CBMiV2h0dHBzOi8vd3d3Lm1ldHJvcG9sZXMuY29tL2JyYXNpbC9zYWliYS1xdWFuZG8tdmFpLXBhcmFyLWRlLWNob3Zlci1uby1yaW8tZ3JhbmRlLWRvLXN1bNIBAA?hl=pt-BR&gl=BR&ceid=BR%3Apt-419
Resgates em Porto Alegre são suspensos após chuva recomeçar,Metrópoles,5 dias atrás,https://news.google.com/articles/CBMiXWh0dHBzOi8vd3d3Lm1ldHJvcG9sZXMuY29tL2JyYXNpbC9yZXNnYXRlcy1lbS1wb3J0by1hbGVncmUtc2FvLXN1c3BlbnNvcy1hcG9zLWNodXZhLXJlY29tZWNhctIBAA?hl=pt-BR&gl=BR&ceid=BR%3Apt-419
Famosos enviam ajuda para vítimas das enchentes no Rio Grande do Sul,Metrópoles,6 dias atrás,https://news.google.com/articles/CBMibGh0dHBzOi8vd3d3Lm1ldHJvcG9sZXMuY29tL2NlbGVicmlkYWRlcy9mYW1vc29zLWVudmlhbS1hanVkYS1wYXJhLXZpdGltYXMtZGFzLWVuY2hlbnRlcy1uby1yaW8tZ3JhbmRlLWRvLXN1bNIBAA?hl=pt-BR&gl=BR&ceid=BR%3Apt-419
"Tragédia no RS: número de mortos chega a 100, com 130 desaparecidos",Metrópoles,5 dias atrás,https://news.google.com/articles/CBMiY2h0dHBzOi8vd3d3Lm1ldHJvcG9sZXMuY29tL2JyYXNpbC90cmFnZWRpYS1uby1ycy1udW1lcm8tZGUtbW9ydG9zLWNoZWdhLWEtMTAwLWNvbS0xMjgtZGVzYXBhcmVjaWRvc9IBAA?hl=pt-BR&gl=BR&ceid=BR%3Apt-419
Chuvas no RS: veja como ajudar ONGs que atuam no resgate de animais,Metrópoles,6 dias atrás,https://news.google.com/articles/CBMib2h0dHBzOi8vd3d3Lm1ldHJvcG9sZXMuY29tL2NvbHVuYXMvZS1vLWJpY2hvL2NodXZhcy1uby1ycy12ZWphLWNvbW8tYWp1ZGFyLW9uZ3MtcXVlLWF0dWFtLW5vLXJlc2dhdGUtZGUtYW5pbWFpc9IBAA?hl=pt-BR&gl=BR&ceid=BR%3Apt-419
Chuvas no RS: nível do Guaíba baixa 16 cm em um dia,Metrópoles,5 dias atrás,https://news.google.com/articles/CBMiVGh0dHBzOi8vd3d3Lm1ldHJvcG9sZXMuY29tL2JyYXNpbC9jaHV2YXMtbm8tcnMtbml2ZWwtZG8tZ3VhaWJhLWJhaXhhLTE1LWNtLWVtLXVtLWRpYdIBAA?hl=pt-BR&gl=BR&ceid=BR%3Apt-419
Congresso propõe alterar Orçamento para direcionar recursos para o RS,Metrópoles,5 dias atrás,https://news.google.com/articles/CBMiYGh0dHBzOi8vd3d3Lm1ldHJvcG9sZXMuY29tL2JyYXNpbC9jbW8tYWx0ZXJhLWxlaS1vcmNhbWVudGFyaWEtcGFyYS1kaXJlY2lvbmFyLXJlY3Vyc29zLXBhcmEtby1yc9IBAA?hl=pt-BR&gl=BR&ceid=BR%3Apt-419
"Caminhões retidos, doação de Neymar... Veja as fake news sobre o RS",Metrópoles,5 dias atrás,https://news.google.com/articles/CBMiYWh0dHBzOi8vd3d3Lm1ldHJvcG9sZXMuY29tL2JyYXNpbC9jYW1pbmhvZXMtcmV0aWRvcy1kb2FjYW8tZGUtbmV5bWFyLXZlamEtYXMtZmFrZS1uZXdzLXNvYnJlLW8tcnPSAQA?hl=pt-BR&gl=BR&ceid=BR%3Apt-419
Leptospirose e tétano: risco de doenças aumenta com enchentes no RS,Metrópoles,5 dias atrás,https://news.google.com/articles/CBMiZGh0dHBzOi8vd3d3Lm1ldHJvcG9sZXMuY29tL2JyYXNpbC9sZXB0b3NwaXJvc2UtZS10ZXRhbm8tcmlzY28tZGUtZG9lbmNhcy1hdW1lbnRhLWNvbS1lbmNoZW50ZXMtbm8tcnPSAQA?hl=pt-BR&gl=BR&ceid=BR%3Apt-419
"Em 8 dias no RS, bombeiros do DF resgatam 150 pessoas e 55 animais",Metrópoles,16 horas atrás,https://news.google.com/articles/CBMibWh0dHBzOi8vd3d3Lm1ldHJvcG9sZXMuY29tL2Rpc3RyaXRvLWZlZGVyYWwvZW0tOC1kaWFzLW5vLXJzLWJvbWJlaXJvcy1kby1kZi1yZXNnYXRhbS0xNTAtcGVzc29hcy1lLTU1LWFuaW1haXPSAQA?hl=pt-BR&gl=BR&ceid=BR%3Apt-419
"Em 3º dia no RS, bombeiros do DF resgatam 39 adultos, 6 crianças e 6 animais",Metrópoles,6 dias atrás,https://news.google.com/articles/CBMidmh0dHBzOi8vd3d3Lm1ldHJvcG9sZXMuY29tL2Rpc3RyaXRvLWZlZGVyYWwvZW0tM28tZGlhLW5vLXJzLWJvbWJlaXJvcy1kby1kZi1yZXNnYXRhbS0zOS1hZHVsdG9zLTYtY3JpYW5jYXMtZS02LWFuaW1haXPSAQA?hl=pt-BR&gl=BR&ceid=BR%3Apt-419
Influenciadora relata que pais perderam tudo em enchentes do RS,Metrópoles,7 dias atrás,https://news.google.com/articles/CBMiZ2h0dHBzOi8vd3d3Lm1ldHJvcG9sZXMuY29tL2NlbGVicmlkYWRlcy9pbmZsdWVuY2lhZG9yYS1yZWxhdGEtcXVlLXBhaXMtcGVyZGVyYW0tdHVkby1lbS1lbmNoZW50ZXMtZG8tcnPSAQA?hl=pt-BR&gl=BR&ceid=BR%3Apt-419
Chuvas no RS fazem agro na região ter prejuízo acima de R$ 423 milhões,Metrópoles,6 dias atrás,https://news.google.com/articles/CBMiR2h0dHBzOi8vd3d3Lm1ldHJvcG9sZXMuY29tL2JyYXNpbC9jaHV2YXMtcnMtYWdyby1wcmVqdWl6by1yLTQyMy1taWxob2Vz0gEA?hl=pt-BR&gl=BR&ceid=BR%3Apt-419
Chuvas no RS: tempo fica instável e frio até o fim de semana,Metrópoles,5 dias atrás,https://news.google.com/articles/CBMiTWh0dHBzOi8vd3d3Lm1ldHJvcG9sZXMuY29tL2JyYXNpbC9jaHV2YXMtcnMtdGVtcG8taW5zdGF2ZWwtZnJpby1maW0tZGUtc2VtYW5h0gEA?hl=pt-BR&gl=BR&ceid=BR%3Apt-419
Caos avança no RS com falta de luz e racionamento de água,Metrópoles,6 dias atrás,https://news.google.com/articles/CBMiW2h0dHBzOi8vd3d3Lm1ldHJvcG9sZXMuY29tL2JyYXNpbC9jYW9zLWF2YW5jYS1uby1ycy1jb20tZmFsdGEtZGUtbHV6LWUtcmFjaW9uYW1lbnRvLWRlLWFndWHSAQA?hl=pt-BR&gl=BR&ceid=BR%3Apt-419
Vídeo: jacaré aparece nas ruas de Porto Alegre e biólogo pede cuidado,Metrópoles,5 dias atrás,https://news.google.com/articles/CBMiZmh0dHBzOi8vd3d3Lm1ldHJvcG9sZXMuY29tL2JyYXNpbC92aWRlby1qYWNhcmUtYXBhcmVjZS1uYXMtcnVhcy1kZS1wb3J0by1hbGVncmUtZS1iaW9sb2dvLXBlZGUtY3VpZGFkb9IBAA?hl=pt-BR&gl=BR&ceid=BR%3Apt-419
Senado aprova decreto que reconhece calamidade pública no RS,Metrópoles,6 dias atrás,https://news.google.com/articles/CBMiXmh0dHBzOi8vd3d3Lm1ldHJvcG9sZXMuY29tL2JyYXNpbC9zZW5hZG8tYXByb3ZhLWRlY3JldG8tcXVlLXJlY29uaGVjZS1jYWxhbWlkYWRlLXB1YmxpY2Etbm8tcnPSAQA?hl=pt-BR&gl=BR&ceid=BR%3Apt-419
Porto Alegre decreta racionamento de água em meio a calamidade,Metrópoles,7 dias atrás,https://news.google.com/articles/CBMiYGh0dHBzOi8vd3d3Lm1ldHJvcG9sZXMuY29tL2JyYXNpbC9wb3J0by1hbGVncmUtZGVjcmV0YS1yYWNpb25hbWVudG8tZGUtYWd1YS1lbS1tZWlvLWEtY2FsYW1pZGFkZdIBAA?hl=pt-BR&gl=BR&ceid=BR%3Apt-419
Governo libera R$ 580 milhões em emendas parlamentares para RS,Metrópoles,7 dias atrás,https://news.google.com/articles/CBMiX2h0dHBzOi8vd3d3Lm1ldHJvcG9sZXMuY29tL2JyYXNpbC9nb3Zlcm5vLWxpYmVyYS1yLTU4MC1taWxob2VzLWVtLWVtZW5kYXMtcGFybGFtZW50YXJlcy1wYXJhLXJz0gEA?hl=pt-BR&gl=BR&ceid=BR%3Apt-419
"""Desesperador”, diz veterinária à frente de resgate de animais no RS",Metrópoles,6 dias atrás,https://news.google.com/articles/CBMiY2h0dHBzOi8vd3d3Lm1ldHJvcG9sZXMuY29tL2JyYXNpbC9kZXNlc3BlcmFkb3ItZGl6LXZldGVyaW5hcmlhLWEtZnJlbnRlLWRlLXJlc2dhdGUtZGUtYW5pbWFpcy1uby1yc9IBAA?hl=pt-BR&gl=BR&ceid=BR%3Apt-419
Fazenda suspende cobrança de dívidas no Rio Grande do Sul por 90 dias,Metrópoles,6 dias atrás,https://news.google.com/articles/CBMiRWh0dHBzOi8vd3d3Lm1ldHJvcG9sZXMuY29tL2JyYXNpbC9mYXplbmRhLXN1c3BlbmRlLWRpdmlkYXMtcnMtOTAtZGlhc9IBAA?hl=pt-BR&gl=BR&ceid=BR%3Apt-419
RS: Pacheco cria comissão de trabalho para acompanhar ações,Metrópoles,7 dias atrás,https://news.google.com/articles/CBMiW2h0dHBzOi8vd3d3Lm1ldHJvcG9sZXMuY29tL2JyYXNpbC9wYWNoZWNvLWNyaWEtY29taXNzYW8tZXh0ZXJuYS1wYXJhLWFjb21wYW5oYXItYWNvZXMtbm8tcnPSAQA?hl=pt-BR&gl=BR&ceid=BR%3Apt-419
Elon Musk usa vídeo de Gisele Bündchen para anunciar doação ao RS,Metrópoles,4 dias atrás,https://news.google.com/articles/CBMiY2h0dHBzOi8vd3d3Lm1ldHJvcG9sZXMuY29tL2JyYXNpbC9lbG9uLW11c2stdXNhLXZpZGVvLWRlLWdpc2VsZS1idW5kY2hlbi1wYXJhLWFudW5jaWFyLWRvYWNhby1hby1yc9IBAA?hl=pt-BR&gl=BR&ceid=BR%3Apt-419
Pesquisador alerta que cidades do RS podem ter de mudar de lugar,Metrópoles,4 dias atrás,https://news.google.com/articles/CBMiaWh0dHBzOi8vd3d3Lm1ldHJvcG9sZXMuY29tL2JyYXNpbC9wZXNxdWlzYWRvci1kby1ycy1kaXotcXVlLWNpZGFkZXMtaW50ZWlyYXMtcG9kZW0tdGVyLXF1ZS1tdWRhci1kZS1sdWdhctIBAA?hl=pt-BR&gl=BR&ceid=BR%3Apt-419
Vídeo: veterinários de SP resgatam cavalos em escada de prédio no RS,Metrópoles,4 dias atrás,https://news.google.com/articles/CBMiaGh0dHBzOi8vd3d3Lm1ldHJvcG9sZXMuY29tL3Nhby1wYXVsby92aWRlby12ZXRlcmluYXJpb3MtZGUtc3AtcmVzZ2F0YW0tY2F2YWxvcy1lbS1lc2NhZGEtZGUtcHJlZGlvLW5vLXJz0gEA?hl=pt-BR&gl=BR&ceid=BR%3Apt-419
Quem faz parte da minoria perversa dos brasileiros,Metrópoles,3 dias atrás,https://news.google.com/articles/CBMia2h0dHBzOi8vd3d3Lm1ldHJvcG9sZXMuY29tL2Jsb2ctZG8tbm9ibGF0L3JpY2FyZG8tbm9ibGF0L3F1ZW0tZmF6LXBhcnRlLWRhLW1pbm9yaWEtcGVydmVyc2EtZG9zLWJyYXNpbGVpcm9z0gEA?hl=pt-BR&gl=BR&ceid=BR%3Apt-419
Câmara aprova decreto que reconhece calamidade pública no RS,Metrópoles,7 dias atrás,https://news.google.com/articles/CBMiXmh0dHBzOi8vd3d3Lm1ldHJvcG9sZXMuY29tL2JyYXNpbC9jYW1hcmEtYXByb3ZhLWRlY3JldG8tcXVlLXJlY29uaGVjZS1jYWxhbWlkYWRlLXB1YmxpY2Etbm8tcnPSAQA?hl=pt-BR&gl=BR&ceid=BR%3Apt-419
Só 15% dos municípios em calamidade no Rio Grande do Sul pediram ajuda,Metrópoles,2 dias atrás,https://news.google.com/articles/CBMiZ2h0dHBzOi8vd3d3Lm1ldHJvcG9sZXMuY29tL2JyYXNpbC9zby0xNS1kb3MtbXVuaWNpcGlvcy1lbS1jYWxhbWlkYWRlLW5vLXJpby1ncmFuZGUtZG8tc3VsLXBlZGlyYW0tYWp1ZGHSAQA?hl=pt-BR&gl=BR&ceid=BR%3Apt-419
Governo enviará mais 100 agentes da Força Nacional ao RS,Metrópoles,6 dias atrás,https://news.google.com/articles/CBMiWmh0dHBzOi8vd3d3Lm1ldHJvcG9sZXMuY29tL2JyYXNpbC9nb3Zlcm5vLWVudmlhcmEtbWFpcy0xMDAtYWdlbnRlcy1kYS1mb3JjYS1uYWNpb25hbC1hby1yc9IBAA?hl=pt-BR&gl=BR&ceid=BR%3Apt-419
Ramagem quer convocar ministro por investigação de fake news no RS,Metrópoles,Ontem,https://news.google.com/articles/CBMiRmh0dHBzOi8vd3d3Lm1ldHJvcG9sZXMuY29tL2NvbHVuYXMvcGF1bG8tY2FwcGVsbGkvcmFtYWdlbS1mYWtlLW5ld3MtcnPSAQA?hl=pt-BR&gl=BR&ceid=BR%3Apt-419
A sacado do prefeito (por Roberto Caminha Filho),Metrópoles,7 minutos atrás,https://news.google.com/articles/CBMiYGh0dHBzOi8vd3d3Lm1ldHJvcG9sZXMuY29tL2Jsb2ctZG8tbm9ibGF0L2FydGlnb3MvYS1zYWNhZG8tZG8tcHJlZmVpdG8tcG9yLXJvYmVydG8tY2FtaW5oYS1maWxob9IBAA?hl=pt-BR&gl=BR&ceid=BR%3Apt-419
Vídeo: Dado Dolabella detona o governador do RS após tragédias,Metrópoles,5 dias atrás,https://news.google.com/articles/CBMib2h0dHBzOi8vd3d3Lm1ldHJvcG9sZXMuY29tL2NvbHVuYXMvZmFiaWEtb2xpdmVpcmEvdmlkZW8tZGFkby1kb2xhYmVsbGEtZGV0b25hLW8tZ292ZXJuYWRvci1kby1ycy1hcG9zLXRyYWdlZGlhc9IBAA?hl=pt-BR&gl=BR&ceid=BR%3Apt-419
"Mortes por calamidade no RS chegam a 126, e há 141 desaparecidos",Metrópoles,3 dias atrás,https://news.google.com/articles/CBMiYWh0dHBzOi8vd3d3Lm1ldHJvcG9sZXMuY29tL2JyYXNpbC9tb3J0ZXMtcG9yLWNhbGFtaWRhZGUtbm8tcnMtY2hlZ2FtLWEtMTI2LWUtaGEtMTQxLWRlc2FwYXJlY2lkb3PSAQA?hl=pt-BR&gl=BR&ceid=BR%3Apt-419
"Com corredor humanitário, autoridades esperam facilitar ajuda no RS",Metrópoles,2 dias atrás,https://news.google.com/articles/CBMiP2h0dHBzOi8vd3d3Lm1ldHJvcG9sZXMuY29tL2JyYXNpbC9jb3JyZWRvci1odW1hbml0YXJpby1hanVkYS1yc9IBAA?hl=pt-BR&gl=BR&ceid=BR%3Apt-419
RS arrecadou R$ 93 mi em Pix e famílias atingidas receberão R$ 2 mil,Metrópoles,2 dias atrás,https://news.google.com/articles/CBMiZGh0dHBzOi8vd3d3Lm1ldHJvcG9sZXMuY29tL2JyYXNpbC9ycy1hcnJlY2Fkb3Utci05My1taS1lbS1waXgtZS1mYW1pbGlhcy1hdGluZ2lkYXMtcmVjZWJlcmFvLXItMi1taWzSAQA?hl=pt-BR&gl=BR&ceid=BR%3Apt-419
Lucas Chumbo passa aniversário da filha ajudando em resgates no RS,Metrópoles,4 dias atrás,https://news.google.com/articles/CBMiamh0dHBzOi8vd3d3Lm1ldHJvcG9sZXMuY29tL2NlbGVicmlkYWRlcy9sdWNhcy1jaHVtYm8tcGFzc2EtYW5pdmVyc2FyaW8tZGEtZmlsaGEtYWp1ZGFuZG8tZW0tcmVzZ2F0ZXMtbm8tcnPSAQA?hl=pt-BR&gl=BR&ceid=BR%3Apt-419
Chuvas no RS: conheça os melhores alimentos perecíveis para doar,Metrópoles,4 dias atrás,https://news.google.com/articles/CBMiaGh0dHBzOi8vd3d3Lm1ldHJvcG9sZXMuY29tL3ZpZGEtZS1lc3RpbG8vY2h1dmFzLW5vLXJzLWNvbmhlY2Etb3MtbWVsaG9yZXMtYWxpbWVudG9zLXBlcmVjaXZlaXMtcGFyYS1kb2Fy0gEA?hl=pt-BR&gl=BR&ceid=BR%3Apt-419
"Patrícia Poeta faz forte desabafo após deixar o RS: ""Meu coração fica""",Metrópoles,4 dias atrás,https://news.google.com/articles/CBMia2h0dHBzOi8vd3d3Lm1ldHJvcG9sZXMuY29tL2NlbGVicmlkYWRlcy9wYXRyaWNpYS1wb2V0YS1mYXotZm9ydGUtZGVzYWJhZG8tYXBvcy1kZWl4YXItby1ycy1tZXUtY29yYWNhby1maWNh0gEA?hl=pt-BR&gl=BR&ceid=BR%3Apt-419
CCJ da Câmara aprova PLs voltados para prevenção de desastres naturais,Metrópoles,5 dias atrás,https://news.google.com/articles/CBMiZGh0dHBzOi8vd3d3Lm1ldHJvcG9sZXMuY29tL2JyYXNpbC9jY2otZGEtY2FtYXJhLWFwcm92YS1wcm9qZXRvcy12b2x0YWRvcy1wYXJhLXByZXZlbmNhby1kZS1kZXNhc3RyZXPSAQA?hl=pt-BR&gl=BR&ceid=BR%3Apt-419
Aeroportos do interior do RS terão voos extras após enchentes,Metrópoles,4 dias atrás,https://news.google.com/articles/CBMiX2h0dHBzOi8vd3d3Lm1ldHJvcG9sZXMuY29tL2JyYXNpbC9hZXJvcG9ydG9zLWRvLWludGVyaW9yLWRvLXJzLXRlcmFvLXZvb3MtZXh0cmFzLWFwb3MtZW5jaGVudGVz0gEA?hl=pt-BR&gl=BR&ceid=BR%3Apt-419
Sites oficiais param de funcionar no Rio Grande do Sul,Metrópoles,7 dias atrás,https://news.google.com/articles/CBMiWGh0dHBzOi8vd3d3Lm1ldHJvcG9sZXMuY29tL2JyYXNpbC9zaXRlcy1vZmljaWFpcy1wYXJhbS1kZS1mdW5jaW9uYXItbm8tcmlvLWdyYW5kZS1kby1zdWzSAQA?hl=pt-BR&gl=BR&ceid=BR%3Apt-419
Tragédia no RS: deputados pedem aprovação de propostas ambientalistas,Metrópoles,6 dias atrás,https://news.google.com/articles/CBMiZmh0dHBzOi8vd3d3Lm1ldHJvcG9sZXMuY29tL2JyYXNpbC90cmFnZWRpYS1uby1ycy1wb2xpdGljb3MtcGVkZW0tYXByb3ZhY2FvLWRlLXByb3Bvc3Rhcy1hbWJpZW50YWxpc3Rhc9IBAA?hl=pt-BR&gl=BR&ceid=BR%3Apt-419
Eduardo Costa anuncia ações de auxílio às vítimas do Rio Grande do Sul,Metrópoles,5 dias atrás,https://news.google.com/articles/CBMieGh0dHBzOi8vd3d3Lm1ldHJvcG9sZXMuY29tL2NvbHVuYXMvZmFiaWEtb2xpdmVpcmEvZWR1YXJkby1jb3N0YS1hbnVuY2lhLWFjb2VzLWRlLWF1eGlsaW8tYXMtdml0aW1hcy1kby1yaW8tZ3JhbmRlLWRvLXN1bNIBAA?hl=pt-BR&gl=BR&ceid=BR%3Apt-419
José Augusto Limão,Metrópoles,3 dias atrás,https://news.google.com/articles/CBMiLmh0dHBzOi8vd3d3Lm1ldHJvcG9sZXMuY29tL2F1dGhvci9qb3NlLWF1Z3VzdG_SAQA?hl=pt-BR&gl=BR&ceid=BR%3Apt-419
Saiba como ajudar o Rio Grande do Sul,Metrópoles,4 dias atrás,https://news.google.com/articles/CBMiR2h0dHBzOi8vd3d3Lm1ldHJvcG9sZXMuY29tL2JyYXNpbC9zYWliYS1jb21vLWFqdWRhci1vLXJpby1ncmFuZGUtZG8tc3Vs0gEA?hl=pt-BR&gl=BR&ceid=BR%3Apt-419
Crimes cometidos durante desastres naturais poderão ser “hediondos”,Metrópoles,4 dias atrás,https://news.google.com/articles/CBMiTGh0dHBzOi8vd3d3Lm1ldHJvcG9sZXMuY29tL2NvbHVuYXMvcGF1bG8tY2FwcGVsbGkvY3JpbWVzLWRlc2FzdHJlcy1oZWRpb25kb3PSAQA?hl=pt-BR&gl=BR&ceid=BR%3Apt-419
"Alexandre Frota ajuda em resgates de jet ski: ""RS não está sozinho""",Metrópoles,4 dias atrás,https://news.google.com/articles/CBMiaGh0dHBzOi8vd3d3Lm1ldHJvcG9sZXMuY29tL2NlbGVicmlkYWRlcy9hbGV4YW5kcmUtZnJvdGEtYWp1ZGEtZW0tcmVzZ2F0ZXMtZGUtamV0LXNraS1ycy1uYW8tZXN0YS1zb3ppbmhv0gEA?hl=pt-BR&gl=BR&ceid=BR%3Apt-419
Alimentos arrecadados no Aparecida é Show serão doados ao RS,Metrópoles,7 dias atrás,https://news.google.com/articles/CBMiZGh0dHBzOi8vd3d3Lm1ldHJvcG9sZXMuY29tL2JyYXNpbC9wcmVmZWl0by1kZS1hcGFyZWNpZGEtZGUtZ29pYXMtaW5pY2lhLWFycmVjYWRhY2FvLXBhcmEtYXV4aWxpYXItcnPSAQA?hl=pt-BR&gl=BR&ceid=BR%3Apt-419
Cheia na Lagoa dos Patos ameaça cidades da costa doce do RS,Metrópoles,7 dias atrás,https://news.google.com/articles/CBMiXWh0dHBzOi8vd3d3Lm1ldHJvcG9sZXMuY29tL2JyYXNpbC9jaGVpYS1uYS1sYWdvYS1kb3MtcGF0b3MtYW1lYWNhLWNpZGFkZXMtZGEtY29zdGEtZG9jZS1kby1yc9IBAA?hl=pt-BR&gl=BR&ceid=BR%3Apt-419
