Title,Source,Time,Link
Alívio no calorão: temperaturas vão cair esta semana no estado de SP,Metrópoles,1 hora atrás,https://news.google.com/articles/CBMiRWh0dHBzOi8vd3d3Lm1ldHJvcG9sZXMuY29tL3Nhby1wYXVsby90ZW1wZXJhdHVyYXMtY2Fpci1lc3RhLXNlbWFuYS1zcNIBAA?hl=pt-BR&gl=BR&ceid=BR%3Apt-419
Clima: estudo da ONU diz que Brasil teve 12 eventos extremos em 2023,Metrópoles,4 dias atrás,https://news.google.com/articles/CBMiZWh0dHBzOi8vd3d3Lm1ldHJvcG9sZXMuY29tL2JyYXNpbC9jbGltYS1lc3R1ZG8tZGEtb251LWRpei1xdWUtYnJhc2lsLXRldmUtMTItZXZlbnRvcy1leHRyZW1vcy1lbS0yMDIz0gEA?hl=pt-BR&gl=BR&ceid=BR%3Apt-419
"Calor impulsiona crescimento do consumo de energia em março, diz ONS",Metrópoles,6 dias atrás,https://news.google.com/articles/CBMiZWh0dHBzOi8vd3d3Lm1ldHJvcG9sZXMuY29tL2JyYXNpbC9jYWxvci1pbXB1bHNpb25hLWNyZXNjaW1lbnRvLWRvLWNvbnN1bW8tZGUtZW5lcmdpYS1lbS1tYXJjby1kaXotb25z0gEA?hl=pt-BR&gl=BR&ceid=BR%3Apt-419
Vídeo com peixes mortos em represa do interior de SP viraliza; veja,Metrópoles,5 dias atrás,https://news.google.com/articles/CBMiZ2h0dHBzOi8vd3d3Lm1ldHJvcG9sZXMuY29tL3Nhby1wYXVsby92aWRlby1jb20tcGVpeGVzLW1vcnRvcy1lbS1yZXByZXNhLWRvLWludGVyaW9yLWRlLXNwLXZpcmFsaXphLXZlamHSAQA?hl=pt-BR&gl=BR&ceid=BR%3Apt-419
Chuvas: aeroporto de Porto Alegre é fechado por tempo indeterminado,Metrópoles,7 dias atrás,https://news.google.com/articles/CBMiZmh0dHBzOi8vd3d3Lm1ldHJvcG9sZXMuY29tL2JyYXNpbC9jaHV2YXMtYWVyb3BvcnRvLWRlLXBvcnRvLWFsZWdyZS1lLWZlY2hhZG8tcG9yLXRlbXBvLWluZGV0ZXJtaW5hZG8tMtIBAA?hl=pt-BR&gl=BR&ceid=BR%3Apt-419
Veja como as mudanças climáticas afetaram o DF nos últimos 60 anos,Metrópoles,2 dias atrás,https://news.google.com/articles/CBMibmh0dHBzOi8vd3d3Lm1ldHJvcG9sZXMuY29tL2Rpc3RyaXRvLWZlZGVyYWwvdmVqYS1jb21vLWFzLW11ZGFuY2FzLWNsaW1hdGljYXMtYWZldGFyYW0tby1kZi1ub3MtdWx0aW1vcy02MC1hbm9z0gEA?hl=pt-BR&gl=BR&ceid=BR%3Apt-419
"RS: ""Temos que escolher quem salvar”, diz PM sobre resgate das vítimas",Metrópoles,7 dias atrás,https://news.google.com/articles/CBMiZGh0dHBzOi8vd3d3Lm1ldHJvcG9sZXMuY29tL2JyYXNpbC9ycy10ZW1vcy1xdWUtZXNjb2xoZXItcXVlbS1zYWx2YXItZGl6LXBtLXNvYnJlLXJlc2dhdGUtZGFzLXZpdGltYXPSAQA?hl=pt-BR&gl=BR&ceid=BR%3Apt-419
Chuvas no RS: Senado faz campanha e arrecada 5 mil cobertores,Metrópoles,7 dias atrás,https://news.google.com/articles/CBMiZ2h0dHBzOi8vd3d3Lm1ldHJvcG9sZXMuY29tL2JyYXNpbC9zZW5hZG8tYXJyZWNhZGEtNS1taWwtY29iZXJ0b3Jlcy1lbS1jYW1wYW5oYS1wYXJhLW8tcmlvLWdyYW5kZS1kby1zdWzSAQA?hl=pt-BR&gl=BR&ceid=BR%3Apt-419
Eventos climáticos: Brasil pode ter que deslocar 3 milhões de pessoas,Metrópoles,3 dias atrás,https://news.google.com/articles/CBMiZmh0dHBzOi8vd3d3Lm1ldHJvcG9sZXMuY29tL2JyYXNpbC9ldmVudG9zLWNsaW1hdGljb3MtYnJhc2lsLXBvZGUtdGVyLXF1ZS1kZXNsb2Nhci0zLW1pbGhvZXMtZGUtcGVzc29hc9IBAA?hl=pt-BR&gl=BR&ceid=BR%3Apt-419
Fechamento do aeroporto em Porto Alegre deixa passageiros presos em SP,Metrópoles,7 dias atrás,https://news.google.com/articles/CBMia2h0dHBzOi8vd3d3Lm1ldHJvcG9sZXMuY29tL3Nhby1wYXVsby9mZWNoYW1lbnRvLWRvLWFlcm9wb3J0by1lbS1wb3J0by1hbGVncmUtZGVpeGEtcGFzc2FnZWlyb3MtcHJlc29zLWVtLXNw0gEA?hl=pt-BR&gl=BR&ceid=BR%3Apt-419
Calor: SP tem novo recorde para maio e está em atenção há 10 dias,Metrópoles,8 dias atrás,https://news.google.com/articles/CBMiZWh0dHBzOi8vd3d3Lm1ldHJvcG9sZXMuY29tL3Nhby1wYXVsby9jYWxvci1zcC10ZW0tbm92by1yZWNvcmRlLXBhcmEtbWFpby1lLWVzdGEtZW0tYXRlbmNhby1oYS0xMC1kaWFz0gEA?hl=pt-BR&gl=BR&ceid=BR%3Apt-419
Onda de calor: Inmet emite alerta de perigo para cidades de 6 estados,Metrópoles,27 de abr.,https://news.google.com/articles/CBMiZmh0dHBzOi8vd3d3Lm1ldHJvcG9sZXMuY29tL2JyYXNpbC9vbmRhLWRlLWNhbG9yLWlubWV0LWVtaXRlLWFsZXJ0YS1kZS1wZXJpZ28tcGFyYS1jaWRhZGVzLWRlLTYtZXN0YWRvc9IBAA?hl=pt-BR&gl=BR&ceid=BR%3Apt-419
Calor volta a bater recorde para mês de maio na cidade de São Paulo,Metrópoles,9 dias atrás,https://news.google.com/articles/CBMiaGh0dHBzOi8vd3d3Lm1ldHJvcG9sZXMuY29tL3Nhby1wYXVsby9jYWxvci12b2x0YS1hLWJhdGVyLXJlY29yZGUtcGFyYS1tZXMtZGUtbWFpby1uYS1jaWRhZGUtZGUtc2FvLXBhdWxv0gEA?hl=pt-BR&gl=BR&ceid=BR%3Apt-419
Show de Madonna acontece em meio a onda de calor no Rio de Janeiro,Metrópoles,30 de abr.,https://news.google.com/articles/CBMiamh0dHBzOi8vd3d3Lm1ldHJvcG9sZXMuY29tL2NlbGVicmlkYWRlcy9zaG93LWRlLW1hZG9ubmEtYWNvbnRlY2UtZW0tbWVpby1hLW9uZGEtZGUtY2Fsb3Itbm8tcmlvLWRlLWphbmVpcm_SAQA?hl=pt-BR&gl=BR&ceid=BR%3Apt-419
Inmet alerta para perigo de calor intenso em todo o RJ até domingo,Metrópoles,12 dias atrás,https://news.google.com/articles/CBMiR2h0dHBzOi8vd3d3Lm1ldHJvcG9sZXMuY29tL2JyYXNpbC9pbm1ldC1wZXJpZ28tY2Fsb3ItaW50ZW5zby1yai1kb21pbmdv0gEA?hl=pt-BR&gl=BR&ceid=BR%3Apt-419
Capital pode bater recorde de calor em um mês de maio nesta quinta,Metrópoles,11 dias atrás,https://news.google.com/articles/CBMiZ2h0dHBzOi8vd3d3Lm1ldHJvcG9sZXMuY29tL3Nhby1wYXVsby9jYXBpdGFsLXBvZGUtYmF0ZXItcmVjb3JkZS1kZS1jYWxvci1lbS11bS1tZXMtZGUtbWFpby1uZXN0YS1xdWludGHSAQA?hl=pt-BR&gl=BR&ceid=BR%3Apt-419
"Calor chega a 32,1º C e faz São Paulo ter recorde histórico em maio",Metrópoles,10 dias atrás,https://news.google.com/articles/CBMiRGh0dHBzOi8vd3d3Lm1ldHJvcG9sZXMuY29tL3Nhby1wYXVsby9jYWxvci1zcC1yZWNvcmRlLWhpc3Rvcmljby1tYWlv0gEA?hl=pt-BR&gl=BR&ceid=BR%3Apt-419
Forno continua: calor toma conta do país pelo menos até dia 10 de maio,Metrópoles,30 de abr.,https://news.google.com/articles/CBMiP2h0dHBzOi8vd3d3Lm1ldHJvcG9sZXMuY29tL2JyYXNpbC9jYWxvci1wYWlzLWF0ZS1kaWEtMTAtZGUtbWFpb9IBAA?hl=pt-BR&gl=BR&ceid=BR%3Apt-419
Nova onda de calor: interior de SP pode ter temperaturas de 35ºC,Metrópoles,22 de abr.,https://news.google.com/articles/CBMiSmh0dHBzOi8vd3d3Lm1ldHJvcG9sZXMuY29tL3Nhby1wYXVsby9ub3ZhLW9uZGEtY2Fsb3ItZGUtc3AtdGVtcGVyYXR1cmFzLTM10gEA?hl=pt-BR&gl=BR&ceid=BR%3Apt-419
"Após ondas de calor, El Niño se aproxima do fim e frio começa a chegar",Metrópoles,18 de abr.,https://news.google.com/articles/CBMiRGh0dHBzOi8vd3d3Lm1ldHJvcG9sZXMuY29tL2JyYXNpbC9hcG9zLWNhbG9yLWVsLW5pbm8tZmltLWZyaW8tY29tZWNh0gEA?hl=pt-BR&gl=BR&ceid=BR%3Apt-419
Anticiclone: entenda fenômeno que deve atingir o país até maio,Metrópoles,24 de abr.,https://news.google.com/articles/CBMiX2h0dHBzOi8vd3d3Lm1ldHJvcG9sZXMuY29tL2JyYXNpbC9hbnRpY2ljbG9uZS1lbnRlbmRhLWZlbm9tZW5vLXF1ZS1kZXZlLWF0aW5naXItby1wYWlzLWF0ZS1tYWlv0gEA?hl=pt-BR&gl=BR&ceid=BR%3Apt-419
Brasil deve enfrentar nova onda de calor no fim de abril,Metrópoles,23 de abr.,https://news.google.com/articles/CBMiO2h0dHBzOi8vd3d3Lm1ldHJvcG9sZXMuY29tL2JyYXNpbC9ub3ZhLW9uZGEtY2Fsb3ItZmltLWFicmls0gEA?hl=pt-BR&gl=BR&ceid=BR%3Apt-419
"Com onda de calor no país, temperatura no DF deve passar de 36ºC",Metrópoles,9 de nov. de 2023,https://news.google.com/articles/CBMia2h0dHBzOi8vd3d3Lm1ldHJvcG9sZXMuY29tL2Rpc3RyaXRvLWZlZGVyYWwvY29tLW9uZGEtZGUtY2Fsb3Itbm8tcGFpcy10ZW1wZXJhdHVyYS1uby1kZi1kZXZlLXBhc3Nhci1kZS0zNm9j0gEA?hl=pt-BR&gl=BR&ceid=BR%3Apt-419
Inmet aponta que deve chover hoje (18) no DF; veja previsão do tempo,Metrópoles,18 de dez.,https://news.google.com/articles/CBMibWh0dHBzOi8vd3d3Lm1ldHJvcG9sZXMuY29tL2Rpc3RyaXRvLWZlZGVyYWwvaW5tZXQtYXBvbnRhLXF1ZS1kZXZlLWNob3Zlci1ob2plLTE4LW5vLWRmLXZlamEtcHJldmlzYW8tZG8tdGVtcG_SAQA?hl=pt-BR&gl=BR&ceid=BR%3Apt-419
"Com 60,1°C, Rio de Janeiro registra sensação térmica recorde",Metrópoles,16 de mar.,https://news.google.com/articles/CBMiSWh0dHBzOi8vd3d3Lm1ldHJvcG9sZXMuY29tL2JyYXNpbC9yai1yZWdpc3RyYS1tYWlvci1zZW5zYWNhby10ZXJtaWNhLTYwMWPSAQA?hl=pt-BR&gl=BR&ceid=BR%3Apt-419
"DF: após recorde de calor, temperatura deve continuar na casa dos 37ºC",Metrópoles,14 de nov.,https://news.google.com/articles/CBMicGh0dHBzOi8vd3d3Lm1ldHJvcG9sZXMuY29tL2Rpc3RyaXRvLWZlZGVyYWwvZGYtYXBvcy1yZWNvcmRlLWRlLWNhbG9yLXRlbXBlcmF0dXJhLWRldmUtY29udGludWFyLW5hLWNhc2EtZG9zLTM3b2PSAQA?hl=pt-BR&gl=BR&ceid=BR%3Apt-419
Domingo de sufoco: 12 capitais terão temperaturas acima de 35 ºC,Metrópoles,24 de set. de 2023,https://news.google.com/articles/CBMiYGh0dHBzOi8vd3d3Lm1ldHJvcG9sZXMuY29tL2JyYXNpbC9kb21pbmdvLWRlLXN1Zm9jby0xMi1jYXBpdGFpcy10ZXJhby10ZW1wZXJhdHVyYXMtYWNpbWEtZGUtMzVvY9IBAA?hl=pt-BR&gl=BR&ceid=BR%3Apt-419
Onda de calor pode matar? Saiba os riscos para a saúde,Metrópoles,20 de set. de 2023,https://news.google.com/articles/CBMiQGh0dHBzOi8vd3d3Lm1ldHJvcG9sZXMuY29tL3NhdWRlL29uZGEtZGUtY2Fsb3ItcG9kZS1tYXRhci1yaXNjb3PSAQA?hl=pt-BR&gl=BR&ceid=BR%3Apt-419
"Saiba como fica o clima em março, mês que encerra o verão no Brasil",Metrópoles,2 de mar.,https://news.google.com/articles/CBMiZGh0dHBzOi8vd3d3Lm1ldHJvcG9sZXMuY29tL2JyYXNpbC9zYWliYS1jb21vLWZpY2Etby1jbGltYS1lbS1tYXJjby1tZXMtcXVlLWVuY2VycmEtby12ZXJhby1uby1icmFzaWzSAQA?hl=pt-BR&gl=BR&ceid=BR%3Apt-419
"Após semana de recordes de calor, DF tem alerta de tempestade nesta 2ª",Metrópoles,20 de nov.,https://news.google.com/articles/CBMicWh0dHBzOi8vd3d3Lm1ldHJvcG9sZXMuY29tL2Rpc3RyaXRvLWZlZGVyYWwvYXBvcy1zZW1hbmEtZGUtcmVjb3JkZXMtZGUtY2Fsb3ItZGYtdGVtLWFsZXJ0YS1kZS10ZW1wZXN0YWRlLW5lc3RhLTJh0gEA?hl=pt-BR&gl=BR&ceid=BR%3Apt-419
"Com o fim da onda de calor, clima ficará mais ameno no Brasil. Entenda",Metrópoles,19 de mar.,https://news.google.com/articles/CBMiZmh0dHBzOi8vd3d3Lm1ldHJvcG9sZXMuY29tL2JyYXNpbC9jb20tby1maW0tZGEtb25kYS1kZS1jYWxvci1jbGltYS1maWNhcmEtbWFpcy1hbWVuby1uby1icmFzaWwtZW50ZW5kYdIBAA?hl=pt-BR&gl=BR&ceid=BR%3Apt-419
Temperatura despenca mais de 16°C em 3 horas e calor dá trégua em SP,Metrópoles,14 de nov.,https://news.google.com/articles/CBMiaGh0dHBzOi8vd3d3Lm1ldHJvcG9sZXMuY29tL3Nhby1wYXVsby90ZW1wZXJhdHVyYS1kZXNwZW5jYS1tYWlzLWRlLTE2Yy1lbS0zLWhvcmFzLWUtY2Fsb3ItZGEtdHJlZ3VhLWVtLXNw0gEA?hl=pt-BR&gl=BR&ceid=BR%3Apt-419
Onda de calor: veja 7 dicas de como se proteger no calor,Metrópoles,12 de dez.,https://news.google.com/articles/CBMiQGh0dHBzOi8vd3d3Lm1ldHJvcG9sZXMuY29tL3NhdWRlL29uZGEtZGUtY2Fsb3Itc2FpYmEtc2UtcHJvdGVnZXLSAQA?hl=pt-BR&gl=BR&ceid=BR%3Apt-419
"""Domo de calor"" da Argentina trará altas temperaturas ao sul do Brasil",Metrópoles,2 de fev.,https://news.google.com/articles/CBMiZmh0dHBzOi8vd3d3Lm1ldHJvcG9sZXMuY29tL2JyYXNpbC9kb21vLWRlLWNhbG9yLWRhLWFyZ2VudGluYS10cmFyYS1hbHRhcy10ZW1wZXJhdHVyYXMtYW8tc3VsLWRvLWJyYXNpbNIBAA?hl=pt-BR&gl=BR&ceid=BR%3Apt-419
"Em meio a onda de calor, Chile registra 38,9ºC durante o inverno",Metrópoles,2 de ago. de 2023,https://news.google.com/articles/CBMiX2h0dHBzOi8vd3d3Lm1ldHJvcG9sZXMuY29tL211bmRvL2VtLW1laW8tYS1vbmRhLWRlLWNhbG9yLWNoaWxlLXJlZ2lzdHJhLTM4OW9jLWR1cmFudGUtby1pbnZlcm5v0gEA?hl=pt-BR&gl=BR&ceid=BR%3Apt-419
Calor extremo: entenda como as altas temperaturas afetam o corpo,Metrópoles,10 de nov. de 2023,https://news.google.com/articles/CBMiSWh0dHBzOi8vd3d3Lm1ldHJvcG9sZXMuY29tL3NhdWRlL2NhbG9yLWV4dHJlbW8tZW50ZW5kYS1jb21vLWFmZXRhLW8tY29ycG_SAQA?hl=pt-BR&gl=BR&ceid=BR%3Apt-419
Mais recordes de calor? Veja como ficará o tempo em SP nesta semana,Metrópoles,25 de set. de 2023,https://news.google.com/articles/CBMiZ2h0dHBzOi8vd3d3Lm1ldHJvcG9sZXMuY29tL3Nhby1wYXVsby9tYWlzLXJlY29yZGVzLWRlLWNhbG9yLXZlamEtY29tby1maWNhcmEtby10ZW1wby1lbS1zcC1uZXN0YS1zZW1hbmHSAQA?hl=pt-BR&gl=BR&ceid=BR%3Apt-419
Calorão: capital paulista pode registrar até 37ºC neste fim de semana,Metrópoles,11 de nov. de 2023,https://news.google.com/articles/CBMiaWh0dHBzOi8vd3d3Lm1ldHJvcG9sZXMuY29tL3Nhby1wYXVsby9jYWxvcmFvLWNhcGl0YWwtcGF1bGlzdGEtcG9kZS1yZWdpc3RyYXItYXRlLTM3b2MtbmVzdGUtZmltLWRlLXNlbWFuYdIBAA?hl=pt-BR&gl=BR&ceid=BR%3Apt-419
"Meteorologista explica sensação térmica recorde de 58,5 ºC no Rio",Metrópoles,14 de nov.,https://news.google.com/articles/CBMiYmh0dHBzOi8vd3d3Lm1ldHJvcG9sZXMuY29tL2JyYXNpbC9tZXRlb3JvbG9naXN0YS1leHBsaWNhLXNlbnNhY2FvLXRlcm1pY2EtcmVjb3JkZS1kZS01ODUtb2Mtbm8tcmlv0gEA?hl=pt-BR&gl=BR&ceid=BR%3Apt-419
Londres 40°C: Reino Unido registra maior temperatura da história,Metrópoles,19 de jul. de 2022,https://news.google.com/articles/CBMiX2h0dHBzOi8vd3d3Lm1ldHJvcG9sZXMuY29tL211bmRvL2xvbmRyZXMtNDBjLXJlaW5vLXVuaWRvLXJlZ2lzdHJhLW1haW9yLXRlbXBlcmF0dXJhLWRhLWhpc3Rvcmlh0gEA?hl=pt-BR&gl=BR&ceid=BR%3Apt-419
Calor extremo: 7 dicas para dormir melhor apesar da temperatura alta,Metrópoles,13 de nov.,https://news.google.com/articles/CBMiPWh0dHBzOi8vd3d3Lm1ldHJvcG9sZXMuY29tL3NhdWRlL2Rvcm1pci1uby1jYWxvci03LWRpY2FzLXNvbm_SAQA?hl=pt-BR&gl=BR&ceid=BR%3Apt-419
"Frente fria deve provocar temporais, mas calor segue forte no país",Metrópoles,4 de out. de 2023,https://news.google.com/articles/CBMiPWh0dHBzOi8vd3d3Lm1ldHJvcG9sZXMuY29tL2JyYXNpbC9mcmVudGUtZnJpYS10ZW1wb3JhaXMtY2Fsb3LSAQA?hl=pt-BR&gl=BR&ceid=BR%3Apt-419
"DF registra novo recorde de calor e temperatura máxima chega a 36,7º C",Metrópoles,24 de set. de 2023,https://news.google.com/articles/CBMicWh0dHBzOi8vd3d3Lm1ldHJvcG9sZXMuY29tL2Rpc3RyaXRvLWZlZGVyYWwvZGYtcmVnaXN0cmEtbm92by1yZWNvcmRlLWRlLWNhbG9yLWUtdGVtcGVyYXR1cmEtbWF4aW1hLWNoZWdhLWEtMzY3by1j0gEA?hl=pt-BR&gl=BR&ceid=BR%3Apt-419
"Dieta rica em soja controla ondas de calor da menopausa, aponta estudo",Metrópoles,22 de jul. de 2021,https://news.google.com/articles/CBMiZmh0dHBzOi8vd3d3Lm1ldHJvcG9sZXMuY29tL3NhdWRlL2RpZXRhLXJpY2EtZW0tc29qYS1jb250cm9sYS1vbmRhcy1kZS1jYWxvci1kYS1tZW5vcGF1c2EtYXBvbnRhLWVzdHVkb9IBAA?hl=pt-BR&gl=BR&ceid=BR%3Apt-419
"Onda de calor extremo atingirá Argentina, Uruguai e Sul do Brasil",Metrópoles,10 de fev. de 2023,https://news.google.com/articles/CBMiYmh0dHBzOi8vd3d3Lm1ldHJvcG9sZXMuY29tL2JyYXNpbC9vbmRhLWRlLWNhbG9yLWV4dHJlbW8tYXRpbmdpcmEtYXJnZW50aW5hLXVydWd1YWktZS1zdWwtZG8tYnJhc2ls0gEA?hl=pt-BR&gl=BR&ceid=BR%3Apt-419
Temperaturas devem se aproximar dos 40 ºC em 8 capitais nesta sexta,Metrópoles,21 de set. de 2023,https://news.google.com/articles/CBMiZ2h0dHBzOi8vd3d3Lm1ldHJvcG9sZXMuY29tL2JyYXNpbC90ZW1wZXJhdHVyYXMtZGV2ZW0tc2UtYXByb3hpbWFyLWRvcy00MG9jLWVtLW9pdG8tY2FwaXRhaXMtbmVzdGEtc2V4dGHSAQA?hl=pt-BR&gl=BR&ceid=BR%3Apt-419
"Perto do pico, El Niño deve provocar calor extremo no Brasil até abril",Metrópoles,22 de nov.,https://news.google.com/articles/CBMiZ2h0dHBzOi8vd3d3Lm1ldHJvcG9sZXMuY29tL2JyYXNpbC9wZXJ0by1kby1waWNvLWVsLW5pbm8tZGV2ZS1wcm92b2Nhci1jYWxvci1leHRyZW1vLW5vLWJyYXNpbC1hdGUtYWJyaWzSAQA?hl=pt-BR&gl=BR&ceid=BR%3Apt-419
"Brasil precisa se adaptar ao calor após o El Niño, dizem especialistas",Metrópoles,24 de dez.,https://news.google.com/articles/CBMiZ2h0dHBzOi8vd3d3Lm1ldHJvcG9sZXMuY29tL2JyYXNpbC9icmFzaWwtcHJlY2lzYS1zZS1hZGFwdGFyLWFvLWNhbG9yLWFwb3Mtby1lbC1uaW5vLWRpemVtLWVzcGVjaWFsaXN0YXPSAQA?hl=pt-BR&gl=BR&ceid=BR%3Apt-419
SP enfrenta nova onda de calor extremo; temperatura pode superar 40º C,Metrópoles,9 de nov. de 2023,https://news.google.com/articles/CBMiamh0dHBzOi8vd3d3Lm1ldHJvcG9sZXMuY29tL3Nhby1wYXVsby9zcC1lbmZyZW50YS1ub3ZhLW9uZGEtZGUtY2Fsb3ItZXh0cmVtby10ZW1wZXJhdHVyYS1wb2RlLXN1cGVyYXItNDBvLWPSAQA?hl=pt-BR&gl=BR&ceid=BR%3Apt-419
Onda de calor: MS tem previsão de 43ºC neste domingo,Metrópoles,12 de nov.,https://news.google.com/articles/CBMiQmh0dHBzOi8vd3d3Lm1ldHJvcG9sZXMuY29tL2JyYXNpbC9vbmRhLWNhbG9yLW1hdG8tZ3Jvc3NvLWRvLXN1bC00M9IBAA?hl=pt-BR&gl=BR&ceid=BR%3Apt-419
40° C: Inmet emite alerta de perigo para onda de calor em 5 estados,Metrópoles,12 de mar.,https://news.google.com/articles/CBMiXmh0dHBzOi8vd3d3Lm1ldHJvcG9sZXMuY29tL2JyYXNpbC9pbm1ldC1lbWl0ZS1hbGVydGEtZGUtcGVyaWdvLXBhcmEtb25kYS1kZS1jYWxvci1lbS01LWVzdGFkb3PSAQA?hl=pt-BR&gl=BR&ceid=BR%3Apt-419
"Que calor! Inmet registra 35,4°C no DF neste domingo (12/11)",Metrópoles,12 de nov.,https://news.google.com/articles/CBMiY2h0dHBzOi8vd3d3Lm1ldHJvcG9sZXMuY29tL2Rpc3RyaXRvLWZlZGVyYWwvcXVlLWNhbG9yLWlubWV0LXJlZ2lzdHJhLTM1NGMtbm8tZGYtbmVzdGUtZG9taW5nby0xMi0xMdIBAA?hl=pt-BR&gl=BR&ceid=BR%3Apt-419
Pico de calor: 19 estados e o DF terão altas temperaturas nas próximas 24h,Metrópoles,23 de ago. de 2023,https://news.google.com/articles/CBMiYmh0dHBzOi8vd3d3Lm1ldHJvcG9sZXMuY29tL2JyYXNpbC9vbmRhLWRlLWNhbG9yLWNvbS1hbHRhcy10ZW1wZXJhdHVyYXMtb2NvcnJlLWVtLTE5LWVzdGFkb3MtZS1vLWRm0gEA?hl=pt-BR&gl=BR&ceid=BR%3Apt-419
"Onda de calor chega ao fim, enquanto Sul segue enfrentando chuva",Metrópoles,27 de set. de 2023,https://news.google.com/articles/CBMiPWh0dHBzOi8vd3d3Lm1ldHJvcG9sZXMuY29tL2JyYXNpbC9vbmRhLWRlLWNhbG9yLWZpbS1zdWwtY2h1dmHSAQA?hl=pt-BR&gl=BR&ceid=BR%3Apt-419
"Rio de Janeiro bate recorde do ano e atinge a temperatura de 40º,4C",Metrópoles,12 de nov.,https://news.google.com/articles/CBMiZGh0dHBzOi8vd3d3Lm1ldHJvcG9sZXMuY29tL2JyYXNpbC9yaW8tZGUtamFuZWlyby1iYXRlLXJlY29yZGUtZG8tYW5vLWUtYXRpbmdlLWEtdGVtcGVyYXR1cmEtZGUtNDBvNGPSAQA?hl=pt-BR&gl=BR&ceid=BR%3Apt-419
"Outono trará temperaturas mais amenas, mas pode ter ondas de calor",Metrópoles,26 de mar.,https://news.google.com/articles/CBMiY2h0dHBzOi8vd3d3Lm1ldHJvcG9sZXMuY29tL2JyYXNpbC9vdXRvbm8tdHJhcmEtdGVtcGVyYXR1cmFzLW1haXMtYW1lbmFzLW1hcy1wb2RlLXRlci1vbmRhcy1kZS1jYWxvctIBAA?hl=pt-BR&gl=BR&ceid=BR%3Apt-419
"Abril será 5ºC mais quente no interior de SP, diz Defesa Civil",Metrópoles,5 de abr.,https://news.google.com/articles/CBMiQmh0dHBzOi8vd3d3Lm1ldHJvcG9sZXMuY29tL3Nhby1wYXVsby9hYnJpbC1tYWlzLXF1ZW50ZS1pbnRlcmlvci1zcNIBAA?hl=pt-BR&gl=BR&ceid=BR%3Apt-419
"Calor extremo atinge Europa, EUA e Japão com temperaturas de até 49°C",Metrópoles,15 de jul. de 2023,https://news.google.com/articles/CBMiZGh0dHBzOi8vd3d3Lm1ldHJvcG9sZXMuY29tL211bmRvL2NhbG9yLWV4dHJlbW8tYXRpbmdlLWV1cm9wYS1ldWEtZS1qYXBhby1jb20tdGVtcGVyYXR1cmFzLWRlLWF0ZS00OWPSAQA?hl=pt-BR&gl=BR&ceid=BR%3Apt-419
"""Bolha de calor"": temperatura alta vai durar até fim do verão, em 20/3",Metrópoles,13 de mar.,https://news.google.com/articles/CBMiXGh0dHBzOi8vd3d3Lm1ldHJvcG9sZXMuY29tL2JyYXNpbC9vbmRhLWRlLWNhbG9yLWRldmUtZHVyYXItYXRlLW8tZmltLWRvLXZlcmFvLWVtLTIwLWRlLW1hcmNv0gEA?hl=pt-BR&gl=BR&ceid=BR%3Apt-419
Demanda por energia bate recorde por causa de onda de calor,Metrópoles,14 de nov.,https://news.google.com/articles/CBMiPGh0dHBzOi8vd3d3Lm1ldHJvcG9sZXMuY29tL2JyYXNpbC9lbmVyZ2lhLXJlY29yZGUtb25kYS1jYWxvctIBAA?hl=pt-BR&gl=BR&ceid=BR%3Apt-419
Nova onda de calor: veja estados em que temperatura pode chegar a 40ºC,Metrópoles,11 de dez.,https://news.google.com/articles/CBMiZWh0dHBzOi8vd3d3Lm1ldHJvcG9sZXMuY29tL2JyYXNpbC9ub3ZhLW9uZGEtZGUtY2Fsb3ItdmVqYS1lc3RhZG9zLW9uZGUtdGVtcGVyYXR1cmEtcG9kZS1jaGVnYXItYS00MG9j0gEA?hl=pt-BR&gl=BR&ceid=BR%3Apt-419
"Após recordes de calor em SP em 2023, o que esperar do clima em 2024?",Metrópoles,1 de jan.,https://news.google.com/articles/CBMiaGh0dHBzOi8vd3d3Lm1ldHJvcG9sZXMuY29tL3Nhby1wYXVsby9hcG9zLXJlY29yZGVzLWRlLWNhbG9yLWVtLXNwLWVtLTIwMjMtby1xdWUtZXNwZXJhci1kby1jbGltYS1lbS0yMDI00gEA?hl=pt-BR&gl=BR&ceid=BR%3Apt-419
Onda de calor em SC tem ovo frito no asfalto e outras curiosidades,Metrópoles,25 de jan. de 2022,https://news.google.com/articles/CBMiZGh0dHBzOi8vd3d3Lm1ldHJvcG9sZXMuY29tL2JyYXNpbC9vbmRhLWRlLWNhbG9yLWVtLXNjLXRlbS1vdm8tZnJpdG8tbm8tYXNmYWx0by1lLW91dHJhcy1jdXJpb3NpZGFkZXPSAQA?hl=pt-BR&gl=BR&ceid=BR%3Apt-419
"Em novo recorde, Rio de Janeiro atinge sensação térmica de 62,3°C",Metrópoles,17 de mar.,https://news.google.com/articles/CBMiSmh0dHBzOi8vd3d3Lm1ldHJvcG9sZXMuY29tL2JyYXNpbC9yZWNvcmRlLXJpby1hdGluZ2Utc2Vuc2FjYW8tdGVybWljYS02MjNj0gEA?hl=pt-BR&gl=BR&ceid=BR%3Apt-419
Calor aumenta preço de alimentos e eletrônicos e pode impactar a luz,Metrópoles,17 de nov.,https://news.google.com/articles/CBMiZ2h0dHBzOi8vd3d3Lm1ldHJvcG9sZXMuY29tL2JyYXNpbC9jYWxvci1hdW1lbnRhLXByZWNvLWRlLWFsaW1lbnRvcy1lLWVsZXRyb25pY29zLWUtcG9kZS1pbXBhY3Rhci1uYS1sdXrSAQA?hl=pt-BR&gl=BR&ceid=BR%3Apt-419
"Belém deve ter quase 7 meses de calor extremo até 2050, diz estudo",Metrópoles,20 de set. de 2023,https://news.google.com/articles/CBMiQmh0dHBzOi8vd3d3Lm1ldHJvcG9sZXMuY29tL2JyYXNpbC9iZWxlbS03LW1lc2VzLWNhbG9yLWV4dHJlbW8tMjA1MNIBAA?hl=pt-BR&gl=BR&ceid=BR%3Apt-419
Calor extremo: confira 10 sinais de desidratação que o corpo dá,Metrópoles,14 de nov.,https://news.google.com/articles/CBMiPWh0dHBzOi8vd3d3Lm1ldHJvcG9sZXMuY29tL3NhdWRlL2NhbG9yLTEwLXNpbmFpcy1kZXNpZHJhdGFjYW_SAQA?hl=pt-BR&gl=BR&ceid=BR%3Apt-419
Onda de calor exige adaptações importantes no treino; médico explica,Metrópoles,25 de set. de 2023,https://news.google.com/articles/CBMibGh0dHBzOi8vd3d3Lm1ldHJvcG9sZXMuY29tL3ZpZGEtZS1lc3RpbG8vb25kYS1kZS1jYWxvci1leGlnZS1hZGFwdGFjb2VzLWltcG9ydGFudGVzLW5vLXRyZWluby1tZWRpY28tZXhwbGljYdIBAA?hl=pt-BR&gl=BR&ceid=BR%3Apt-419
"Onda de calor: britânicos compartilham ""as piores queimaduras de sol""",Metrópoles,19 de jul. de 2022,https://news.google.com/articles/CBMib2h0dHBzOi8vd3d3Lm1ldHJvcG9sZXMuY29tL2NvbHVuYXMvcGlwb2NhbmRvL29uZGEtZGUtY2Fsb3ItYnJpdGFuaWNvcy1jb21wYXJ0aWxoYW0tYXMtcGlvcmVzLXF1ZWltYWR1cmFzLWRlLXNvbNIBAA?hl=pt-BR&gl=BR&ceid=BR%3Apt-419
Vai piorar: pico da onda de calor no país será no fim de semana,Metrópoles,21 de set. de 2023,https://news.google.com/articles/CBMiP2h0dHBzOi8vd3d3Lm1ldHJvcG9sZXMuY29tL2JyYXNpbC9waWNvLW9uZGEtY2Fsb3ItZmltLWRlLXNlbWFuYdIBAA?hl=pt-BR&gl=BR&ceid=BR%3Apt-419
Inverno mais quente da história de São Paulo termina com novo recorde,Metrópoles,22 de set. de 2023,https://news.google.com/articles/CBMiamh0dHBzOi8vd3d3Lm1ldHJvcG9sZXMuY29tL3Nhby1wYXVsby9pbnZlcm5vLW1haXMtcXVlbnRlLWRhLWhpc3RvcmlhLWRlLXNhby1wYXVsby10ZXJtaW5hLWNvbS1ub3ZvLXJlY29yZGXSAQA?hl=pt-BR&gl=BR&ceid=BR%3Apt-419
Aquecimento global: entenda onda de calor que atinge a Europa,Metrópoles,19 de jul. de 2022,https://news.google.com/articles/CBMiaWh0dHBzOi8vd3d3Lm1ldHJvcG9sZXMuY29tL2hpc3RvcmlhLWVtLWZvdG9zL2FxdWVjaW1lbnRvLWdsb2JhbC1lbnRlbmRhLW9uZGEtZGUtY2Fsb3ItcXVlLWF0aW5nZS1hLWV1cm9wYdIBAA?hl=pt-BR&gl=BR&ceid=BR%3Apt-419
Semana em São Paulo será marcada por nova onda de calor extremo,Metrópoles,11 de mar.,https://news.google.com/articles/CBMiZGh0dHBzOi8vd3d3Lm1ldHJvcG9sZXMuY29tL3Nhby1wYXVsby9zZW1hbmEtZW0tc2FvLXBhdWxvLXNlcmEtbWFyY2FkYS1wb3Itbm92YS1vbmRhLWRlLWNhbG9yLWV4dHJlbW_SAQA?hl=pt-BR&gl=BR&ceid=BR%3Apt-419
Super El Niño vai atingir pico de calor em dezembro e janeiro,Metrópoles,18 de dez.,https://news.google.com/articles/CBMiYGh0dHBzOi8vd3d3Lm1ldHJvcG9sZXMuY29tL2JyYXNpbC9zdXBlci1lbC1uaW5vLWRldmUtYXRpbmdpci1waWNvLWRlLWNhbG9yLWVtLWRlemVtYnJvLWUtamFuZWlyb9IBAA?hl=pt-BR&gl=BR&ceid=BR%3Apt-419
"""'Tá' de matar"": internautas fazem piada nas redes sobre calor extremo",Metrópoles,15 de nov.,https://news.google.com/articles/CBMiamh0dHBzOi8vd3d3Lm1ldHJvcG9sZXMuY29tL3ZpZGEtZS1lc3RpbG8vdGEtZGUtbWF0YXItaW50ZXJuYXV0YXMtZmF6ZW0tcGlhZGEtbmFzLXJlZGVzLXNvYnJlLWNhbG9yLWV4dHJlbW_SAQA?hl=pt-BR&gl=BR&ceid=BR%3Apt-419
Altas temperaturas: onda de calor não dará trégua até o fim da semana,Metrópoles,15 de nov.,https://news.google.com/articles/CBMiSmh0dHBzOi8vd3d3Lm1ldHJvcG9sZXMuY29tL2JyYXNpbC9hbHRhcy10ZW1wZXJhdHVyYXMtY2Fsb3ItcGljby1maW0tc2VtYW5h0gEA?hl=pt-BR&gl=BR&ceid=BR%3Apt-419
Calor eleva temperaturas e capitais chegam aos 40ºC neste domingo,Metrópoles,24 de set. de 2023,https://news.google.com/articles/CBMiY2h0dHBzOi8vd3d3Lm1ldHJvcG9sZXMuY29tL2JyYXNpbC9jYWxvci1lbGV2YS10ZW1wZXJhdHVyYXMtZS1jYXBpdGFpcy1jaGVnYW0tYW9zLTQwb2MtbmVzdGUtZG9taW5nb9IBAA?hl=pt-BR&gl=BR&ceid=BR%3Apt-419
Veja as 5 capitais mais quentes até o fim da onda de calor,Metrópoles,15 de mar.,https://news.google.com/articles/CBMiXGh0dHBzOi8vd3d3Lm1ldHJvcG9sZXMuY29tL2JyYXNpbC92ZWphLWFzLTUtY2FwaXRhaXMtbWFpcy1xdWVudGVzLWF0ZS1vLWZpbS1kYS1vbmRhLWRlLWNhbG9y0gEA?hl=pt-BR&gl=BR&ceid=BR%3Apt-419
Onda de calor atingirá 15 estados e o DF a partir desta 5ª. Veja quais,Metrópoles,12 de dez.,https://news.google.com/articles/CBMiZ2h0dHBzOi8vd3d3Lm1ldHJvcG9sZXMuY29tL2JyYXNpbC9vbmRhLWRlLWNhbG9yLWF0aW5naXJhLTE1LWVzdGFkb3MtZS1vLWRmLWEtcGFydGlyLWRlc3RhLTVhLXZlamEtcXVhaXPSAQA?hl=pt-BR&gl=BR&ceid=BR%3Apt-419
Temperaturas da semana chegam a 45°C pelo Brasil; RS terá chuva,Metrópoles,18 de set. de 2023,https://news.google.com/articles/CBMiQ2h0dHBzOi8vd3d3Lm1ldHJvcG9sZXMuY29tL2JyYXNpbC90ZW1wZXJhdHVyYXMtNDUtYy1icmFzaWwtcnMtY2h1dmHSAQA?hl=pt-BR&gl=BR&ceid=BR%3Apt-419
Temperaturas se aproximaram dos 40ºC em diversas capitais. Veja,Metrópoles,13 de nov.,https://news.google.com/articles/CBMiYGh0dHBzOi8vd3d3Lm1ldHJvcG9sZXMuY29tL2JyYXNpbC90ZW1wZXJhdHVyYXMtc2UtYXByb3hpbWFyYW0tZG9zLTQwb2MtZW0tZGl2ZXJzYXMtY2FwaXRhaXMtdmVqYdIBAA?hl=pt-BR&gl=BR&ceid=BR%3Apt-419
Onda de calor extremo chega ao Norte da África e causa incêndios,Metrópoles,18 de jul. de 2022,https://news.google.com/articles/CBMidWh0dHBzOi8vd3d3Lm1ldHJvcG9sZXMuY29tL211bmRvL21laW8tYW1iaWVudGUtbXVuZG8vb25kYS1kZS1jYWxvci1leHRyZW1vLWNoZWdhLWFvLW5vcnRlLWRhLWFmcmljYS1lLWNhdXNhLWluY2VuZGlvc9IBAA?hl=pt-BR&gl=BR&ceid=BR%3Apt-419
Maçarico ligado: bolha de calor atinge 5 estados até semana que vem,Metrópoles,14 de mar.,https://news.google.com/articles/CBMiSWh0dHBzOi8vd3d3Lm1ldHJvcG9sZXMuY29tL2JyYXNpbC9ib2xoYS1kZS1jYWxvci01LWVzdGFkb3Mtc2VtYW5hLXF1ZS12ZW3SAQA?hl=pt-BR&gl=BR&ceid=BR%3Apt-419
Natal quente? Saiba quando acaba a onda de calor no Brasil,Metrópoles,16 de dez.,https://news.google.com/articles/CBMiSGh0dHBzOi8vd3d3Lm1ldHJvcG9sZXMuY29tL2JyYXNpbC9xdWFuZG8tYWNhYmEtYS1vbmRhLWRlLWNhbG9yLW5vLWJyYXNpbNIBAA?hl=pt-BR&gl=BR&ceid=BR%3Apt-419
Clima severo: onda de calor faz Rio Grande do Sul chegar a 40ºC,Metrópoles,16 de dez.,https://news.google.com/articles/CBMiYGh0dHBzOi8vd3d3Lm1ldHJvcG9sZXMuY29tL2JyYXNpbC9jbGltYS1zZXZlcm8tb25kYS1kZS1jYWxvci1mYXotcmlvLWdyYW5kZS1kby1zdWwtY2hlZ2FyLWEtNDBvY9IBAA?hl=pt-BR&gl=BR&ceid=BR%3Apt-419
Aves caem do céu e animais não resistem ao calor na Índia,Metrópoles,12 de mai. de 2022,https://news.google.com/articles/CBMiWmh0dHBzOi8vd3d3Lm1ldHJvcG9sZXMuY29tL211bmRvL2F2ZXMtY2FlbS1kby1jZXUtZS1hbmltYWlzLW5hby1yZXNpc3RlbS1hby1jYWxvci1uYS1pbmRpYdIBAA?hl=pt-BR&gl=BR&ceid=BR%3Apt-419
SP tem madrugada mais abafada do ano; semana deve ter calor recorde,Metrópoles,13 de nov.,https://news.google.com/articles/CBMiZ2h0dHBzOi8vd3d3Lm1ldHJvcG9sZXMuY29tL3Nhby1wYXVsby9zcC10ZW0tbWFkcnVnYWRhLW1haXMtYWJhZmFkYS1kby1hbm8tc2VtYW5hLWRldmUtdGVyLWNhbG9yLXJlY29yZGXSAQA?hl=pt-BR&gl=BR&ceid=BR%3Apt-419
"Apesar de onda de calor, DF ainda não atingiu a máxima histórica",Metrópoles,25 de set. de 2023,https://news.google.com/articles/CBMia2h0dHBzOi8vd3d3Lm1ldHJvcG9sZXMuY29tL2Rpc3RyaXRvLWZlZGVyYWwvYXBlc2FyLWRlLW9uZGEtZGUtY2Fsb3ItZGYtYWluZGEtbmFvLWF0aW5naXUtYS1tYXhpbWEtaGlzdG9yaWNh0gEA?hl=pt-BR&gl=BR&ceid=BR%3Apt-419
É possível morrer de calor? Entenda riscos e saiba se proteger,Metrópoles,6 de out. de 2020,https://news.google.com/articles/CBMiXmh0dHBzOi8vd3d3Lm1ldHJvcG9sZXMuY29tL3NhdWRlL2UtcG9zc2l2ZWwtbW9ycmVyLWRlLWNhbG9yLWVudGVuZGEtcmlzY29zLWUtc2FpYmEtc2UtcHJvdGVnZXLSAQA?hl=pt-BR&gl=BR&ceid=BR%3Apt-419
Esperto! Urso invade piscina para escapar da onda de calor nos EUA,Metrópoles,31 de jul. de 2023,https://news.google.com/articles/CBMibmh0dHBzOi8vd3d3Lm1ldHJvcG9sZXMuY29tL2NvbHVuYXMvZS1vLWJpY2hvL2VzcGVydG8tdXJzby1pbnZhZGUtcGlzY2luYS1wYXJhLWVzY2FwYXItZGEtb25kYS1kZS1jYWxvci1ub3MtZXVh0gEA?hl=pt-BR&gl=BR&ceid=BR%3Apt-419
Confira as cidades que registraram as maiores temperaturas nesta 2ª,Metrópoles,13 de nov.,https://news.google.com/articles/CBMiZWh0dHBzOi8vd3d3Lm1ldHJvcG9sZXMuY29tL2JyYXNpbC9jb25maXJhLWFzLWNpZGFkZXMtcXVlLXJlZ2lzdHJhcmFtLWFzLW1haW9yZXMtdGVtcGVyYXR1cmFzLW5lc3RhLTJh0gEA?hl=pt-BR&gl=BR&ceid=BR%3Apt-419
SP: onda de calor em pleno inverno deve provocar recordes de temperatura,Metrópoles,22 de ago. de 2023,https://news.google.com/articles/CBMibGh0dHBzOi8vd3d3Lm1ldHJvcG9sZXMuY29tL3Nhby1wYXVsby9zcC1vbmRhLWRlLWNhbG9yLWVtLXBsZW5vLWludmVybm8tZGV2ZS1wcm92b2Nhci1yZWNvcmRlcy1kZS10ZW1wZXJhdHVyYdIBAA?hl=pt-BR&gl=BR&ceid=BR%3Apt-419
"37,3ºC: DF enfrenta 2º dia de calor recorde. Feriado seguirá quente",Metrópoles,14 de nov.,https://news.google.com/articles/CBMiSGh0dHBzOi8vd3d3Lm1ldHJvcG9sZXMuY29tL2Rpc3RyaXRvLWZlZGVyYWwvc2VndW5kby1kaWEtcmVjb3JkZS1jYWxvci1kZtIBAA?hl=pt-BR&gl=BR&ceid=BR%3Apt-419
Onda de calor: Inmet emite alerta vermelho para 9 estados; veja lista,Metrópoles,20 de set. de 2023,https://news.google.com/articles/CBMiZmh0dHBzOi8vd3d3Lm1ldHJvcG9sZXMuY29tL2JyYXNpbC9pbm1ldC1lbWl0ZS1hbGVydGEtdmVybWVsaG8tZW0tcmF6YW8tZGUtb25kYS1kZS1jYWxvci1wYXJhLTktZXN0YWRvc9IBAA?hl=pt-BR&gl=BR&ceid=BR%3Apt-419
Onda de calor: Rio é a capital mais quente do país; veja lista,Metrópoles,18 de set. de 2023,https://news.google.com/articles/CBMiXmh0dHBzOi8vd3d3Lm1ldHJvcG9sZXMuY29tL2JyYXNpbC9vbmRhLWRlLWNhbG9yLXJpby1lLWEtY2FwaXRhbC1tYWlzLXF1ZW50ZS1kby1wYWlzLXZlamEtbGlzdGHSAQA?hl=pt-BR&gl=BR&ceid=BR%3Apt-419
Altas temperaturas põem SP em atenção; Carnaval terá calor intenso,Metrópoles,9 de fev.,https://news.google.com/articles/CBMiZmh0dHBzOi8vd3d3Lm1ldHJvcG9sZXMuY29tL3Nhby1wYXVsby9hbHRhcy10ZW1wZXJhdHVyYXMtcG9lbS1zcC1lbS1hdGVuY2FvLWNhcm5hdmFsLXRlcmEtY2Fsb3ItaW50ZW5zb9IBAA?hl=pt-BR&gl=BR&ceid=BR%3Apt-419
Ondas de calor fazem consumo de energia bater recorde em novembro,Metrópoles,29 de dez.,https://news.google.com/articles/CBMiY2h0dHBzOi8vd3d3Lm1ldHJvcG9sZXMuY29tL2JyYXNpbC9vbmRhcy1kZS1jYWxvci1mYXplbS1jb25zdW1vLWRlLWVuZXJnaWEtYmF0ZXItcmVjb3JkZS1lbS1ub3ZlbWJyb9IBAA?hl=pt-BR&gl=BR&ceid=BR%3Apt-419
"Muito calor, seca e chuva: Brasil vive extremos climáticos em outubro",Metrópoles,21 de out. de 2023,https://news.google.com/articles/CBMiZWh0dHBzOi8vd3d3Lm1ldHJvcG9sZXMuY29tL2JyYXNpbC9tdWl0by1jYWxvci1zZWNhLWUtY2h1dmEtYnJhc2lsLXZpdmUtZXh0cmVtb3MtY2xpbWF0aWNvcy1lbS1vdXR1YnJv0gEA?hl=pt-BR&gl=BR&ceid=BR%3Apt-419
Onda de calor mundial impulsiona mudanças na produção de energia,Metrópoles,26 de ago. de 2023,https://news.google.com/articles/CBMiYmh0dHBzOi8vd3d3Lm1ldHJvcG9sZXMuY29tL2JyYXNpbC9vbmRhLWRlLWNhbG9yLW11bmRpYWwtaW1wdWxzaW9uYS1tdWRhbmNhcy1uYS1wcm9kdWNhby1kZS1lbmVyZ2lh0gEA?hl=pt-BR&gl=BR&ceid=BR%3Apt-419
Calor em São Paulo deve bater recorde histórico no fim de semana,Metrópoles,21 de set. de 2023,https://news.google.com/articles/CBMiZWh0dHBzOi8vd3d3Lm1ldHJvcG9sZXMuY29tL3Nhby1wYXVsby9jYWxvci1lbS1zYW8tcGF1bG8tZGV2ZS1iYXRlci1yZWNvcmRlLWhpc3Rvcmljby1uby1maW0tZGUtc2VtYW5h0gEA?hl=pt-BR&gl=BR&ceid=BR%3Apt-419
