Title,Source,Time,Link
Vídeo: chuva provoca desmoronamento de rua em Gramado,Metrópoles,4 horas atrás,https://news.google.com/articles/CBMiVmh0dHBzOi8vd3d3Lm1ldHJvcG9sZXMuY29tL2JyYXNpbC92aWRlby1jaHV2YS1wcm92b2NhLWRlc21vcm9uYW1lbnRvLWRlLXJ1YS1lbS1ncmFtYWRv0gEA?hl=pt-BR&gl=BR&ceid=BR%3Apt-419
"Chuvas no RS: mortes sobem para 147, com 447 municípios afetados",Metrópoles,4 horas atrás,https://news.google.com/articles/CBMiYGh0dHBzOi8vd3d3Lm1ldHJvcG9sZXMuY29tL2JyYXNpbC9jaHV2YXMtbm8tcnMtbW9ydGVzLXNvYmVtLXBhcmEtMTQ3LWNvbS00NDctbXVuaWNpcGlvcy1hZmV0YWRvc9IBAA?hl=pt-BR&gl=BR&ceid=BR%3Apt-419
Chuvas no RS: tremores de terra assustam moradores de Caxias do Sul,Metrópoles,6 horas atrás,https://news.google.com/articles/CBMiZGh0dHBzOi8vd3d3Lm1ldHJvcG9sZXMuY29tL2JyYXNpbC9jaHV2YXMtbm8tcnMtdHJlbW9yZXMtZGUtdGVycmEtYXNzdXN0YW0tbW9yYWRvcmVzLWRlLWNheGlhcy1kby1zdWzSAQA?hl=pt-BR&gl=BR&ceid=BR%3Apt-419
RS: ponte que liga Caxias do Sul e Nova Petrópolis cede. Vídeo,Metrópoles,4 horas atrás,https://news.google.com/articles/CBMiYmh0dHBzOi8vd3d3Lm1ldHJvcG9sZXMuY29tL2JyYXNpbC9jaHV2YXMtbm8tcnMtcG9udGUtcXVlLWxpZ2EtY2F4aWFzLWRvLXN1bC1lLW5vdmEtcGV0cm9wb2xpcy1jZWRl0gEA?hl=pt-BR&gl=BR&ceid=BR%3Apt-419
"RS entra em alerta máximo para nova alta dos rios: ""Mais destruição""",Metrópoles,2 horas atrás,https://news.google.com/articles/CBMiY2h0dHBzOi8vd3d3Lm1ldHJvcG9sZXMuY29tL2JyYXNpbC9ycy1lbnRyYS1lbS1hbGVydGEtbWF4aW1vLXBhcmEtbm92YS1hbHRhLWRvcy1yaW9zLW1haXMtZGVzdHJ1aWNhb9IBAA?hl=pt-BR&gl=BR&ceid=BR%3Apt-419
Calamidade: chegada de frio intenso deve piorar situação dos gaúchos,Metrópoles,11 horas atrás,https://news.google.com/articles/CBMiZWh0dHBzOi8vd3d3Lm1ldHJvcG9sZXMuY29tL2JyYXNpbC9jYWxhbWlkYWRlLWNoZWdhZGEtZGUtZnJpby1pbnRlbnNvLWRldmUtcGlvcmFyLXNpdHVhY2FvLWRvcy1nYXVjaG9z0gEA?hl=pt-BR&gl=BR&ceid=BR%3Apt-419
Infográfico: entenda a dinâmica da tragédia das águas no RS,Metrópoles,Ontem,https://news.google.com/articles/CBMiXGh0dHBzOi8vd3d3Lm1ldHJvcG9sZXMuY29tL2JyYXNpbC9pbmZvZ3JhZmljby1lbnRlbmRhLWEtZGluYW1pY2EtZGEtdHJhZ2VkaWEtZGFzLWFndWFzLW5vLXJz0gEA?hl=pt-BR&gl=BR&ceid=BR%3Apt-419
"RS: em dia com alerta de novas inundações, tragédia chega a 143 mortos",Metrópoles,Ontem,https://news.google.com/articles/CBMiQWh0dHBzOi8vd3d3Lm1ldHJvcG9sZXMuY29tL2JyYXNpbC9ycy1ub3Zhcy1pbnVuZGFjb2VzLW1vcnRvcy0xMi010gEA?hl=pt-BR&gl=BR&ceid=BR%3Apt-419
"Com mais chuvas, bloqueios aumentam em rodovias do Rio Grande do Sul",Metrópoles,17 horas atrás,https://news.google.com/articles/CBMiZWh0dHBzOi8vd3d3Lm1ldHJvcG9sZXMuY29tL2JyYXNpbC9jb20tbWFpcy1jaHV2YXMtYmxvcXVlaW9zLWF1bWVudGFtLWVtLXJvZG92aWFzLWRvLXJpby1ncmFuZGUtZG8tc3Vs0gEA?hl=pt-BR&gl=BR&ceid=BR%3Apt-419
Chuvas no Maranhão começam a preocupar Lula,Metrópoles,2 dias atrás,https://news.google.com/articles/CBMiVWh0dHBzOi8vd3d3Lm1ldHJvcG9sZXMuY29tL2Jsb2ctZG8tbm9ibGF0L2NodXZhcy1uby1tYXJhbmhhby1jb21lY2FtLWEtcHJlb2N1cGFyLWx1bGHSAQA?hl=pt-BR&gl=BR&ceid=BR%3Apt-419
PMDF arrecada 100 toneladas de doações para vítimas das chuvas no RS,Metrópoles,Ontem,https://news.google.com/articles/CBMicGh0dHBzOi8vd3d3Lm1ldHJvcG9sZXMuY29tL2Rpc3RyaXRvLWZlZGVyYWwvcG1kZi1hcnJlY2FkYS0xMDAtdG9uZWxhZGFzLWRlLWRvYWNvZXMtcGFyYS12aXRpbWFzLWRhcy1jaHV2YXMtbm8tcnPSAQA?hl=pt-BR&gl=BR&ceid=BR%3Apt-419
Governo prepara auxílio direto às famílias afetadas pelas chuvas no RS,Metrópoles,1 hora atrás,https://news.google.com/articles/CBMiaGh0dHBzOi8vd3d3Lm1ldHJvcG9sZXMuY29tL2JyYXNpbC9nb3Zlcm5vLXByZXBhcmEtYXV4aWxpby1kaXJldG8tYXMtZmFtaWxpYXMtYWZldGFkYXMtcGVsYXMtY2h1dmFzLW5vLXJz0gEA?hl=pt-BR&gl=BR&ceid=BR%3Apt-419
RS: município de Estrela sofre com cheia do Taquari após fortes chuvas,Metrópoles,4 horas atrás,https://news.google.com/articles/CBMiZ2h0dHBzOi8vd3d3Lm1ldHJvcG9sZXMuY29tL2JyYXNpbC9ycy1tdW5pY2lwaW8tZGUtZXN0cmVsYS1zb2ZyZS1jb20tY2hlaWEtZG8tdGFxdWFyaS1hcG9zLWZvcnRlcy1jaHV2YXPSAQA?hl=pt-BR&gl=BR&ceid=BR%3Apt-419
Chuvas em SC: 4 cidades têm aulas canceladas por conta das chuvas,Metrópoles,4 horas atrás,https://news.google.com/articles/CBMiYmh0dHBzOi8vd3d3Lm1ldHJvcG9sZXMuY29tL2JyYXNpbC9jaHV2YXMtZW0tc2MtNC1jaWRhZGVzLXRlbS1hdWxhcy1jYW5jZWxhZGFzLXBvci1jb250YS1kYXMtY2h1dmFz0gEA?hl=pt-BR&gl=BR&ceid=BR%3Apt-419
"Na chuva, moradores voltam para casa no RS e lutam para salvar bens",Metrópoles,Ontem,https://news.google.com/articles/CBMiSGh0dHBzOi8vd3d3Lm1ldHJvcG9sZXMuY29tL2JyYXNpbC9jaHV2YS1tb3JhZG9yZXMtdm9sdGFtLXBhcmEtY2FzYS1uby1yc9IBAA?hl=pt-BR&gl=BR&ceid=BR%3Apt-419
Defesa Civil do RS alerta para elevação do nível dos rios do estado,Metrópoles,Ontem,https://news.google.com/articles/CBMiZWh0dHBzOi8vd3d3Lm1ldHJvcG9sZXMuY29tL2JyYXNpbC9kZWZlc2EtY2l2aWwtZG8tcnMtYWxlcnRhLXBhcmEtZWxldmFjYW8tZG8tbml2ZWwtZG9zLXJpb3MtZG8tZXN0YWRv0gEA?hl=pt-BR&gl=BR&ceid=BR%3Apt-419
RS: chuvas afetam comunidades indígenas e ameaçam segurança alimentar,Metrópoles,11 horas atrás,https://news.google.com/articles/CBMiZmh0dHBzOi8vd3d3Lm1ldHJvcG9sZXMuY29tL2JyYXNpbC9ycy1jaHV2YXMtYWZldGFtLWNvbXVuaWRhZGVzLWluZGlnZW5hcy1lLWFtZWFjYW0tc2VndXJhbmNhLWFsaW1lbnRhctIBAA?hl=pt-BR&gl=BR&ceid=BR%3Apt-419
"Confederação de Municípios diz que prejuízos no RS somam R$ 8,4 bi",Metrópoles,20 horas atrás,https://news.google.com/articles/CBMiYmh0dHBzOi8vd3d3Lm1ldHJvcG9sZXMuY29tL2JyYXNpbC9jb25mZWRlcmFjYW8tZGUtbXVuaWNpcGlvcy1kaXotcXVlLXByZWp1aXpvcy1uby1ycy1zb21hbS1yLTg0LWJp0gEA?hl=pt-BR&gl=BR&ceid=BR%3Apt-419
"Chuvas danificaram, pelo menos, 290 unidades públicas de saúde no RS",Metrópoles,Ontem,https://news.google.com/articles/CBMiRWh0dHBzOi8vd3d3Lm1ldHJvcG9sZXMuY29tL2JyYXNpbC9jaHV2YXMtZGFuaWZpY2FyYW0tMjkwLWhvc3BpdGFpcy1yc9IBAA?hl=pt-BR&gl=BR&ceid=BR%3Apt-419
Rio Grande do Sul tem alerta para novas inundações neste Dia das Mães,Metrópoles,2 dias atrás,https://news.google.com/articles/CBMiYmh0dHBzOi8vd3d3Lm1ldHJvcG9sZXMuY29tL2JyYXNpbC9kb21pbmdvLXBvZGUtdGVyLWRlc2xpemFtZW50b3MtZS1pbnVuZGFjb2VzLW5vLXJpby1ncmFuZGUtZG8tc3Vs0gEA?hl=pt-BR&gl=BR&ceid=BR%3Apt-419
Vídeo: água invade e inunda casa em questão de segundos no RS,Metrópoles,6 dias atrás,https://news.google.com/articles/CBMiXmh0dHBzOi8vd3d3Lm1ldHJvcG9sZXMuY29tL2JyYXNpbC92aWRlby1hZ3VhLWludmFkZS1lLWludW5kYS1jYXNhLWVtLXF1ZXN0YW8tZGUtc2VndW5kb3Mtbm8tcnPSAQA?hl=pt-BR&gl=BR&ceid=BR%3Apt-419
Número de atingidos pelas enchentes no RS chega a 2 milhões de pessoas,Metrópoles,2 dias atrás,https://news.google.com/articles/CBMiSGh0dHBzOi8vd3d3Lm1ldHJvcG9sZXMuY29tL2JyYXNpbC9lbmNoZW50ZXMtcnMtbW9ydG9zLWRlc2FwYXJlY2lkb3MtMTEtNdIBAA?hl=pt-BR&gl=BR&ceid=BR%3Apt-419
"Depois da chuva, geada e frio são esperados no Rio Grande do Sul",Metrópoles,2 dias atrás,https://news.google.com/articles/CBMiYWh0dHBzOi8vd3d3Lm1ldHJvcG9sZXMuY29tL2JyYXNpbC9kZXBvaXMtZGEtY2h1dmEtZ2VhZGEtZS1mcmlvLXNhby1lc3BlcmFkb3Mtbm8tcmlvLWdyYW5kZS1kby1zdWzSAQA?hl=pt-BR&gl=BR&ceid=BR%3Apt-419
Veja como as mudanças climáticas afetaram o DF nos últimos 60 anos,Metrópoles,2 dias atrás,https://news.google.com/articles/CBMibmh0dHBzOi8vd3d3Lm1ldHJvcG9sZXMuY29tL2Rpc3RyaXRvLWZlZGVyYWwvdmVqYS1jb21vLWFzLW11ZGFuY2FzLWNsaW1hdGljYXMtYWZldGFyYW0tby1kZi1ub3MtdWx0aW1vcy02MC1hbm9z0gEA?hl=pt-BR&gl=BR&ceid=BR%3Apt-419
Tragédia é a maior do país em número de atingidos nos últimos 10 anos,Metrópoles,Ontem,https://news.google.com/articles/CBMiZ2h0dHBzOi8vd3d3Lm1ldHJvcG9sZXMuY29tL2JyYXNpbC90cmFnZWRpYS1lLWEtbWFpb3ItZG8tcGFpcy1lbS1udW1lcm8tZGUtYXRpbmdpZG9zLW5vcy11bHRpbW9zLTEwLWFub3PSAQA?hl=pt-BR&gl=BR&ceid=BR%3Apt-419
"Mortes por calamidade no RS chegam a 126, e há 141 desaparecidos",Metrópoles,3 dias atrás,https://news.google.com/articles/CBMiYWh0dHBzOi8vd3d3Lm1ldHJvcG9sZXMuY29tL2JyYXNpbC9tb3J0ZXMtcG9yLWNhbGFtaWRhZGUtbm8tcnMtY2hlZ2FtLWEtMTI2LWUtaGEtMTQxLWRlc2FwYXJlY2lkb3PSAQA?hl=pt-BR&gl=BR&ceid=BR%3Apt-419
Chuvas no RS: Exército faz lançamento aéreo de mantimentos. Veja fotos,Metrópoles,3 dias atrás,https://news.google.com/articles/CBMiZmh0dHBzOi8vd3d3Lm1ldHJvcG9sZXMuY29tL2JyYXNpbC9jaHV2YXMtbm8tcnMtZXhlcmNpdG8tZmF6LWxhbmNhbWVudG8tYWVyZW8tZGUtbWFudGltZW50b3MtdmVqYS1mb3Rvc9IBAA?hl=pt-BR&gl=BR&ceid=BR%3Apt-419
RS volta a ter temporais nesta sexta e chuvas podem passar dos 100 mm,Metrópoles,3 dias atrás,https://news.google.com/articles/CBMiZ2h0dHBzOi8vd3d3Lm1ldHJvcG9sZXMuY29tL2JyYXNpbC9ycy12b2x0YS1hLXRlci10ZW1wb3JhaXMtbmVzdGEtc2V4dGEtZS1jaHV2YXMtcG9kZW0tcGFzc2FyLWRvcy0xMDAtbW3SAQA?hl=pt-BR&gl=BR&ceid=BR%3Apt-419
Chuvas no RS: conheça os melhores alimentos perecíveis para doar,Metrópoles,4 dias atrás,https://news.google.com/articles/CBMiaGh0dHBzOi8vd3d3Lm1ldHJvcG9sZXMuY29tL3ZpZGEtZS1lc3RpbG8vY2h1dmFzLW5vLXJzLWNvbmhlY2Etb3MtbWVsaG9yZXMtYWxpbWVudG9zLXBlcmVjaXZlaXMtcGFyYS1kb2Fy0gEA?hl=pt-BR&gl=BR&ceid=BR%3Apt-419
Chuvas no RS: 2 unidades frigoríficas não retomaram suas atividades,Metrópoles,3 dias atrás,https://news.google.com/articles/CBMiZGh0dHBzOi8vd3d3Lm1ldHJvcG9sZXMuY29tL2JyYXNpbC9jaHV2YXMtbm8tcnMtMi11bmlkYWRlcy1mcmlnb3JpZmljYXMtbmFvLXJldG9tYXJhbS1zdWFzLWF0aXZpZGFkZXPSAQA?hl=pt-BR&gl=BR&ceid=BR%3Apt-419
RS: Disque 100 registra 50 denúncias relacionadas às enchentes,Metrópoles,3 dias atrás,https://news.google.com/articles/CBMiX2h0dHBzOi8vd3d3Lm1ldHJvcG9sZXMuY29tL2JyYXNpbC9ycy1kaXNxdWUtMTAwLXJlZ2lzdHJhLTUwLWRlbnVuY2lhcy1yZWxhY2lvbmFkYXMtYXMtZW5jaGVudGVz0gEA?hl=pt-BR&gl=BR&ceid=BR%3Apt-419
Chuvas no RS: morre cavalo que ficou encurralado em casa em Canoas,Metrópoles,3 dias atrás,https://news.google.com/articles/CBMiY2h0dHBzOi8vd3d3Lm1ldHJvcG9sZXMuY29tL2JyYXNpbC9jaHV2YXMtbm8tcnMtbW9ycmUtY2F2YWxvLXF1ZS1maWNvdS1lbmN1cnJhbGFkby1lbS1jYXNhLWVtLWNhbm9hc9IBAA?hl=pt-BR&gl=BR&ceid=BR%3Apt-419
"Em meio a chuvas no RS, governo autoriza importação de arroz",Metrópoles,3 dias atrás,https://news.google.com/articles/CBMiXWh0dHBzOi8vd3d3Lm1ldHJvcG9sZXMuY29tL2JyYXNpbC9lbS1tZWlvLWEtY2h1dmFzLW5vLXJzLWdvdmVybm8tYXV0b3JpemEtaW1wb3J0YWNhby1kZS1hcnJvetIBAA?hl=pt-BR&gl=BR&ceid=BR%3Apt-419
"Chuvas extremas terão aumento de 60% em 30 anos no RS, aponta Inpe",Metrópoles,3 dias atrás,https://news.google.com/articles/CBMiYmh0dHBzOi8vd3d3Lm1ldHJvcG9sZXMuY29tL2JyYXNpbC9jaHV2YXMtZXh0cmVtYXMtdGVyYW8tYXVtZW50by1kZS02MC1lbS0zMC1hbm9zLW5vLXJzLWFwb250YS1pbnBl0gEA?hl=pt-BR&gl=BR&ceid=BR%3Apt-419
"Número de mortos no RS sobe para 116, com 143 desaparecidos",Metrópoles,3 dias atrás,https://news.google.com/articles/CBMiTGh0dHBzOi8vd3d3Lm1ldHJvcG9sZXMuY29tL2JyYXNpbC9udW1lcm8tbW9ydG9zLWRlc2FwYXJlY2lkb3MtcnMtY2h1dmFzLTEwLTXSAQA?hl=pt-BR&gl=BR&ceid=BR%3Apt-419
Pedro Scooby tenta convencer ilhados do RS a aceitarem resgate,Metrópoles,4 dias atrás,https://news.google.com/articles/CBMiZGh0dHBzOi8vd3d3Lm1ldHJvcG9sZXMuY29tL2NlbGVicmlkYWRlcy9wZWRyby1zY29vYnktdGVudGEtY29udmVuY2VyLWlsaGFkb3MtZG8tcnMtYS1hY2VpdGFyLXJlc2dhdGXSAQA?hl=pt-BR&gl=BR&ceid=BR%3Apt-419
Caixa disponibiliza Saque Calamidade para mais 12 municípios do RS,Metrópoles,22 horas atrás,https://news.google.com/articles/CBMiRmh0dHBzOi8vd3d3Lm1ldHJvcG9sZXMuY29tL2JyYXNpbC9jYWl4YS1zYXF1ZS1jYWxhbWlkYWRlLW11bmljaXBpb3MtcnPSAQA?hl=pt-BR&gl=BR&ceid=BR%3Apt-419
"Patrícia Poeta faz forte desabafo após deixar o RS: ""Meu coração fica""",Metrópoles,4 dias atrás,https://news.google.com/articles/CBMia2h0dHBzOi8vd3d3Lm1ldHJvcG9sZXMuY29tL2NlbGVicmlkYWRlcy9wYXRyaWNpYS1wb2V0YS1mYXotZm9ydGUtZGVzYWJhZG8tYXBvcy1kZWl4YXItby1ycy1tZXUtY29yYWNhby1maWNh0gEA?hl=pt-BR&gl=BR&ceid=BR%3Apt-419
"Profecia? Não, Ciência. A tragédia gaúcha estava escrita e acontece",Metrópoles,8 dias atrás,https://news.google.com/articles/CBMieWh0dHBzOi8vd3d3Lm1ldHJvcG9sZXMuY29tL2Jsb2ctZG8tbm9ibGF0L3JpY2FyZG8tbm9ibGF0L3Byb2ZlY2lhLW5hby1jaWVuY2lhLWEtdHJhZ2VkaWEtZ2F1Y2hhLWVzdGF2YS1lc2NyaXRhLWUtYWNvbnRlY2XSAQA?hl=pt-BR&gl=BR&ceid=BR%3Apt-419
"Alexandre Frota ajuda em resgates de jet ski: ""RS não está sozinho""",Metrópoles,4 dias atrás,https://news.google.com/articles/CBMiaGh0dHBzOi8vd3d3Lm1ldHJvcG9sZXMuY29tL2NlbGVicmlkYWRlcy9hbGV4YW5kcmUtZnJvdGEtYWp1ZGEtZW0tcmVzZ2F0ZXMtZGUtamV0LXNraS1ycy1uYW8tZXN0YS1zb3ppbmhv0gEA?hl=pt-BR&gl=BR&ceid=BR%3Apt-419
Eventos climáticos: Brasil pode ter que deslocar 3 milhões de pessoas,Metrópoles,3 dias atrás,https://news.google.com/articles/CBMiZmh0dHBzOi8vd3d3Lm1ldHJvcG9sZXMuY29tL2JyYXNpbC9ldmVudG9zLWNsaW1hdGljb3MtYnJhc2lsLXBvZGUtdGVyLXF1ZS1kZXNsb2Nhci0zLW1pbGhvZXMtZGUtcGVzc29hc9IBAA?hl=pt-BR&gl=BR&ceid=BR%3Apt-419
"Com trégua da chuva, infraestrutura tem pequena melhora no RS",Metrópoles,4 dias atrás,https://news.google.com/articles/CBMiXmh0dHBzOi8vd3d3Lm1ldHJvcG9sZXMuY29tL2JyYXNpbC9jb20tdHJlZ3VhLWRhLWNodXZhLWluZnJhZXN0cnV0dXJhLXRlbS1wZXF1ZW5hLW1lbGhvcmEtbm8tcnPSAQA?hl=pt-BR&gl=BR&ceid=BR%3Apt-419
Saiba como ajudar o Rio Grande do Sul,Metrópoles,4 dias atrás,https://news.google.com/articles/CBMiR2h0dHBzOi8vd3d3Lm1ldHJvcG9sZXMuY29tL2JyYXNpbC9zYWliYS1jb21vLWFqdWRhci1vLXJpby1ncmFuZGUtZG8tc3Vs0gEA?hl=pt-BR&gl=BR&ceid=BR%3Apt-419
Aeroportos do interior do RS terão voos extras após enchentes,Metrópoles,4 dias atrás,https://news.google.com/articles/CBMiX2h0dHBzOi8vd3d3Lm1ldHJvcG9sZXMuY29tL2JyYXNpbC9hZXJvcG9ydG9zLWRvLWludGVyaW9yLWRvLXJzLXRlcmFvLXZvb3MtZXh0cmFzLWFwb3MtZW5jaGVudGVz0gEA?hl=pt-BR&gl=BR&ceid=BR%3Apt-419
Veja a lista dos nomes de mortos e desaparecidos após chuvas no RS,Metrópoles,4 dias atrás,https://news.google.com/articles/CBMiZGh0dHBzOi8vd3d3Lm1ldHJvcG9sZXMuY29tL2JyYXNpbC92ZWphLWEtbGlzdGEtZG9zLW5vbWVzLWRlLW1vcnRvcy1lLWRlc2FwYXJlY2lkb3MtYXBvcy1jaHV2YXMtbm8tcnPSAQA?hl=pt-BR&gl=BR&ceid=BR%3Apt-419
Chuvas atingem Uruguai e mais de 1.300 pessoas deixam casas,Metrópoles,5 dias atrás,https://news.google.com/articles/CBMiXGh0dHBzOi8vd3d3Lm1ldHJvcG9sZXMuY29tL211bmRvL2NodXZhcy1hdGluZ2VtLXVydWd1YWktZS1tYWlzLWRlLTEtMzAwLXBlc3NvYXMtZGVpeGFtLWNhc2Fz0gEA?hl=pt-BR&gl=BR&ceid=BR%3Apt-419
Governo fará mutirão para recuperar documentos de afetados por chuvas,Metrópoles,4 dias atrás,https://news.google.com/articles/CBMiZ2h0dHBzOi8vd3d3Lm1ldHJvcG9sZXMuY29tL2JyYXNpbC9nb3Zlcm5vLWZhcmEtbXV0aXJhby1wYXJhLXJlY3VwZXJhci1kb2N1bWVudG9zLWRlLWFmZXRhZG9zLXBvci1jaHV2YXPSAQA?hl=pt-BR&gl=BR&ceid=BR%3Apt-419
Chuvas no RS: Guaíba atinge menor nível desde o último sábado,Metrópoles,4 dias atrás,https://news.google.com/articles/CBMiXmh0dHBzOi8vd3d3Lm1ldHJvcG9sZXMuY29tL2JyYXNpbC9jaHV2YXMtbm8tcnMtZ3VhaWJhLWF0aW5nZS1tZW5vci1uaXZlbC1kZXNkZS1vLXVsdGltby1zYWJhZG_SAQA?hl=pt-BR&gl=BR&ceid=BR%3Apt-419
Chuvas no RS: número de municípios atingidos sobe para 428,Metrópoles,4 dias atrás,https://news.google.com/articles/CBMiW2h0dHBzOi8vd3d3Lm1ldHJvcG9sZXMuY29tL2JyYXNpbC9jaHV2YXMtbm8tcnMtbnVtZXJvLWRlLW11bmljaXBpb3MtYXRpbmdpZG9zLXNvYmUtcGFyYS00MjjSAQA?hl=pt-BR&gl=BR&ceid=BR%3Apt-419
Vídeo: Dona Déa deixa escapar valor doado por Luciano Huck ao RS,Metrópoles,1 hora atrás,https://news.google.com/articles/CBMicWh0dHBzOi8vd3d3Lm1ldHJvcG9sZXMuY29tL2NvbHVuYXMvZmFiaWEtb2xpdmVpcmEvdmlkZW8tZG9uYS1kZWEtZGVpeGEtZXNjYXBhci12YWxvci1kb2Fkby1wb3ItbHVjaWFuby1odWNrLWFvLXJz0gEA?hl=pt-BR&gl=BR&ceid=BR%3Apt-419
Chuvas no RS: governo anuncia linha de crédito para moradores nesta 5ª,Metrópoles,4 dias atrás,https://news.google.com/articles/CBMiZ2h0dHBzOi8vd3d3Lm1ldHJvcG9sZXMuY29tL2JyYXNpbC9jaHV2YXMtbm8tcnMtZ292ZXJuby1hbnVuY2lhLWxpbmhhLWRlLWNyZWRpdG8tcGFyYS1tb3JhZG9yZXMtbmVzdGEtNWHSAQA?hl=pt-BR&gl=BR&ceid=BR%3Apt-419
Imagens mostram o antes e depois das cidades após enchentes no RS,Metrópoles,4 dias atrás,https://news.google.com/articles/CBMiY2h0dHBzOi8vd3d3Lm1ldHJvcG9sZXMuY29tL2JyYXNpbC9pbWFnZW5zLW1vc3RyYW0tby1hbnRlcy1lLWRlcG9pcy1kYXMtY2lkYWRlcy1hcG9zLWVuY2hlbnRlcy1uby1yc9IBAA?hl=pt-BR&gl=BR&ceid=BR%3Apt-419
Mané Garrincha ganha cores do RS em solidariedade às vítimas da chuva,Metrópoles,5 dias atrás,https://news.google.com/articles/CBMicWh0dHBzOi8vd3d3Lm1ldHJvcG9sZXMuY29tL2Rpc3RyaXRvLWZlZGVyYWwvbWFuZS1nYXJyaW5jaGEtZ2FuaGEtY29yZXMtZG8tcnMtZW0tc29saWRhcmllZGFkZS1hcy12aXRpbWFzLWRhLWNodXZh0gEA?hl=pt-BR&gl=BR&ceid=BR%3Apt-419
"Chuvas no RS: número de mortos chega a 107, com 425 cidades afetadas",Metrópoles,4 dias atrás,https://news.google.com/articles/CBMiZWh0dHBzOi8vd3d3Lm1ldHJvcG9sZXMuY29tL2JyYXNpbC9ycy1udW1lcm8tZGUtbW9ydG9zLXNvYmUtcGFyYS0xMDctY29tLTQyNS1tdW5pY2lwaW9zLWVzdGFvLWFmZXRhZG9z0gEA?hl=pt-BR&gl=BR&ceid=BR%3Apt-419
"Depois de baixar, nível do Guaíba sobe com chuva no RS",Metrópoles,4 dias atrás,https://news.google.com/articles/CBMiV2h0dHBzOi8vd3d3Lm1ldHJvcG9sZXMuY29tL2JyYXNpbC9kZXBvaXMtZGUtYmFpeGFyLW5pdmVsLWRvLWd1YWliYS1zb2JlLWNvbS1jaHV2YS1uby1yc9IBAA?hl=pt-BR&gl=BR&ceid=BR%3Apt-419
Pesquisa Quaest: 64% associam chuvas no RS a mudanças climáticas,Metrópoles,4 dias atrás,https://news.google.com/articles/CBMiYGh0dHBzOi8vd3d3Lm1ldHJvcG9sZXMuY29tL2JyYXNpbC9wZXNxdWlzYS1xdWFlc3QtNjQtYXNzb2NpYW0tY2h1dmFzLW5vLXJzLWEtbXVkYW5jYXMtY2xpbWF0aWNhc9IBAA?hl=pt-BR&gl=BR&ceid=BR%3Apt-419
Casamento é cancelado após padrinho ser levado pelas águas no RS,Metrópoles,4 dias atrás,https://news.google.com/articles/CBMiYWh0dHBzOi8vd3d3Lm1ldHJvcG9sZXMuY29tL2JyYXNpbC9jYXNhbWVudG8tZS1jYW5jZWxhZG8tYXBvcy1wYWRyaW5oby1zZXItbGV2YWRvLXBlbGEtYWd1YXMtbm8tcnPSAQA?hl=pt-BR&gl=BR&ceid=BR%3Apt-419
Clima: estudo da ONU diz que Brasil teve 12 eventos extremos em 2023,Metrópoles,4 dias atrás,https://news.google.com/articles/CBMiZWh0dHBzOi8vd3d3Lm1ldHJvcG9sZXMuY29tL2JyYXNpbC9jbGltYS1lc3R1ZG8tZGEtb251LWRpei1xdWUtYnJhc2lsLXRldmUtMTItZXZlbnRvcy1leHRyZW1vcy1lbS0yMDIz0gEA?hl=pt-BR&gl=BR&ceid=BR%3Apt-419
"Chuvas no RS: com doações, motoristas fazem fila na Base Aérea do DF",Metrópoles,5 dias atrás,https://news.google.com/articles/CBMibmh0dHBzOi8vd3d3Lm1ldHJvcG9sZXMuY29tL2Rpc3RyaXRvLWZlZGVyYWwvY2h1dmFzLW5vLXJzLWNvbS1kb2Fjb2VzLW1vdG9yaXN0YXMtZmF6ZW0tZmlsYS1uYS1iYXNlLWFlcmVhLWRvLWRm0gEA?hl=pt-BR&gl=BR&ceid=BR%3Apt-419
O papel dos influenciadores em meio às fake news na tragédia do RS,Metrópoles,4 dias atrás,https://news.google.com/articles/CBMib2h0dHBzOi8vd3d3Lm1ldHJvcG9sZXMuY29tL2NvbHVuYXMvbmFzLXJlZGVzL28tcGFwZWwtZG9zLWluZmx1ZW5jaWFkb3Jlcy1lbS1tZWlvLWFzLWZha2UtbmV3cy1uYS10cmFnZWRpYS1kby1yc9IBAA?hl=pt-BR&gl=BR&ceid=BR%3Apt-419
"Veja 12 medidas anunciadas pelo governo para o RS: total de R$ 50,9 bi",Metrópoles,4 dias atrás,https://news.google.com/articles/CBMiZWh0dHBzOi8vd3d3Lm1ldHJvcG9sZXMuY29tL2JyYXNpbC92ZWphLTEyLW1lZGlkYXMtYW51bmNpYWRhcy1wZWxvLWdvdmVybm8tcGFyYS1vLXJzLXRvdGFsLWRlLXItNTA5LWJp0gEA?hl=pt-BR&gl=BR&ceid=BR%3Apt-419
Estudantes catarinenses de medicina ajudam vítimas das chuvas no RS,Metrópoles,5 dias atrás,https://news.google.com/articles/CBMiZWh0dHBzOi8vd3d3Lm1ldHJvcG9sZXMuY29tL2JyYXNpbC9lc3R1ZGFudGVzLWNhdGFyaW5lbnNlcy1kZS1tZWRpY2luYS1hanVkYW0tdml0aW1hcy1kYXMtY2h1dmFzLW5vLXJz0gEA?hl=pt-BR&gl=BR&ceid=BR%3Apt-419
"Após chuva dar trégua, resgates em Porto Alegre são retomados",Metrópoles,5 dias atrás,https://news.google.com/articles/CBMiSGh0dHBzOi8vd3d3Lm1ldHJvcG9sZXMuY29tL2JyYXNpbC9yZXNnYXRlcy1lbS1wb3J0by1hbGVncmUtc2FvLXJldG9tYWRvc9IBAA?hl=pt-BR&gl=BR&ceid=BR%3Apt-419
Saiba quando vai parar de chover no Rio Grande do Sul,Metrópoles,5 dias atrás,https://news.google.com/articles/CBMiV2h0dHBzOi8vd3d3Lm1ldHJvcG9sZXMuY29tL2JyYXNpbC9zYWliYS1xdWFuZG8tdmFpLXBhcmFyLWRlLWNob3Zlci1uby1yaW8tZ3JhbmRlLWRvLXN1bNIBAA?hl=pt-BR&gl=BR&ceid=BR%3Apt-419
Biden lamenta tragédia no Rio Grande do Sul e oferece ajuda ao Brasil,Metrópoles,20 horas atrás,https://news.google.com/articles/CBMiZmh0dHBzOi8vd3d3Lm1ldHJvcG9sZXMuY29tL211bmRvL2JpZGVuLWxhbWVudGEtdHJhZ2VkaWEtbm8tcmlvLWdyYW5kZS1kby1zdWwtZS1vZmVyZWNlLWFqdWRhLWFvLWJyYXNpbNIBAA?hl=pt-BR&gl=BR&ceid=BR%3Apt-419
Crimes cometidos durante desastres naturais poderão ser “hediondos”,Metrópoles,4 dias atrás,https://news.google.com/articles/CBMiTGh0dHBzOi8vd3d3Lm1ldHJvcG9sZXMuY29tL2NvbHVuYXMvcGF1bG8tY2FwcGVsbGkvY3JpbWVzLWRlc2FzdHJlcy1oZWRpb25kb3PSAQA?hl=pt-BR&gl=BR&ceid=BR%3Apt-419
Resgates em Porto Alegre são suspensos após chuva recomeçar,Metrópoles,5 dias atrás,https://news.google.com/articles/CBMiXWh0dHBzOi8vd3d3Lm1ldHJvcG9sZXMuY29tL2JyYXNpbC9yZXNnYXRlcy1lbS1wb3J0by1hbGVncmUtc2FvLXN1c3BlbnNvcy1hcG9zLWNodXZhLXJlY29tZWNhctIBAA?hl=pt-BR&gl=BR&ceid=BR%3Apt-419
Chuvas no RS: ratos e baratas infestam ruas de Porto Alegre,Metrópoles,5 dias atrás,https://news.google.com/articles/CBMiXGh0dHBzOi8vd3d3Lm1ldHJvcG9sZXMuY29tL2JyYXNpbC9jaHV2YXMtbm8tcnMtcmF0b3MtZS1iYXJhdGFzLWluZmVzdGFtLXJ1YXMtZGUtcG9ydG8tYWxlZ3Jl0gEA?hl=pt-BR&gl=BR&ceid=BR%3Apt-419
PMDF manda 25 policiais para missão tática de combate ao crime no RS,Metrópoles,19 horas atrás,https://news.google.com/articles/CBMidmh0dHBzOi8vd3d3Lm1ldHJvcG9sZXMuY29tL2NvbHVuYXMvZ3JhbmRlLWFuZ3VsYXIvcG1kZi1tYW5kYS0yNS1wb2xpY2lhaXMtcGFyYS1taXNzYW8tdGF0aWNhLWRlLWNvbWJhdGUtYW8tY3JpbWUtbm8tcnPSAQA?hl=pt-BR&gl=BR&ceid=BR%3Apt-419
Chuvas no RS: veja como ajudar ONGs que atuam no resgate de animais,Metrópoles,6 dias atrás,https://news.google.com/articles/CBMib2h0dHBzOi8vd3d3Lm1ldHJvcG9sZXMuY29tL2NvbHVuYXMvZS1vLWJpY2hvL2NodXZhcy1uby1ycy12ZWphLWNvbW8tYWp1ZGFyLW9uZ3MtcXVlLWF0dWFtLW5vLXJlc2dhdGUtZGUtYW5pbWFpc9IBAA?hl=pt-BR&gl=BR&ceid=BR%3Apt-419
"Chuvas no RS: tragédia chega a 414 municípios atingidos, com 95 mortos",Metrópoles,5 dias atrás,https://news.google.com/articles/CBMiZmh0dHBzOi8vd3d3Lm1ldHJvcG9sZXMuY29tL2JyYXNpbC9jaHV2YXMtbm8tcnMtdHJhZ2VkaWEtY2hlZ2EtYS00MTQtbXVuaWNpcGlvcy1hdGluZ2lkb3MtbW9ydG9zLXNhby05NdIBAA?hl=pt-BR&gl=BR&ceid=BR%3Apt-419
"Flamengo, São Paulo, Palmeiras e Athletico oferecem CTs a times do RS",Metrópoles,6 dias atrás,https://news.google.com/articles/CBMiQWh0dHBzOi8vd3d3Lm1ldHJvcG9sZXMuY29tL2VzcG9ydGVzL2NsdWJlcy1vZmVyZWNlbS1jdHMtYS1nYXVjaG9z0gEA?hl=pt-BR&gl=BR&ceid=BR%3Apt-419
Chuvas no RS: nível do Guaíba baixa 16 cm em um dia,Metrópoles,5 dias atrás,https://news.google.com/articles/CBMiVGh0dHBzOi8vd3d3Lm1ldHJvcG9sZXMuY29tL2JyYXNpbC9jaHV2YXMtbm8tcnMtbml2ZWwtZG8tZ3VhaWJhLWJhaXhhLTE1LWNtLWVtLXVtLWRpYdIBAA?hl=pt-BR&gl=BR&ceid=BR%3Apt-419
"Neymar envia ajuda às vítimas das chuvas no RS: ""Nunca é demais""",Metrópoles,6 dias atrás,https://news.google.com/articles/CBMib2h0dHBzOi8vd3d3Lm1ldHJvcG9sZXMuY29tL2NvbHVuYXMvZmFiaWEtb2xpdmVpcmEvbmV5bWFyLWVudmlhLWFqdWRhLWFzLXZpdGltYXMtZGFzLWNodXZhcy1uby1ycy1udW5jYS1lLWRlbWFpc9IBAA?hl=pt-BR&gl=BR&ceid=BR%3Apt-419
Chuvas no RS: tempo fica instável e frio até o fim de semana,Metrópoles,5 dias atrás,https://news.google.com/articles/CBMiTWh0dHBzOi8vd3d3Lm1ldHJvcG9sZXMuY29tL2JyYXNpbC9jaHV2YXMtcnMtdGVtcG8taW5zdGF2ZWwtZnJpby1maW0tZGUtc2VtYW5h0gEA?hl=pt-BR&gl=BR&ceid=BR%3Apt-419
"Em meio a chuvas no RS, filho de Lula dispara contra Eduardo Leite",Metrópoles,6 dias atrás,https://news.google.com/articles/CBMicWh0dHBzOi8vd3d3Lm1ldHJvcG9sZXMuY29tL2NvbHVuYXMvaWdvci1nYWRlbGhhL2VtLW1laW8tYS1jaHV2YXMtbm8tcnMtZmlsaG8tZGUtbHVsYS1kaXNwYXJhLWNvbnRyYS1lZHVhcmRvLWxlaXRl0gEA?hl=pt-BR&gl=BR&ceid=BR%3Apt-419
Governo prepara evacuação de indígenas afetados pelas chuvas no RS,Metrópoles,6 dias atrás,https://news.google.com/articles/CBMidWh0dHBzOi8vd3d3Lm1ldHJvcG9sZXMuY29tL2NvbHVuYXMvZ3VpbGhlcm1lLWFtYWRvL2dvdmVybm8tcHJlcGFyYS1ldmFjdWFjYW8tZGUtaW5kaWdlbmFzLWFmZXRhZG9zLXBlbGFzLWNodXZhcy1uby1yc9IBAA?hl=pt-BR&gl=BR&ceid=BR%3Apt-419
Congresso propõe alterar Orçamento para direcionar recursos para o RS,Metrópoles,5 dias atrás,https://news.google.com/articles/CBMiYGh0dHBzOi8vd3d3Lm1ldHJvcG9sZXMuY29tL2JyYXNpbC9jbW8tYWx0ZXJhLWxlaS1vcmNhbWVudGFyaWEtcGFyYS1kaXJlY2lvbmFyLXJlY3Vyc29zLXBhcmEtby1yc9IBAA?hl=pt-BR&gl=BR&ceid=BR%3Apt-419
Flamengo troca patrocínio por pix de doação à vítimas no RS,Metrópoles,7 dias atrás,https://news.google.com/articles/CBMiRmh0dHBzOi8vd3d3Lm1ldHJvcG9sZXMuY29tL2VzcG9ydGVzL2ZsYW1lbmdvLXBhdHJvY2luaW8tcGl4LXZpdGltYXMtcnPSAQA?hl=pt-BR&gl=BR&ceid=BR%3Apt-419
"Chuvas no RS: com 1,5 milhão de atingidos, tragédia soma 95 mortos",Metrópoles,6 dias atrás,https://news.google.com/articles/CBMiYWh0dHBzOi8vd3d3Lm1ldHJvcG9sZXMuY29tL2JyYXNpbC9jaHV2YXMtbm8tcnMtY29tLTE1LW1pbGhhby1kZS1hdGluZ2lkb3MtdHJhZ2VkaWEtc29tYS05NS1tb3J0b3PSAQA?hl=pt-BR&gl=BR&ceid=BR%3Apt-419
Chuvas no RS afetam estádios de Grêmio e Internacional,Metrópoles,7 dias atrás,https://news.google.com/articles/CBMiQmh0dHBzOi8vd3d3Lm1ldHJvcG9sZXMuY29tL2VzcG9ydGVzL2NodXZhcy1ycy1ncmVtaW8taW50ZXJuYWNpb25hbNIBAA?hl=pt-BR&gl=BR&ceid=BR%3Apt-419
"Jogador resgata o pai e lamenta situação pelas chuvas: ""Perdemos tudo""",Metrópoles,7 dias atrás,https://news.google.com/articles/CBMiZ2h0dHBzOi8vd3d3Lm1ldHJvcG9sZXMuY29tL2VzcG9ydGVzL2pvZ2Fkb3ItcmVzZ2F0YS1vLXBhaS1lLWxhbWVudGEtc2l0dWFjYW8tcGVsYXMtY2h1dmFzLXBlcmRlbW9zLXR1ZG_SAQA?hl=pt-BR&gl=BR&ceid=BR%3Apt-419
RS: CBF cria canal de doação para vítimas das chuvas; veja como ajudar,Metrópoles,7 dias atrás,https://news.google.com/articles/CBMiRWh0dHBzOi8vd3d3Lm1ldHJvcG9sZXMuY29tL2VzcG9ydGVzL2NiZi1zaXRlLWRvYWNhby1yaW8tZ3JhbmRlLWRvLXN1bNIBAA?hl=pt-BR&gl=BR&ceid=BR%3Apt-419
Ciclone extratropical pode estender período de chuvas no RS,Metrópoles,6 dias atrás,https://news.google.com/articles/CBMiQWh0dHBzOi8vd3d3Lm1ldHJvcG9sZXMuY29tL2JyYXNpbC9jaWNsb25lLWV4dHJhdHJvcGljYWwtY2h1dmFzLXJz0gEA?hl=pt-BR&gl=BR&ceid=BR%3Apt-419
Chuvas no RS: saiba como identificar fake news e não cair em golpes,Metrópoles,6 dias atrás,https://news.google.com/articles/CBMiSGh0dHBzOi8vd3d3Lm1ldHJvcG9sZXMuY29tL2JyYXNpbC9jaHV2YXMtcnMtaWRlbnRpZmlxdWUtZmFrZS1uZXdzLWdvbHBlc9IBAA?hl=pt-BR&gl=BR&ceid=BR%3Apt-419
Saiba onde e o que doar em Goiás para as vítimas das chuvas no RS,Metrópoles,6 dias atrás,https://news.google.com/articles/CBMiY2h0dHBzOi8vd3d3Lm1ldHJvcG9sZXMuY29tL2JyYXNpbC9zYWliYS1vbmRlLWUtby1xdWUtZG9hci1lbS1nb2lhcy1wYXJhLWFzLXZpdGltYXMtZGFzLWNodXZhcy1uby1yc9IBAA?hl=pt-BR&gl=BR&ceid=BR%3Apt-419
"Chuvas no RS: número de mortos sobe para 90, com 131 desaparecidos",Metrópoles,6 dias atrás,https://news.google.com/articles/CBMiRGh0dHBzOi8vd3d3Lm1ldHJvcG9sZXMuY29tL2JyYXNpbC9jaHV2YXMtcnMtbW9ydG9zLWRlc2FwYXJlY2lkb3MtNy010gEA?hl=pt-BR&gl=BR&ceid=BR%3Apt-419
Chuvas no RS fazem agro na região ter prejuízo acima de R$ 423 milhões,Metrópoles,6 dias atrás,https://news.google.com/articles/CBMiR2h0dHBzOi8vd3d3Lm1ldHJvcG9sZXMuY29tL2JyYXNpbC9jaHV2YXMtcnMtYWdyby1wcmVqdWl6by1yLTQyMy1taWxob2Vz0gEA?hl=pt-BR&gl=BR&ceid=BR%3Apt-419
Base Aérea de Canoas recebe primeiras doações em aeronaves comerciais,Metrópoles,5 dias atrás,https://news.google.com/articles/CBMiZ2h0dHBzOi8vd3d3Lm1ldHJvcG9sZXMuY29tL2JyYXNpbC9iYXNlLWFlcmVhLWRlLWNhbm9hcy1yZWNlYmUtcHJpbWVpcmFzLWRvYWNvZXMtZW0tYWVyb25hdmVzLWNvbWVyY2lhaXPSAQA?hl=pt-BR&gl=BR&ceid=BR%3Apt-419
Cavalo submerso é resgatado de enchente no RS. Veja vídeo,Metrópoles,4 dias atrás,https://news.google.com/articles/CBMiRGh0dHBzOi8vd3d3Lm1ldHJvcG9sZXMuY29tL2JyYXNpbC9jYXZhbG8tcmVzZ2F0YWRvLWVuY2hlbnRlLXJzLXZpZGVv0gEA?hl=pt-BR&gl=BR&ceid=BR%3Apt-419
"Lula presta solidariedade às mães do RS: ""Vocês não estão sozinhas""",Metrópoles,Ontem,https://news.google.com/articles/CBMiYmh0dHBzOi8vd3d3Lm1ldHJvcG9sZXMuY29tL2JyYXNpbC9sdWxhLXByZXN0YS1zb2xpZGFyaWVkYWRlLWFzLW1hZXMtZG8tcnMtdm9jZXMtbmFvLWVzdGFvLXNvemluaGFz0gEA?hl=pt-BR&gl=BR&ceid=BR%3Apt-419
Congresso aprova projetos que aceleram repasse de recursos para o RS,Metrópoles,4 dias atrás,https://news.google.com/articles/CBMiZmh0dHBzOi8vd3d3Lm1ldHJvcG9sZXMuY29tL2JyYXNpbC9jb25ncmVzc28tYXByb3ZhLXByb2pldG9zLXF1ZS1hY2VsZXJhbS1yZXBhc3NlLWRlLXJlY3Vyc29zLXBhcmEtby1yc9IBAA?hl=pt-BR&gl=BR&ceid=BR%3Apt-419
Caos avança no RS com falta de luz e racionamento de água,Metrópoles,6 dias atrás,https://news.google.com/articles/CBMiW2h0dHBzOi8vd3d3Lm1ldHJvcG9sZXMuY29tL2JyYXNpbC9jYW9zLWF2YW5jYS1uby1ycy1jb20tZmFsdGEtZGUtbHV6LWUtcmFjaW9uYW1lbnRvLWRlLWFndWHSAQA?hl=pt-BR&gl=BR&ceid=BR%3Apt-419
RS: moradores de 17 áreas de Pelotas devem deixar suas casas,Metrópoles,6 dias atrás,https://news.google.com/articles/CBMiXWh0dHBzOi8vd3d3Lm1ldHJvcG9sZXMuY29tL2JyYXNpbC9ycy1tb3JhZG9yZXMtZGUtMTctYXJlYXMtZGUtcGVsb3Rhcy1kZXZlbS1kZWl4YXItc3Vhcy1jYXNhc9IBAA?hl=pt-BR&gl=BR&ceid=BR%3Apt-419
Governo Lula decide suspender pagamento da dívida do RS com a União,Metrópoles,6 dias atrás,https://news.google.com/articles/CBMiUGh0dHBzOi8vd3d3Lm1ldHJvcG9sZXMuY29tL2NvbHVuYXMvaWdvci1nYWRlbGhhL2dvdmVybm8tc3VzcGVuZGUtZGl2aWRhLXJzLXVuaWFv0gEA?hl=pt-BR&gl=BR&ceid=BR%3Apt-419
Concurso do Inmetro: provas são adiadas devido às chuvas no RS,Metrópoles,7 dias atrás,https://news.google.com/articles/CBMiX2h0dHBzOi8vd3d3Lm1ldHJvcG9sZXMuY29tL2JyYXNpbC9jb25jdXJzby1kby1pbm1ldHJvLXByb3Zhcy1zYW8tYWRpYWRhcy1kZXZpZG8tYXMtY2h1dmFzLW5vLXJz0gEA?hl=pt-BR&gl=BR&ceid=BR%3Apt-419
Chuvas no RS: Senado faz campanha e arrecada 5 mil cobertores,Metrópoles,7 dias atrás,https://news.google.com/articles/CBMiZ2h0dHBzOi8vd3d3Lm1ldHJvcG9sZXMuY29tL2JyYXNpbC9zZW5hZG8tYXJyZWNhZGEtNS1taWwtY29iZXJ0b3Jlcy1lbS1jYW1wYW5oYS1wYXJhLW8tcmlvLWdyYW5kZS1kby1zdWzSAQA?hl=pt-BR&gl=BR&ceid=BR%3Apt-419
Chuvas: aeroporto de Porto Alegre é fechado por tempo indeterminado,Metrópoles,7 dias atrás,https://news.google.com/articles/CBMiZmh0dHBzOi8vd3d3Lm1ldHJvcG9sZXMuY29tL2JyYXNpbC9jaHV2YXMtYWVyb3BvcnRvLWRlLXBvcnRvLWFsZWdyZS1lLWZlY2hhZG8tcG9yLXRlbXBvLWluZGV0ZXJtaW5hZG8tMtIBAA?hl=pt-BR&gl=BR&ceid=BR%3Apt-419
Rio Grande do Sul cria mapa interativo de bloqueios em rodovias,Metrópoles,7 dias atrás,https://news.google.com/articles/CBMiYWh0dHBzOi8vd3d3Lm1ldHJvcG9sZXMuY29tL2JyYXNpbC9yaW8tZ3JhbmRlLWRvLXN1bC1jcmlhLW1hcGEtaW50ZXJhdGl2by1kZS1ibG9xdWVpb3MtZW0tcm9kb3ZpYXPSAQA?hl=pt-BR&gl=BR&ceid=BR%3Apt-419
CNU adiado: como manter o foco e controlar o emocional até as provas,Metrópoles,6 dias atrás,https://news.google.com/articles/CBMiZWh0dHBzOi8vd3d3Lm1ldHJvcG9sZXMuY29tL2JyYXNpbC9jbnUtYWRpYWRvLWNvbW8tbWFudGVyLW8tZm9jby1lLWNvbnRyb2xhci1vLWVtb2Npb25hbC1hdGUtYXMtcHJvdmFz0gEA?hl=pt-BR&gl=BR&ceid=BR%3Apt-419
