query,csv
"site:globo.com ""enchente""",globoenchente2024.csv
"site:noticias.uol.com.br ""enchente""",uolenchente2024.csv
site:terra.com.br enchente,terraenchente2024.csv
site:metropoles.com enchente ,metropolesenchente2024.csv
site:globo.com onda de calor ,globoheatwave2024.csv
site:noticias.uol.com.br onda de calor ,uolheatwave2024.csv
site:terra.com.br onda de calor ,terraheatwave2024.csv
site:metropoles.com onda de calor,metropolesheatwave2024.csv
site:globo.com ciclone ,globociclone2024.csv
site:noticias.uol.com.br ciclone ,uolciclone2024.csv
site:terra.com.br ciclone ,terraciclone2024.csv
site:metropoles.com ciclone ,metropolesciclone2024.csv
site:globo.com tempestade ,globotempestade2024.csv
site:noticias.uol.com.br tempestade ,uoltempestade2024.csv
site:terra.com.br tempestade ,terratempestade2024.csv
site:metropoles.com tempestade ,metropolestempestade2024.csv
site:globo.com chuvas ,globochuvas2024.csv
site:noticias.uol.com.br chuvas ,uolchuvas2024.csv
site:terra.com.br chuvas ,terrachuvas2024.csv
site:metropoles.com chuvas ,metropoleschuvas2024.csv
site:globo.com seca ,globoseca2024.csv
site:noticias.uol.com.br seca ,uolseca2024.csv
site:terra.com.br seca ,terraseca2024.csv
site:metropoles.com seca ,metropolesseca2024.csv
site:globo.com mudanças climátcas ,globochange2024.csv
site:noticias.uol.com.br mudanças climátcas ,uolchange2024.csv
site:terra.com.br mudanças climátcas ,terrachange2024.csv
site:metropoles.com mudanças climátcas,metropoleschange2024.csv
site:globo.com extremos climáticos ,globoextreme2024.csv
site:noticias.uol.com.br extremos climáticos ,uolextreme2024.csv
site:terra.com.br extremos climáticos ,terraextreme2024.csv
site:metropoles.com extremos climáticos ,metropolesextreme2024.csv